The system is: Linux - 4.18.0-305.19.1.el8_4.x86_64 - x86_64
Compiling the Fortran compiler identification source file "CMakeFortranCompilerId.F" succeeded.
Compiler: /apps/ault/spack/opt/spack/linux-centos8-zen/gcc-8.4.1/gcc-10.2.0-fqf4ze2mfclmx6e7ehrjckznpoqnevmi/bin/gfortran 
Build flags: -DDACE_SUBST_ENABLE;-g;-I/scratch/wbenjami/dafy/sdfg_gpu/spack/opt/spack/linux-centos8-zen2/gcc-10.2.0/netcdf-fortran-4.6.0-p7jdeag2groulzasdfqnokx2qiris3zh/include;-I/scratch/wbenjami/dafy/sdfg_gpu/spack/opt/spack/linux-centos8-zen2/gcc-10.2.0/netcdf-c-4.9.2-zynxjqlltpkunevnlaltrm7kfqlwjgpu/include;;-O2;-std=legacy
Id flags: -v 

The output was:
0
Driving: /apps/ault/spack/opt/spack/linux-centos8-zen/gcc-8.4.1/gcc-10.2.0-fqf4ze2mfclmx6e7ehrjckznpoqnevmi/bin/gfortran -DDACE_SUBST_ENABLE -g -I/scratch/wbenjami/dafy/sdfg_gpu/spack/opt/spack/linux-centos8-zen2/gcc-10.2.0/netcdf-fortran-4.6.0-p7jdeag2groulzasdfqnokx2qiris3zh/include -I/scratch/wbenjami/dafy/sdfg_gpu/spack/opt/spack/linux-centos8-zen2/gcc-10.2.0/netcdf-c-4.9.2-zynxjqlltpkunevnlaltrm7kfqlwjgpu/include -O2 -std=legacy -v CMakeFortranCompilerId.F -l gfortran -l m -shared-libgcc
Reading specs from /apps/ault/spack/opt/spack/linux-centos8-zen/gcc-8.4.1/gcc-10.2.0-fqf4ze2mfclmx6e7ehrjckznpoqnevmi/lib/gcc/x86_64-pc-linux-gnu/10.2.0/specs
COLLECT_GCC=/apps/ault/spack/opt/spack/linux-centos8-zen/gcc-8.4.1/gcc-10.2.0-fqf4ze2mfclmx6e7ehrjckznpoqnevmi/bin/gfortran
COLLECT_LTO_WRAPPER=/apps/ault/spack/opt/spack/linux-centos8-zen/gcc-8.4.1/gcc-10.2.0-fqf4ze2mfclmx6e7ehrjckznpoqnevmi/libexec/gcc/x86_64-pc-linux-gnu/10.2.0/lto-wrapper
Target: x86_64-pc-linux-gnu
Configured with: /tmp/kleinm/spack-stage/spack-stage-gcc-10.2.0-fqf4ze2mfclmx6e7ehrjckznpoqnevmi/spack-src/configure --prefix=/apps/ault/spack/opt/spack/linux-centos8-zen/gcc-8.4.1/gcc-10.2.0-fqf4ze2mfclmx6e7ehrjckznpoqnevmi --with-pkgversion='Spack GCC' --with-bugurl=https://github.com/spack/spack/issues --disable-multilib --enable-languages=c,c++,fortran --disable-nls --with-system-zlib --with-zstd-include=/apps/ault/spack/opt/spack/linux-centos8-zen/gcc-8.4.1/zstd-1.5.0-tdqxudxfvvdg24qqzcthxofjxtwgjv2y/include --with-zstd-lib=/apps/ault/spack/opt/spack/linux-centos8-zen/gcc-8.4.1/zstd-1.5.0-tdqxudxfvvdg24qqzcthxofjxtwgjv2y/lib64 --enable-bootstrap --with-mpfr-include=/apps/ault/spack/opt/spack/linux-centos8-zen/gcc-8.4.1/mpfr-4.1.0-ncrm3oi3zq4czkrhtsppakzbathaz7nm/include --with-mpfr-lib=/apps/ault/spack/opt/spack/linux-centos8-zen/gcc-8.4.1/mpfr-4.1.0-ncrm3oi3zq4czkrhtsppakzbathaz7nm/lib --with-gmp-include=/apps/ault/spack/opt/spack/linux-centos8-zen/gcc-8.4.1/gmp-6.2.1-a4uy3yg5ypry4p44urpwhs64ngc26vtd/include --with-gmp-lib=/apps/ault/spack/opt/spack/linux-centos8-zen/gcc-8.4.1/gmp-6.2.1-a4uy3yg5ypry4p44urpwhs64ngc26vtd/lib --with-mpc-include=/apps/ault/spack/opt/spack/linux-centos8-zen/gcc-8.4.1/mpc-1.1.0-6z3raodvxfd6flyau7y4xnubnkohnz5k/include --with-mpc-lib=/apps/ault/spack/opt/spack/linux-centos8-zen/gcc-8.4.1/mpc-1.1.0-6z3raodvxfd6flyau7y4xnubnkohnz5k/lib --without-isl --with-stage1-ldflags='-Wl,-rpath,/apps/ault/spack/opt/spack/linux-centos8-zen/gcc-8.4.1/gcc-10.2.0-fqf4ze2mfclmx6e7ehrjckznpoqnevmi/lib -Wl,-rpath,/apps/ault/spack/opt/spack/linux-centos8-zen/gcc-8.4.1/gcc-10.2.0-fqf4ze2mfclmx6e7ehrjckznpoqnevmi/lib64 -Wl,-rpath,/apps/ault/spack/opt/spack/linux-centos8-zen/gcc-8.4.1/gmp-6.2.1-a4uy3yg5ypry4p44urpwhs64ngc26vtd/lib -Wl,-rpath,/apps/ault/spack/opt/spack/linux-centos8-zen/gcc-8.4.1/mpfr-4.1.0-ncrm3oi3zq4czkrhtsppakzbathaz7nm/lib -Wl,-rpath,/apps/ault/spack/opt/spack/linux-centos8-zen/gcc-8.4.1/mpc-1.1.0-6z3raodvxfd6flyau7y4xnubnkohnz5k/lib -Wl,-rpath,/apps/ault/spack/opt/spack/linux-centos8-zen/gcc-8.4.1/zlib-1.2.11-dif34johfqcbxxhctkbvqxo4uwbhoz4c/lib -Wl,-rpath,/apps/ault/spack/opt/spack/linux-centos8-zen/gcc-8.4.1/zstd-1.5.0-tdqxudxfvvdg24qqzcthxofjxtwgjv2y/lib64' --with-boot-ldflags='-Wl,-rpath,/apps/ault/spack/opt/spack/linux-centos8-zen/gcc-8.4.1/gcc-10.2.0-fqf4ze2mfclmx6e7ehrjckznpoqnevmi/lib -Wl,-rpath,/apps/ault/spack/opt/spack/linux-centos8-zen/gcc-8.4.1/gcc-10.2.0-fqf4ze2mfclmx6e7ehrjckznpoqnevmi/lib64 -Wl,-rpath,/apps/ault/spack/opt/spack/linux-centos8-zen/gcc-8.4.1/gmp-6.2.1-a4uy3yg5ypry4p44urpwhs64ngc26vtd/lib -Wl,-rpath,/apps/ault/spack/opt/spack/linux-centos8-zen/gcc-8.4.1/mpfr-4.1.0-ncrm3oi3zq4czkrhtsppakzbathaz7nm/lib -Wl,-rpath,/apps/ault/spack/opt/spack/linux-centos8-zen/gcc-8.4.1/mpc-1.1.0-6z3raodvxfd6flyau7y4xnubnkohnz5k/lib -Wl,-rpath,/apps/ault/spack/opt/spack/linux-centos8-zen/gcc-8.4.1/zlib-1.2.11-dif34johfqcbxxhctkbvqxo4uwbhoz4c/lib -Wl,-rpath,/apps/ault/spack/opt/spack/linux-centos8-zen/gcc-8.4.1/zstd-1.5.0-tdqxudxfvvdg24qqzcthxofjxtwgjv2y/lib64 -static-libstdc++ -static-libgcc'
Thread model: posix
Supported LTO compression algorithms: zlib zstd
gcc version 10.2.0 (Spack GCC) 
COLLECT_GCC_OPTIONS='-D' 'DACE_SUBST_ENABLE' '-g' '-I' '/scratch/wbenjami/dafy/sdfg_gpu/spack/opt/spack/linux-centos8-zen2/gcc-10.2.0/netcdf-fortran-4.6.0-p7jdeag2groulzasdfqnokx2qiris3zh/include' '-I' '/scratch/wbenjami/dafy/sdfg_gpu/spack/opt/spack/linux-centos8-zen2/gcc-10.2.0/netcdf-c-4.9.2-zynxjqlltpkunevnlaltrm7kfqlwjgpu/include' '-O2' '-std=legacy' '-v' '-shared-libgcc' '-mtune=generic' '-march=x86-64'
 /apps/ault/spack/opt/spack/linux-centos8-zen/gcc-8.4.1/gcc-10.2.0-fqf4ze2mfclmx6e7ehrjckznpoqnevmi/libexec/gcc/x86_64-pc-linux-gnu/10.2.0/f951 CMakeFortranCompilerId.F -ffixed-form -cpp=/tmp/ccInmg1j.f90 -quiet -v -I /scratch/wbenjami/dafy/sdfg_gpu/spack/opt/spack/linux-centos8-zen2/gcc-10.2.0/netcdf-fortran-4.6.0-p7jdeag2groulzasdfqnokx2qiris3zh/include -I /scratch/wbenjami/dafy/sdfg_gpu/spack/opt/spack/linux-centos8-zen2/gcc-10.2.0/netcdf-c-4.9.2-zynxjqlltpkunevnlaltrm7kfqlwjgpu/include -D DACE_SUBST_ENABLE CMakeFortranCompilerId.F -quiet -dumpbase CMakeFortranCompilerId.F -mtune=generic -march=x86-64 -auxbase CMakeFortranCompilerId -g -O2 -std=legacy -version -fintrinsic-modules-path /apps/ault/spack/opt/spack/linux-centos8-zen/gcc-8.4.1/gcc-10.2.0-fqf4ze2mfclmx6e7ehrjckznpoqnevmi/lib/gcc/x86_64-pc-linux-gnu/10.2.0/finclude -fpre-include=/usr/include/finclude/math-vector-fortran.h -o /tmp/ccQKBRXj.s
GNU Fortran (Spack GCC) version 10.2.0 (x86_64-pc-linux-gnu)
	compiled by GNU C version 10.2.0, GMP version 6.2.1, MPFR version 4.1.0, MPC version 1.1.0, isl version none
GGC heuristics: --param ggc-min-expand=100 --param ggc-min-heapsize=131072
ignoring nonexistent directory "/apps/ault/spack/opt/spack/linux-centos8-zen/gcc-8.4.1/gcc-10.2.0-fqf4ze2mfclmx6e7ehrjckznpoqnevmi/lib/gcc/x86_64-pc-linux-gnu/10.2.0/../../../../x86_64-pc-linux-gnu/include"
#include "..." search starts here:
#include <...> search starts here:
 /scratch/wbenjami/dafy/sdfg_gpu/spack/opt/spack/linux-centos8-zen2/gcc-10.2.0/netcdf-fortran-4.6.0-p7jdeag2groulzasdfqnokx2qiris3zh/include
 /scratch/wbenjami/dafy/sdfg_gpu/spack/opt/spack/linux-centos8-zen2/gcc-10.2.0/netcdf-c-4.9.2-zynxjqlltpkunevnlaltrm7kfqlwjgpu/include
 /apps/ault/spack/opt/spack/linux-centos8-zen/gcc-8.4.1/gcc-10.2.0-fqf4ze2mfclmx6e7ehrjckznpoqnevmi/lib/gcc/x86_64-pc-linux-gnu/10.2.0/finclude
 /apps/ault/spack/opt/spack/linux-centos8-zen/gcc-8.4.1/gcc-10.2.0-fqf4ze2mfclmx6e7ehrjckznpoqnevmi/lib/gcc/x86_64-pc-linux-gnu/10.2.0/include
 /usr/local/include
 /apps/ault/spack/opt/spack/linux-centos8-zen/gcc-8.4.1/gcc-10.2.0-fqf4ze2mfclmx6e7ehrjckznpoqnevmi/include
 /apps/ault/spack/opt/spack/linux-centos8-zen/gcc-8.4.1/gcc-10.2.0-fqf4ze2mfclmx6e7ehrjckznpoqnevmi/lib/gcc/x86_64-pc-linux-gnu/10.2.0/include-fixed
 /usr/include
End of search list.
GNU Fortran2008 (Spack GCC) version 10.2.0 (x86_64-pc-linux-gnu)
	compiled by GNU C version 10.2.0, GMP version 6.2.1, MPFR version 4.1.0, MPC version 1.1.0, isl version none
GGC heuristics: --param ggc-min-expand=100 --param ggc-min-heapsize=131072
COLLECT_GCC_OPTIONS='-D' 'DACE_SUBST_ENABLE' '-g' '-I' '/scratch/wbenjami/dafy/sdfg_gpu/spack/opt/spack/linux-centos8-zen2/gcc-10.2.0/netcdf-fortran-4.6.0-p7jdeag2groulzasdfqnokx2qiris3zh/include' '-I' '/scratch/wbenjami/dafy/sdfg_gpu/spack/opt/spack/linux-centos8-zen2/gcc-10.2.0/netcdf-c-4.9.2-zynxjqlltpkunevnlaltrm7kfqlwjgpu/include' '-O2' '-std=legacy' '-v' '-shared-libgcc' '-mtune=generic' '-march=x86-64'
 as -v -I /scratch/wbenjami/dafy/sdfg_gpu/spack/opt/spack/linux-centos8-zen2/gcc-10.2.0/netcdf-fortran-4.6.0-p7jdeag2groulzasdfqnokx2qiris3zh/include -I /scratch/wbenjami/dafy/sdfg_gpu/spack/opt/spack/linux-centos8-zen2/gcc-10.2.0/netcdf-c-4.9.2-zynxjqlltpkunevnlaltrm7kfqlwjgpu/include --64 -o /tmp/cc7inZql.o /tmp/ccQKBRXj.s
GNU assembler version 2.30 (x86_64-redhat-linux) using BFD version version 2.30-93.el8
Reading specs from /apps/ault/spack/opt/spack/linux-centos8-zen/gcc-8.4.1/gcc-10.2.0-fqf4ze2mfclmx6e7ehrjckznpoqnevmi/lib/gcc/x86_64-pc-linux-gnu/10.2.0/../../../../lib64/libgfortran.spec
rename spec lib to liborig
COLLECT_GCC_OPTIONS='-D' 'DACE_SUBST_ENABLE' '-g' '-I' '/scratch/wbenjami/dafy/sdfg_gpu/spack/opt/spack/linux-centos8-zen2/gcc-10.2.0/netcdf-fortran-4.6.0-p7jdeag2groulzasdfqnokx2qiris3zh/include' '-I' '/scratch/wbenjami/dafy/sdfg_gpu/spack/opt/spack/linux-centos8-zen2/gcc-10.2.0/netcdf-c-4.9.2-zynxjqlltpkunevnlaltrm7kfqlwjgpu/include' '-O2' '-std=legacy' '-v' '-shared-libgcc' '-mtune=generic' '-march=x86-64'
COMPILER_PATH=/apps/ault/spack/opt/spack/linux-centos8-zen/gcc-8.4.1/gcc-10.2.0-fqf4ze2mfclmx6e7ehrjckznpoqnevmi/libexec/gcc/x86_64-pc-linux-gnu/10.2.0/:/apps/ault/spack/opt/spack/linux-centos8-zen/gcc-8.4.1/gcc-10.2.0-fqf4ze2mfclmx6e7ehrjckznpoqnevmi/libexec/gcc/x86_64-pc-linux-gnu/10.2.0/:/apps/ault/spack/opt/spack/linux-centos8-zen/gcc-8.4.1/gcc-10.2.0-fqf4ze2mfclmx6e7ehrjckznpoqnevmi/libexec/gcc/x86_64-pc-linux-gnu/:/apps/ault/spack/opt/spack/linux-centos8-zen/gcc-8.4.1/gcc-10.2.0-fqf4ze2mfclmx6e7ehrjckznpoqnevmi/lib/gcc/x86_64-pc-linux-gnu/10.2.0/:/apps/ault/spack/opt/spack/linux-centos8-zen/gcc-8.4.1/gcc-10.2.0-fqf4ze2mfclmx6e7ehrjckznpoqnevmi/lib/gcc/x86_64-pc-linux-gnu/
LIBRARY_PATH=/apps/ault/spack/opt/spack/linux-centos8-zen/gcc-8.4.1/gcc-10.2.0-fqf4ze2mfclmx6e7ehrjckznpoqnevmi/lib/gcc/x86_64-pc-linux-gnu/10.2.0/:/apps/ault/spack/opt/spack/linux-centos8-zen/gcc-8.4.1/gcc-10.2.0-fqf4ze2mfclmx6e7ehrjckznpoqnevmi/lib/gcc/x86_64-pc-linux-gnu/10.2.0/../../../../lib64/:/lib/../lib64/:/usr/lib/../lib64/:/scratch/wbenjami/dafy/sdfg_gpu/spack/opt/spack/linux-centos8-zen2/gcc-10.2.0/netcdf-fortran-4.6.0-p7jdeag2groulzasdfqnokx2qiris3zh/lib/:/scratch/wbenjami/dafy/sdfg_gpu/spack/opt/spack/linux-centos8-zen2/gcc-10.2.0/netcdf-c-4.9.2-zynxjqlltpkunevnlaltrm7kfqlwjgpu/lib/:/scratch/wbenjami/dafy/sdfg_gpu/spack/opt/spack/linux-centos8-zen2/gcc-10.2.0/openblas-0.3.23-ara3inpfwh3myjbgqpaiqye5qc2b6wnc/lib/:/apps/ault/spack/opt/spack/linux-centos8-zen/gcc-8.4.1/gcc-10.2.0-fqf4ze2mfclmx6e7ehrjckznpoqnevmi/lib/gcc/x86_64-pc-linux-gnu/10.2.0/../../../:/lib/:/usr/lib/
COLLECT_GCC_OPTIONS='-D' 'DACE_SUBST_ENABLE' '-g' '-I' '/scratch/wbenjami/dafy/sdfg_gpu/spack/opt/spack/linux-centos8-zen2/gcc-10.2.0/netcdf-fortran-4.6.0-p7jdeag2groulzasdfqnokx2qiris3zh/include' '-I' '/scratch/wbenjami/dafy/sdfg_gpu/spack/opt/spack/linux-centos8-zen2/gcc-10.2.0/netcdf-c-4.9.2-zynxjqlltpkunevnlaltrm7kfqlwjgpu/include' '-O2' '-std=legacy' '-v' '-shared-libgcc' '-mtune=generic' '-march=x86-64'
 /apps/ault/spack/opt/spack/linux-centos8-zen/gcc-8.4.1/gcc-10.2.0-fqf4ze2mfclmx6e7ehrjckznpoqnevmi/libexec/gcc/x86_64-pc-linux-gnu/10.2.0/collect2 -plugin /apps/ault/spack/opt/spack/linux-centos8-zen/gcc-8.4.1/gcc-10.2.0-fqf4ze2mfclmx6e7ehrjckznpoqnevmi/libexec/gcc/x86_64-pc-linux-gnu/10.2.0/liblto_plugin.so -plugin-opt=/apps/ault/spack/opt/spack/linux-centos8-zen/gcc-8.4.1/gcc-10.2.0-fqf4ze2mfclmx6e7ehrjckznpoqnevmi/libexec/gcc/x86_64-pc-linux-gnu/10.2.0/lto-wrapper -plugin-opt=-fresolution=/tmp/ccgMmYUn.res -plugin-opt=-pass-through=-lgcc_s -plugin-opt=-pass-through=-lgcc -plugin-opt=-pass-through=-lquadmath -plugin-opt=-pass-through=-lm -plugin-opt=-pass-through=-lgcc_s -plugin-opt=-pass-through=-lgcc -plugin-opt=-pass-through=-lc -plugin-opt=-pass-through=-lgcc_s -plugin-opt=-pass-through=-lgcc -rpath /apps/ault/spack/opt/spack/linux-centos8-zen/gcc-8.4.1/gcc-10.2.0-fqf4ze2mfclmx6e7ehrjckznpoqnevmi/lib:/apps/ault/spack/opt/spack/linux-centos8-zen/gcc-8.4.1/gcc-10.2.0-fqf4ze2mfclmx6e7ehrjckznpoqnevmi/lib64 --eh-frame-hdr -m elf_x86_64 -dynamic-linker /lib64/ld-linux-x86-64.so.2 /lib/../lib64/crt1.o /lib/../lib64/crti.o /apps/ault/spack/opt/spack/linux-centos8-zen/gcc-8.4.1/gcc-10.2.0-fqf4ze2mfclmx6e7ehrjckznpoqnevmi/lib/gcc/x86_64-pc-linux-gnu/10.2.0/crtbegin.o -L/apps/ault/spack/opt/spack/linux-centos8-zen/gcc-8.4.1/gcc-10.2.0-fqf4ze2mfclmx6e7ehrjckznpoqnevmi/lib/gcc/x86_64-pc-linux-gnu/10.2.0 -L/apps/ault/spack/opt/spack/linux-centos8-zen/gcc-8.4.1/gcc-10.2.0-fqf4ze2mfclmx6e7ehrjckznpoqnevmi/lib/gcc/x86_64-pc-linux-gnu/10.2.0/../../../../lib64 -L/lib/../lib64 -L/usr/lib/../lib64 -L/scratch/wbenjami/dafy/sdfg_gpu/spack/opt/spack/linux-centos8-zen2/gcc-10.2.0/netcdf-fortran-4.6.0-p7jdeag2groulzasdfqnokx2qiris3zh/lib -L/scratch/wbenjami/dafy/sdfg_gpu/spack/opt/spack/linux-centos8-zen2/gcc-10.2.0/netcdf-c-4.9.2-zynxjqlltpkunevnlaltrm7kfqlwjgpu/lib -L/scratch/wbenjami/dafy/sdfg_gpu/spack/opt/spack/linux-centos8-zen2/gcc-10.2.0/openblas-0.3.23-ara3inpfwh3myjbgqpaiqye5qc2b6wnc/lib -L/apps/ault/spack/opt/spack/linux-centos8-zen/gcc-8.4.1/gcc-10.2.0-fqf4ze2mfclmx6e7ehrjckznpoqnevmi/lib/gcc/x86_64-pc-linux-gnu/10.2.0/../../.. /tmp/cc7inZql.o -lgfortran -lm -lgcc_s -lgcc -lquadmath -lm -lgcc_s -lgcc -lc -lgcc_s -lgcc /apps/ault/spack/opt/spack/linux-centos8-zen/gcc-8.4.1/gcc-10.2.0-fqf4ze2mfclmx6e7ehrjckznpoqnevmi/lib/gcc/x86_64-pc-linux-gnu/10.2.0/crtend.o /lib/../lib64/crtn.o
COLLECT_GCC_OPTIONS='-D' 'DACE_SUBST_ENABLE' '-g' '-I' '/scratch/wbenjami/dafy/sdfg_gpu/spack/opt/spack/linux-centos8-zen2/gcc-10.2.0/netcdf-fortran-4.6.0-p7jdeag2groulzasdfqnokx2qiris3zh/include' '-I' '/scratch/wbenjami/dafy/sdfg_gpu/spack/opt/spack/linux-centos8-zen2/gcc-10.2.0/netcdf-c-4.9.2-zynxjqlltpkunevnlaltrm7kfqlwjgpu/include' '-O2' '-std=legacy' '-v' '-shared-libgcc' '-mtune=generic' '-march=x86-64'


Compilation of the Fortran compiler identification source "CMakeFortranCompilerId.F" produced "a.out"

The Fortran compiler identification is GNU, found in "/scratch/pmazumde/paper-icon-dace/icon-dace/build/externals/fortran-support/build/CMakeFiles/3.21.3/CompilerIdFortran/a.out"

Compiling the C compiler identification source file "CMakeCCompilerId.c" succeeded.
Compiler: /apps/ault/spack/opt/spack/linux-centos8-zen/gcc-8.4.1/gcc-10.2.0-fqf4ze2mfclmx6e7ehrjckznpoqnevmi/bin/gcc 
Build flags: -g;-O2
Id flags:  

The output was:
0


Compilation of the C compiler identification source "CMakeCCompilerId.c" produced "a.out"

The C compiler identification is GNU, found in "/scratch/pmazumde/paper-icon-dace/icon-dace/build/externals/fortran-support/build/CMakeFiles/3.21.3/CompilerIdC/a.out"

Detecting Fortran compiler ABI info compiled with the following output:
Change Dir: /scratch/pmazumde/paper-icon-dace/icon-dace/build/externals/fortran-support/build/CMakeFiles/CMakeTmp

Run Build Command(s):/usr/bin/gmake -f Makefile cmTC_0dac7/fast && gmake[2]: Entering directory '/scratch/pmazumde/paper-icon-dace/icon-dace/build/externals/fortran-support/build/CMakeFiles/CMakeTmp'
/usr/bin/gmake  -f CMakeFiles/cmTC_0dac7.dir/build.make CMakeFiles/cmTC_0dac7.dir/build
gmake[3]: Entering directory '/scratch/pmazumde/paper-icon-dace/icon-dace/build/externals/fortran-support/build/CMakeFiles/CMakeTmp'
Building Fortran object CMakeFiles/cmTC_0dac7.dir/CMakeFortranCompilerABI.F.o
/apps/ault/spack/opt/spack/linux-centos8-zen/gcc-8.4.1/gcc-10.2.0-fqf4ze2mfclmx6e7ehrjckznpoqnevmi/bin/gfortran   -DDACE_SUBST_ENABLE -g -I/scratch/wbenjami/dafy/sdfg_gpu/spack/opt/spack/linux-centos8-zen2/gcc-10.2.0/netcdf-fortran-4.6.0-p7jdeag2groulzasdfqnokx2qiris3zh/include -I/scratch/wbenjami/dafy/sdfg_gpu/spack/opt/spack/linux-centos8-zen2/gcc-10.2.0/netcdf-c-4.9.2-zynxjqlltpkunevnlaltrm7kfqlwjgpu/include  -O2 -std=legacy    -v -c /apps/ault/spack/opt/spack/linux-centos8-zen/gcc-8.4.1/cmake-3.21.3-zt24jfeuemvwweacziyho6ccdsdn2w4s/share/cmake-3.21/Modules/CMakeFortranCompilerABI.F -o CMakeFiles/cmTC_0dac7.dir/CMakeFortranCompilerABI.F.o
Reading specs from /apps/ault/spack/opt/spack/linux-centos8-zen/gcc-8.4.1/gcc-10.2.0-fqf4ze2mfclmx6e7ehrjckznpoqnevmi/lib/gcc/x86_64-pc-linux-gnu/10.2.0/specs
COLLECT_GCC=/apps/ault/spack/opt/spack/linux-centos8-zen/gcc-8.4.1/gcc-10.2.0-fqf4ze2mfclmx6e7ehrjckznpoqnevmi/bin/gfortran
Target: x86_64-pc-linux-gnu
Configured with: /tmp/kleinm/spack-stage/spack-stage-gcc-10.2.0-fqf4ze2mfclmx6e7ehrjckznpoqnevmi/spack-src/configure --prefix=/apps/ault/spack/opt/spack/linux-centos8-zen/gcc-8.4.1/gcc-10.2.0-fqf4ze2mfclmx6e7ehrjckznpoqnevmi --with-pkgversion='Spack GCC' --with-bugurl=https://github.com/spack/spack/issues --disable-multilib --enable-languages=c,c++,fortran --disable-nls --with-system-zlib --with-zstd-include=/apps/ault/spack/opt/spack/linux-centos8-zen/gcc-8.4.1/zstd-1.5.0-tdqxudxfvvdg24qqzcthxofjxtwgjv2y/include --with-zstd-lib=/apps/ault/spack/opt/spack/linux-centos8-zen/gcc-8.4.1/zstd-1.5.0-tdqxudxfvvdg24qqzcthxofjxtwgjv2y/lib64 --enable-bootstrap --with-mpfr-include=/apps/ault/spack/opt/spack/linux-centos8-zen/gcc-8.4.1/mpfr-4.1.0-ncrm3oi3zq4czkrhtsppakzbathaz7nm/include --with-mpfr-lib=/apps/ault/spack/opt/spack/linux-centos8-zen/gcc-8.4.1/mpfr-4.1.0-ncrm3oi3zq4czkrhtsppakzbathaz7nm/lib --with-gmp-include=/apps/ault/spack/opt/spack/linux-centos8-zen/gcc-8.4.1/gmp-6.2.1-a4uy3yg5ypry4p44urpwhs64ngc26vtd/include --with-gmp-lib=/apps/ault/spack/opt/spack/linux-centos8-zen/gcc-8.4.1/gmp-6.2.1-a4uy3yg5ypry4p44urpwhs64ngc26vtd/lib --with-mpc-include=/apps/ault/spack/opt/spack/linux-centos8-zen/gcc-8.4.1/mpc-1.1.0-6z3raodvxfd6flyau7y4xnubnkohnz5k/include --with-mpc-lib=/apps/ault/spack/opt/spack/linux-centos8-zen/gcc-8.4.1/mpc-1.1.0-6z3raodvxfd6flyau7y4xnubnkohnz5k/lib --without-isl --with-stage1-ldflags='-Wl,-rpath,/apps/ault/spack/opt/spack/linux-centos8-zen/gcc-8.4.1/gcc-10.2.0-fqf4ze2mfclmx6e7ehrjckznpoqnevmi/lib -Wl,-rpath,/apps/ault/spack/opt/spack/linux-centos8-zen/gcc-8.4.1/gcc-10.2.0-fqf4ze2mfclmx6e7ehrjckznpoqnevmi/lib64 -Wl,-rpath,/apps/ault/spack/opt/spack/linux-centos8-zen/gcc-8.4.1/gmp-6.2.1-a4uy3yg5ypry4p44urpwhs64ngc26vtd/lib -Wl,-rpath,/apps/ault/spack/opt/spack/linux-centos8-zen/gcc-8.4.1/mpfr-4.1.0-ncrm3oi3zq4czkrhtsppakzbathaz7nm/lib -Wl,-rpath,/apps/ault/spack/opt/spack/linux-centos8-zen/gcc-8.4.1/mpc-1.1.0-6z3raodvxfd6flyau7y4xnubnkohnz5k/lib -Wl,-rpath,/apps/ault/spack/opt/spack/linux-centos8-zen/gcc-8.4.1/zlib-1.2.11-dif34johfqcbxxhctkbvqxo4uwbhoz4c/lib -Wl,-rpath,/apps/ault/spack/opt/spack/linux-centos8-zen/gcc-8.4.1/zstd-1.5.0-tdqxudxfvvdg24qqzcthxofjxtwgjv2y/lib64' --with-boot-ldflags='-Wl,-rpath,/apps/ault/spack/opt/spack/linux-centos8-zen/gcc-8.4.1/gcc-10.2.0-fqf4ze2mfclmx6e7ehrjckznpoqnevmi/lib -Wl,-rpath,/apps/ault/spack/opt/spack/linux-centos8-zen/gcc-8.4.1/gcc-10.2.0-fqf4ze2mfclmx6e7ehrjckznpoqnevmi/lib64 -Wl,-rpath,/apps/ault/spack/opt/spack/linux-centos8-zen/gcc-8.4.1/gmp-6.2.1-a4uy3yg5ypry4p44urpwhs64ngc26vtd/lib -Wl,-rpath,/apps/ault/spack/opt/spack/linux-centos8-zen/gcc-8.4.1/mpfr-4.1.0-ncrm3oi3zq4czkrhtsppakzbathaz7nm/lib -Wl,-rpath,/apps/ault/spack/opt/spack/linux-centos8-zen/gcc-8.4.1/mpc-1.1.0-6z3raodvxfd6flyau7y4xnubnkohnz5k/lib -Wl,-rpath,/apps/ault/spack/opt/spack/linux-centos8-zen/gcc-8.4.1/zlib-1.2.11-dif34johfqcbxxhctkbvqxo4uwbhoz4c/lib -Wl,-rpath,/apps/ault/spack/opt/spack/linux-centos8-zen/gcc-8.4.1/zstd-1.5.0-tdqxudxfvvdg24qqzcthxofjxtwgjv2y/lib64 -static-libstdc++ -static-libgcc'
Thread model: posix
Supported LTO compression algorithms: zlib zstd
gcc version 10.2.0 (Spack GCC) 
COLLECT_GCC_OPTIONS='-D' 'DACE_SUBST_ENABLE' '-g' '-I' '/scratch/wbenjami/dafy/sdfg_gpu/spack/opt/spack/linux-centos8-zen2/gcc-10.2.0/netcdf-fortran-4.6.0-p7jdeag2groulzasdfqnokx2qiris3zh/include' '-I' '/scratch/wbenjami/dafy/sdfg_gpu/spack/opt/spack/linux-centos8-zen2/gcc-10.2.0/netcdf-c-4.9.2-zynxjqlltpkunevnlaltrm7kfqlwjgpu/include' '-O2' '-std=legacy' '-v' '-c' '-o' 'CMakeFiles/cmTC_0dac7.dir/CMakeFortranCompilerABI.F.o' '-mtune=generic' '-march=x86-64'
 /apps/ault/spack/opt/spack/linux-centos8-zen/gcc-8.4.1/gcc-10.2.0-fqf4ze2mfclmx6e7ehrjckznpoqnevmi/libexec/gcc/x86_64-pc-linux-gnu/10.2.0/f951 /apps/ault/spack/opt/spack/linux-centos8-zen/gcc-8.4.1/cmake-3.21.3-zt24jfeuemvwweacziyho6ccdsdn2w4s/share/cmake-3.21/Modules/CMakeFortranCompilerABI.F -ffixed-form -cpp=/tmp/ccBWL8I4.f90 -quiet -v -I /scratch/wbenjami/dafy/sdfg_gpu/spack/opt/spack/linux-centos8-zen2/gcc-10.2.0/netcdf-fortran-4.6.0-p7jdeag2groulzasdfqnokx2qiris3zh/include -I /scratch/wbenjami/dafy/sdfg_gpu/spack/opt/spack/linux-centos8-zen2/gcc-10.2.0/netcdf-c-4.9.2-zynxjqlltpkunevnlaltrm7kfqlwjgpu/include -D DACE_SUBST_ENABLE /apps/ault/spack/opt/spack/linux-centos8-zen/gcc-8.4.1/cmake-3.21.3-zt24jfeuemvwweacziyho6ccdsdn2w4s/share/cmake-3.21/Modules/CMakeFortranCompilerABI.F -quiet -dumpbase CMakeFortranCompilerABI.F -mtune=generic -march=x86-64 -auxbase-strip CMakeFiles/cmTC_0dac7.dir/CMakeFortranCompilerABI.F.o -g -O2 -std=legacy -version -fintrinsic-modules-path /apps/ault/spack/opt/spack/linux-centos8-zen/gcc-8.4.1/gcc-10.2.0-fqf4ze2mfclmx6e7ehrjckznpoqnevmi/lib/gcc/x86_64-pc-linux-gnu/10.2.0/finclude -fpre-include=/usr/include/finclude/math-vector-fortran.h -o /tmp/cceo1X18.s
GNU Fortran (Spack GCC) version 10.2.0 (x86_64-pc-linux-gnu)
	compiled by GNU C version 10.2.0, GMP version 6.2.1, MPFR version 4.1.0, MPC version 1.1.0, isl version none
GGC heuristics: --param ggc-min-expand=100 --param ggc-min-heapsize=131072
ignoring nonexistent directory "/apps/ault/spack/opt/spack/linux-centos8-zen/gcc-8.4.1/gcc-10.2.0-fqf4ze2mfclmx6e7ehrjckznpoqnevmi/lib/gcc/x86_64-pc-linux-gnu/10.2.0/../../../../x86_64-pc-linux-gnu/include"
#include "..." search starts here:
#include <...> search starts here:
 /scratch/wbenjami/dafy/sdfg_gpu/spack/opt/spack/linux-centos8-zen2/gcc-10.2.0/netcdf-fortran-4.6.0-p7jdeag2groulzasdfqnokx2qiris3zh/include
 /scratch/wbenjami/dafy/sdfg_gpu/spack/opt/spack/linux-centos8-zen2/gcc-10.2.0/netcdf-c-4.9.2-zynxjqlltpkunevnlaltrm7kfqlwjgpu/include
 /apps/ault/spack/opt/spack/linux-centos8-zen/gcc-8.4.1/gcc-10.2.0-fqf4ze2mfclmx6e7ehrjckznpoqnevmi/lib/gcc/x86_64-pc-linux-gnu/10.2.0/finclude
 /apps/ault/spack/opt/spack/linux-centos8-zen/gcc-8.4.1/gcc-10.2.0-fqf4ze2mfclmx6e7ehrjckznpoqnevmi/lib/gcc/x86_64-pc-linux-gnu/10.2.0/include
 /usr/local/include
 /apps/ault/spack/opt/spack/linux-centos8-zen/gcc-8.4.1/gcc-10.2.0-fqf4ze2mfclmx6e7ehrjckznpoqnevmi/include
 /apps/ault/spack/opt/spack/linux-centos8-zen/gcc-8.4.1/gcc-10.2.0-fqf4ze2mfclmx6e7ehrjckznpoqnevmi/lib/gcc/x86_64-pc-linux-gnu/10.2.0/include-fixed
 /usr/include
End of search list.
GNU Fortran2008 (Spack GCC) version 10.2.0 (x86_64-pc-linux-gnu)
	compiled by GNU C version 10.2.0, GMP version 6.2.1, MPFR version 4.1.0, MPC version 1.1.0, isl version none
GGC heuristics: --param ggc-min-expand=100 --param ggc-min-heapsize=131072
COLLECT_GCC_OPTIONS='-D' 'DACE_SUBST_ENABLE' '-g' '-I' '/scratch/wbenjami/dafy/sdfg_gpu/spack/opt/spack/linux-centos8-zen2/gcc-10.2.0/netcdf-fortran-4.6.0-p7jdeag2groulzasdfqnokx2qiris3zh/include' '-I' '/scratch/wbenjami/dafy/sdfg_gpu/spack/opt/spack/linux-centos8-zen2/gcc-10.2.0/netcdf-c-4.9.2-zynxjqlltpkunevnlaltrm7kfqlwjgpu/include' '-O2' '-std=legacy' '-v' '-c' '-o' 'CMakeFiles/cmTC_0dac7.dir/CMakeFortranCompilerABI.F.o' '-mtune=generic' '-march=x86-64'
 as -v -I /scratch/wbenjami/dafy/sdfg_gpu/spack/opt/spack/linux-centos8-zen2/gcc-10.2.0/netcdf-fortran-4.6.0-p7jdeag2groulzasdfqnokx2qiris3zh/include -I /scratch/wbenjami/dafy/sdfg_gpu/spack/opt/spack/linux-centos8-zen2/gcc-10.2.0/netcdf-c-4.9.2-zynxjqlltpkunevnlaltrm7kfqlwjgpu/include --64 -o CMakeFiles/cmTC_0dac7.dir/CMakeFortranCompilerABI.F.o /tmp/cceo1X18.s
GNU assembler version 2.30 (x86_64-redhat-linux) using BFD version version 2.30-93.el8
COMPILER_PATH=/apps/ault/spack/opt/spack/linux-centos8-zen/gcc-8.4.1/gcc-10.2.0-fqf4ze2mfclmx6e7ehrjckznpoqnevmi/libexec/gcc/x86_64-pc-linux-gnu/10.2.0/:/apps/ault/spack/opt/spack/linux-centos8-zen/gcc-8.4.1/gcc-10.2.0-fqf4ze2mfclmx6e7ehrjckznpoqnevmi/libexec/gcc/x86_64-pc-linux-gnu/10.2.0/:/apps/ault/spack/opt/spack/linux-centos8-zen/gcc-8.4.1/gcc-10.2.0-fqf4ze2mfclmx6e7ehrjckznpoqnevmi/libexec/gcc/x86_64-pc-linux-gnu/:/apps/ault/spack/opt/spack/linux-centos8-zen/gcc-8.4.1/gcc-10.2.0-fqf4ze2mfclmx6e7ehrjckznpoqnevmi/lib/gcc/x86_64-pc-linux-gnu/10.2.0/:/apps/ault/spack/opt/spack/linux-centos8-zen/gcc-8.4.1/gcc-10.2.0-fqf4ze2mfclmx6e7ehrjckznpoqnevmi/lib/gcc/x86_64-pc-linux-gnu/
LIBRARY_PATH=/apps/ault/spack/opt/spack/linux-centos8-zen/gcc-8.4.1/gcc-10.2.0-fqf4ze2mfclmx6e7ehrjckznpoqnevmi/lib/gcc/x86_64-pc-linux-gnu/10.2.0/:/apps/ault/spack/opt/spack/linux-centos8-zen/gcc-8.4.1/gcc-10.2.0-fqf4ze2mfclmx6e7ehrjckznpoqnevmi/lib/gcc/x86_64-pc-linux-gnu/10.2.0/../../../../lib64/:/lib/../lib64/:/usr/lib/../lib64/:/scratch/wbenjami/dafy/sdfg_gpu/spack/opt/spack/linux-centos8-zen2/gcc-10.2.0/netcdf-fortran-4.6.0-p7jdeag2groulzasdfqnokx2qiris3zh/lib/:/scratch/wbenjami/dafy/sdfg_gpu/spack/opt/spack/linux-centos8-zen2/gcc-10.2.0/netcdf-c-4.9.2-zynxjqlltpkunevnlaltrm7kfqlwjgpu/lib/:/scratch/wbenjami/dafy/sdfg_gpu/spack/opt/spack/linux-centos8-zen2/gcc-10.2.0/openblas-0.3.23-ara3inpfwh3myjbgqpaiqye5qc2b6wnc/lib/:/apps/ault/spack/opt/spack/linux-centos8-zen/gcc-8.4.1/gcc-10.2.0-fqf4ze2mfclmx6e7ehrjckznpoqnevmi/lib/gcc/x86_64-pc-linux-gnu/10.2.0/../../../:/lib/:/usr/lib/
COLLECT_GCC_OPTIONS='-D' 'DACE_SUBST_ENABLE' '-g' '-I' '/scratch/wbenjami/dafy/sdfg_gpu/spack/opt/spack/linux-centos8-zen2/gcc-10.2.0/netcdf-fortran-4.6.0-p7jdeag2groulzasdfqnokx2qiris3zh/include' '-I' '/scratch/wbenjami/dafy/sdfg_gpu/spack/opt/spack/linux-centos8-zen2/gcc-10.2.0/netcdf-c-4.9.2-zynxjqlltpkunevnlaltrm7kfqlwjgpu/include' '-O2' '-std=legacy' '-v' '-c' '-o' 'CMakeFiles/cmTC_0dac7.dir/CMakeFortranCompilerABI.F.o' '-mtune=generic' '-march=x86-64'
Linking Fortran executable cmTC_0dac7
/apps/ault/spack/opt/spack/linux-centos8-zen/gcc-8.4.1/cmake-3.21.3-zt24jfeuemvwweacziyho6ccdsdn2w4s/bin/cmake -E cmake_link_script CMakeFiles/cmTC_0dac7.dir/link.txt --verbose=1
/apps/ault/spack/opt/spack/linux-centos8-zen/gcc-8.4.1/gcc-10.2.0-fqf4ze2mfclmx6e7ehrjckznpoqnevmi/bin/gfortran -L/scratch/pmazumde/gitspace/icon-artifacts/velocity/integrate_meh -v -DDACE_SUBST_ENABLE -g -I/scratch/wbenjami/dafy/sdfg_gpu/spack/opt/spack/linux-centos8-zen2/gcc-10.2.0/netcdf-fortran-4.6.0-p7jdeag2groulzasdfqnokx2qiris3zh/include -I/scratch/wbenjami/dafy/sdfg_gpu/spack/opt/spack/linux-centos8-zen2/gcc-10.2.0/netcdf-c-4.9.2-zynxjqlltpkunevnlaltrm7kfqlwjgpu/include  -O2 -std=legacy  CMakeFiles/cmTC_0dac7.dir/CMakeFortranCompilerABI.F.o -o cmTC_0dac7 
Driving: /apps/ault/spack/opt/spack/linux-centos8-zen/gcc-8.4.1/gcc-10.2.0-fqf4ze2mfclmx6e7ehrjckznpoqnevmi/bin/gfortran -L/scratch/pmazumde/gitspace/icon-artifacts/velocity/integrate_meh -v -DDACE_SUBST_ENABLE -g -I/scratch/wbenjami/dafy/sdfg_gpu/spack/opt/spack/linux-centos8-zen2/gcc-10.2.0/netcdf-fortran-4.6.0-p7jdeag2groulzasdfqnokx2qiris3zh/include -I/scratch/wbenjami/dafy/sdfg_gpu/spack/opt/spack/linux-centos8-zen2/gcc-10.2.0/netcdf-c-4.9.2-zynxjqlltpkunevnlaltrm7kfqlwjgpu/include -O2 -std=legacy CMakeFiles/cmTC_0dac7.dir/CMakeFortranCompilerABI.F.o -o cmTC_0dac7 -l gfortran -l m -shared-libgcc
Reading specs from /apps/ault/spack/opt/spack/linux-centos8-zen/gcc-8.4.1/gcc-10.2.0-fqf4ze2mfclmx6e7ehrjckznpoqnevmi/lib/gcc/x86_64-pc-linux-gnu/10.2.0/specs
COLLECT_GCC=/apps/ault/spack/opt/spack/linux-centos8-zen/gcc-8.4.1/gcc-10.2.0-fqf4ze2mfclmx6e7ehrjckznpoqnevmi/bin/gfortran
COLLECT_LTO_WRAPPER=/apps/ault/spack/opt/spack/linux-centos8-zen/gcc-8.4.1/gcc-10.2.0-fqf4ze2mfclmx6e7ehrjckznpoqnevmi/libexec/gcc/x86_64-pc-linux-gnu/10.2.0/lto-wrapper
Target: x86_64-pc-linux-gnu
Configured with: /tmp/kleinm/spack-stage/spack-stage-gcc-10.2.0-fqf4ze2mfclmx6e7ehrjckznpoqnevmi/spack-src/configure --prefix=/apps/ault/spack/opt/spack/linux-centos8-zen/gcc-8.4.1/gcc-10.2.0-fqf4ze2mfclmx6e7ehrjckznpoqnevmi --with-pkgversion='Spack GCC' --with-bugurl=https://github.com/spack/spack/issues --disable-multilib --enable-languages=c,c++,fortran --disable-nls --with-system-zlib --with-zstd-include=/apps/ault/spack/opt/spack/linux-centos8-zen/gcc-8.4.1/zstd-1.5.0-tdqxudxfvvdg24qqzcthxofjxtwgjv2y/include --with-zstd-lib=/apps/ault/spack/opt/spack/linux-centos8-zen/gcc-8.4.1/zstd-1.5.0-tdqxudxfvvdg24qqzcthxofjxtwgjv2y/lib64 --enable-bootstrap --with-mpfr-include=/apps/ault/spack/opt/spack/linux-centos8-zen/gcc-8.4.1/mpfr-4.1.0-ncrm3oi3zq4czkrhtsppakzbathaz7nm/include --with-mpfr-lib=/apps/ault/spack/opt/spack/linux-centos8-zen/gcc-8.4.1/mpfr-4.1.0-ncrm3oi3zq4czkrhtsppakzbathaz7nm/lib --with-gmp-include=/apps/ault/spack/opt/spack/linux-centos8-zen/gcc-8.4.1/gmp-6.2.1-a4uy3yg5ypry4p44urpwhs64ngc26vtd/include --with-gmp-lib=/apps/ault/spack/opt/spack/linux-centos8-zen/gcc-8.4.1/gmp-6.2.1-a4uy3yg5ypry4p44urpwhs64ngc26vtd/lib --with-mpc-include=/apps/ault/spack/opt/spack/linux-centos8-zen/gcc-8.4.1/mpc-1.1.0-6z3raodvxfd6flyau7y4xnubnkohnz5k/include --with-mpc-lib=/apps/ault/spack/opt/spack/linux-centos8-zen/gcc-8.4.1/mpc-1.1.0-6z3raodvxfd6flyau7y4xnubnkohnz5k/lib --without-isl --with-stage1-ldflags='-Wl,-rpath,/apps/ault/spack/opt/spack/linux-centos8-zen/gcc-8.4.1/gcc-10.2.0-fqf4ze2mfclmx6e7ehrjckznpoqnevmi/lib -Wl,-rpath,/apps/ault/spack/opt/spack/linux-centos8-zen/gcc-8.4.1/gcc-10.2.0-fqf4ze2mfclmx6e7ehrjckznpoqnevmi/lib64 -Wl,-rpath,/apps/ault/spack/opt/spack/linux-centos8-zen/gcc-8.4.1/gmp-6.2.1-a4uy3yg5ypry4p44urpwhs64ngc26vtd/lib -Wl,-rpath,/apps/ault/spack/opt/spack/linux-centos8-zen/gcc-8.4.1/mpfr-4.1.0-ncrm3oi3zq4czkrhtsppakzbathaz7nm/lib -Wl,-rpath,/apps/ault/spack/opt/spack/linux-centos8-zen/gcc-8.4.1/mpc-1.1.0-6z3raodvxfd6flyau7y4xnubnkohnz5k/lib -Wl,-rpath,/apps/ault/spack/opt/spack/linux-centos8-zen/gcc-8.4.1/zlib-1.2.11-dif34johfqcbxxhctkbvqxo4uwbhoz4c/lib -Wl,-rpath,/apps/ault/spack/opt/spack/linux-centos8-zen/gcc-8.4.1/zstd-1.5.0-tdqxudxfvvdg24qqzcthxofjxtwgjv2y/lib64' --with-boot-ldflags='-Wl,-rpath,/apps/ault/spack/opt/spack/linux-centos8-zen/gcc-8.4.1/gcc-10.2.0-fqf4ze2mfclmx6e7ehrjckznpoqnevmi/lib -Wl,-rpath,/apps/ault/spack/opt/spack/linux-centos8-zen/gcc-8.4.1/gcc-10.2.0-fqf4ze2mfclmx6e7ehrjckznpoqnevmi/lib64 -Wl,-rpath,/apps/ault/spack/opt/spack/linux-centos8-zen/gcc-8.4.1/gmp-6.2.1-a4uy3yg5ypry4p44urpwhs64ngc26vtd/lib -Wl,-rpath,/apps/ault/spack/opt/spack/linux-centos8-zen/gcc-8.4.1/mpfr-4.1.0-ncrm3oi3zq4czkrhtsppakzbathaz7nm/lib -Wl,-rpath,/apps/ault/spack/opt/spack/linux-centos8-zen/gcc-8.4.1/mpc-1.1.0-6z3raodvxfd6flyau7y4xnubnkohnz5k/lib -Wl,-rpath,/apps/ault/spack/opt/spack/linux-centos8-zen/gcc-8.4.1/zlib-1.2.11-dif34johfqcbxxhctkbvqxo4uwbhoz4c/lib -Wl,-rpath,/apps/ault/spack/opt/spack/linux-centos8-zen/gcc-8.4.1/zstd-1.5.0-tdqxudxfvvdg24qqzcthxofjxtwgjv2y/lib64 -static-libstdc++ -static-libgcc'
Thread model: posix
Supported LTO compression algorithms: zlib zstd
gcc version 10.2.0 (Spack GCC) 
Reading specs from /apps/ault/spack/opt/spack/linux-centos8-zen/gcc-8.4.1/gcc-10.2.0-fqf4ze2mfclmx6e7ehrjckznpoqnevmi/lib/gcc/x86_64-pc-linux-gnu/10.2.0/../../../../lib64/libgfortran.spec
rename spec lib to liborig
COLLECT_GCC_OPTIONS='-L/scratch/pmazumde/gitspace/icon-artifacts/velocity/integrate_meh' '-v' '-D' 'DACE_SUBST_ENABLE' '-g' '-I' '/scratch/wbenjami/dafy/sdfg_gpu/spack/opt/spack/linux-centos8-zen2/gcc-10.2.0/netcdf-fortran-4.6.0-p7jdeag2groulzasdfqnokx2qiris3zh/include' '-I' '/scratch/wbenjami/dafy/sdfg_gpu/spack/opt/spack/linux-centos8-zen2/gcc-10.2.0/netcdf-c-4.9.2-zynxjqlltpkunevnlaltrm7kfqlwjgpu/include' '-O2' '-std=legacy' '-o' 'cmTC_0dac7' '-shared-libgcc' '-mtune=generic' '-march=x86-64'
COMPILER_PATH=/apps/ault/spack/opt/spack/linux-centos8-zen/gcc-8.4.1/gcc-10.2.0-fqf4ze2mfclmx6e7ehrjckznpoqnevmi/libexec/gcc/x86_64-pc-linux-gnu/10.2.0/:/apps/ault/spack/opt/spack/linux-centos8-zen/gcc-8.4.1/gcc-10.2.0-fqf4ze2mfclmx6e7ehrjckznpoqnevmi/libexec/gcc/x86_64-pc-linux-gnu/10.2.0/:/apps/ault/spack/opt/spack/linux-centos8-zen/gcc-8.4.1/gcc-10.2.0-fqf4ze2mfclmx6e7ehrjckznpoqnevmi/libexec/gcc/x86_64-pc-linux-gnu/:/apps/ault/spack/opt/spack/linux-centos8-zen/gcc-8.4.1/gcc-10.2.0-fqf4ze2mfclmx6e7ehrjckznpoqnevmi/lib/gcc/x86_64-pc-linux-gnu/10.2.0/:/apps/ault/spack/opt/spack/linux-centos8-zen/gcc-8.4.1/gcc-10.2.0-fqf4ze2mfclmx6e7ehrjckznpoqnevmi/lib/gcc/x86_64-pc-linux-gnu/
LIBRARY_PATH=/apps/ault/spack/opt/spack/linux-centos8-zen/gcc-8.4.1/gcc-10.2.0-fqf4ze2mfclmx6e7ehrjckznpoqnevmi/lib/gcc/x86_64-pc-linux-gnu/10.2.0/:/apps/ault/spack/opt/spack/linux-centos8-zen/gcc-8.4.1/gcc-10.2.0-fqf4ze2mfclmx6e7ehrjckznpoqnevmi/lib/gcc/x86_64-pc-linux-gnu/10.2.0/../../../../lib64/:/lib/../lib64/:/usr/lib/../lib64/:/scratch/wbenjami/dafy/sdfg_gpu/spack/opt/spack/linux-centos8-zen2/gcc-10.2.0/netcdf-fortran-4.6.0-p7jdeag2groulzasdfqnokx2qiris3zh/lib/:/scratch/wbenjami/dafy/sdfg_gpu/spack/opt/spack/linux-centos8-zen2/gcc-10.2.0/netcdf-c-4.9.2-zynxjqlltpkunevnlaltrm7kfqlwjgpu/lib/:/scratch/wbenjami/dafy/sdfg_gpu/spack/opt/spack/linux-centos8-zen2/gcc-10.2.0/openblas-0.3.23-ara3inpfwh3myjbgqpaiqye5qc2b6wnc/lib/:/apps/ault/spack/opt/spack/linux-centos8-zen/gcc-8.4.1/gcc-10.2.0-fqf4ze2mfclmx6e7ehrjckznpoqnevmi/lib/gcc/x86_64-pc-linux-gnu/10.2.0/../../../:/lib/:/usr/lib/
COLLECT_GCC_OPTIONS='-L/scratch/pmazumde/gitspace/icon-artifacts/velocity/integrate_meh' '-v' '-D' 'DACE_SUBST_ENABLE' '-g' '-I' '/scratch/wbenjami/dafy/sdfg_gpu/spack/opt/spack/linux-centos8-zen2/gcc-10.2.0/netcdf-fortran-4.6.0-p7jdeag2groulzasdfqnokx2qiris3zh/include' '-I' '/scratch/wbenjami/dafy/sdfg_gpu/spack/opt/spack/linux-centos8-zen2/gcc-10.2.0/netcdf-c-4.9.2-zynxjqlltpkunevnlaltrm7kfqlwjgpu/include' '-O2' '-std=legacy' '-o' 'cmTC_0dac7' '-shared-libgcc' '-mtune=generic' '-march=x86-64'
 /apps/ault/spack/opt/spack/linux-centos8-zen/gcc-8.4.1/gcc-10.2.0-fqf4ze2mfclmx6e7ehrjckznpoqnevmi/libexec/gcc/x86_64-pc-linux-gnu/10.2.0/collect2 -plugin /apps/ault/spack/opt/spack/linux-centos8-zen/gcc-8.4.1/gcc-10.2.0-fqf4ze2mfclmx6e7ehrjckznpoqnevmi/libexec/gcc/x86_64-pc-linux-gnu/10.2.0/liblto_plugin.so -plugin-opt=/apps/ault/spack/opt/spack/linux-centos8-zen/gcc-8.4.1/gcc-10.2.0-fqf4ze2mfclmx6e7ehrjckznpoqnevmi/libexec/gcc/x86_64-pc-linux-gnu/10.2.0/lto-wrapper -plugin-opt=-fresolution=/tmp/cciZj0iN.res -plugin-opt=-pass-through=-lgcc_s -plugin-opt=-pass-through=-lgcc -plugin-opt=-pass-through=-lquadmath -plugin-opt=-pass-through=-lm -plugin-opt=-pass-through=-lgcc_s -plugin-opt=-pass-through=-lgcc -plugin-opt=-pass-through=-lc -plugin-opt=-pass-through=-lgcc_s -plugin-opt=-pass-through=-lgcc -rpath /apps/ault/spack/opt/spack/linux-centos8-zen/gcc-8.4.1/gcc-10.2.0-fqf4ze2mfclmx6e7ehrjckznpoqnevmi/lib:/apps/ault/spack/opt/spack/linux-centos8-zen/gcc-8.4.1/gcc-10.2.0-fqf4ze2mfclmx6e7ehrjckznpoqnevmi/lib64 --eh-frame-hdr -m elf_x86_64 -dynamic-linker /lib64/ld-linux-x86-64.so.2 -o cmTC_0dac7 /lib/../lib64/crt1.o /lib/../lib64/crti.o /apps/ault/spack/opt/spack/linux-centos8-zen/gcc-8.4.1/gcc-10.2.0-fqf4ze2mfclmx6e7ehrjckznpoqnevmi/lib/gcc/x86_64-pc-linux-gnu/10.2.0/crtbegin.o -L/scratch/pmazumde/gitspace/icon-artifacts/velocity/integrate_meh -L/apps/ault/spack/opt/spack/linux-centos8-zen/gcc-8.4.1/gcc-10.2.0-fqf4ze2mfclmx6e7ehrjckznpoqnevmi/lib/gcc/x86_64-pc-linux-gnu/10.2.0 -L/apps/ault/spack/opt/spack/linux-centos8-zen/gcc-8.4.1/gcc-10.2.0-fqf4ze2mfclmx6e7ehrjckznpoqnevmi/lib/gcc/x86_64-pc-linux-gnu/10.2.0/../../../../lib64 -L/lib/../lib64 -L/usr/lib/../lib64 -L/scratch/wbenjami/dafy/sdfg_gpu/spack/opt/spack/linux-centos8-zen2/gcc-10.2.0/netcdf-fortran-4.6.0-p7jdeag2groulzasdfqnokx2qiris3zh/lib -L/scratch/wbenjami/dafy/sdfg_gpu/spack/opt/spack/linux-centos8-zen2/gcc-10.2.0/netcdf-c-4.9.2-zynxjqlltpkunevnlaltrm7kfqlwjgpu/lib -L/scratch/wbenjami/dafy/sdfg_gpu/spack/opt/spack/linux-centos8-zen2/gcc-10.2.0/openblas-0.3.23-ara3inpfwh3myjbgqpaiqye5qc2b6wnc/lib -L/apps/ault/spack/opt/spack/linux-centos8-zen/gcc-8.4.1/gcc-10.2.0-fqf4ze2mfclmx6e7ehrjckznpoqnevmi/lib/gcc/x86_64-pc-linux-gnu/10.2.0/../../.. CMakeFiles/cmTC_0dac7.dir/CMakeFortranCompilerABI.F.o -lgfortran -lm -lgcc_s -lgcc -lquadmath -lm -lgcc_s -lgcc -lc -lgcc_s -lgcc /apps/ault/spack/opt/spack/linux-centos8-zen/gcc-8.4.1/gcc-10.2.0-fqf4ze2mfclmx6e7ehrjckznpoqnevmi/lib/gcc/x86_64-pc-linux-gnu/10.2.0/crtend.o /lib/../lib64/crtn.o
COLLECT_GCC_OPTIONS='-L/scratch/pmazumde/gitspace/icon-artifacts/velocity/integrate_meh' '-v' '-D' 'DACE_SUBST_ENABLE' '-g' '-I' '/scratch/wbenjami/dafy/sdfg_gpu/spack/opt/spack/linux-centos8-zen2/gcc-10.2.0/netcdf-fortran-4.6.0-p7jdeag2groulzasdfqnokx2qiris3zh/include' '-I' '/scratch/wbenjami/dafy/sdfg_gpu/spack/opt/spack/linux-centos8-zen2/gcc-10.2.0/netcdf-c-4.9.2-zynxjqlltpkunevnlaltrm7kfqlwjgpu/include' '-O2' '-std=legacy' '-o' 'cmTC_0dac7' '-shared-libgcc' '-mtune=generic' '-march=x86-64'
gmake[3]: Leaving directory '/scratch/pmazumde/paper-icon-dace/icon-dace/build/externals/fortran-support/build/CMakeFiles/CMakeTmp'
gmake[2]: Leaving directory '/scratch/pmazumde/paper-icon-dace/icon-dace/build/externals/fortran-support/build/CMakeFiles/CMakeTmp'



Parsed Fortran implicit include dir info from above output: rv=done
  found start of include info
  found start of implicit include info
    add: [/scratch/wbenjami/dafy/sdfg_gpu/spack/opt/spack/linux-centos8-zen2/gcc-10.2.0/netcdf-fortran-4.6.0-p7jdeag2groulzasdfqnokx2qiris3zh/include]
    add: [/scratch/wbenjami/dafy/sdfg_gpu/spack/opt/spack/linux-centos8-zen2/gcc-10.2.0/netcdf-c-4.9.2-zynxjqlltpkunevnlaltrm7kfqlwjgpu/include]
    add: [/apps/ault/spack/opt/spack/linux-centos8-zen/gcc-8.4.1/gcc-10.2.0-fqf4ze2mfclmx6e7ehrjckznpoqnevmi/lib/gcc/x86_64-pc-linux-gnu/10.2.0/finclude]
    add: [/apps/ault/spack/opt/spack/linux-centos8-zen/gcc-8.4.1/gcc-10.2.0-fqf4ze2mfclmx6e7ehrjckznpoqnevmi/lib/gcc/x86_64-pc-linux-gnu/10.2.0/include]
    add: [/usr/local/include]
    add: [/apps/ault/spack/opt/spack/linux-centos8-zen/gcc-8.4.1/gcc-10.2.0-fqf4ze2mfclmx6e7ehrjckznpoqnevmi/include]
    add: [/apps/ault/spack/opt/spack/linux-centos8-zen/gcc-8.4.1/gcc-10.2.0-fqf4ze2mfclmx6e7ehrjckznpoqnevmi/lib/gcc/x86_64-pc-linux-gnu/10.2.0/include-fixed]
    add: [/usr/include]
  end of search list found
  collapse include dir [/scratch/wbenjami/dafy/sdfg_gpu/spack/opt/spack/linux-centos8-zen2/gcc-10.2.0/netcdf-fortran-4.6.0-p7jdeag2groulzasdfqnokx2qiris3zh/include] ==> [/scratch/wbenjami/dafy/sdfg_gpu/spack/opt/spack/linux-centos8-zen2/gcc-10.2.0/netcdf-fortran-4.6.0-p7jdeag2groulzasdfqnokx2qiris3zh/include]
  collapse include dir [/scratch/wbenjami/dafy/sdfg_gpu/spack/opt/spack/linux-centos8-zen2/gcc-10.2.0/netcdf-c-4.9.2-zynxjqlltpkunevnlaltrm7kfqlwjgpu/include] ==> [/scratch/wbenjami/dafy/sdfg_gpu/spack/opt/spack/linux-centos8-zen2/gcc-10.2.0/netcdf-c-4.9.2-zynxjqlltpkunevnlaltrm7kfqlwjgpu/include]
  collapse include dir [/apps/ault/spack/opt/spack/linux-centos8-zen/gcc-8.4.1/gcc-10.2.0-fqf4ze2mfclmx6e7ehrjckznpoqnevmi/lib/gcc/x86_64-pc-linux-gnu/10.2.0/finclude] ==> [/apps/ault/spack/opt/spack/linux-centos8-zen/gcc-8.4.1/gcc-10.2.0-fqf4ze2mfclmx6e7ehrjckznpoqnevmi/lib/gcc/x86_64-pc-linux-gnu/10.2.0/finclude]
  collapse include dir [/apps/ault/spack/opt/spack/linux-centos8-zen/gcc-8.4.1/gcc-10.2.0-fqf4ze2mfclmx6e7ehrjckznpoqnevmi/lib/gcc/x86_64-pc-linux-gnu/10.2.0/include] ==> [/apps/ault/spack/opt/spack/linux-centos8-zen/gcc-8.4.1/gcc-10.2.0-fqf4ze2mfclmx6e7ehrjckznpoqnevmi/lib/gcc/x86_64-pc-linux-gnu/10.2.0/include]
  collapse include dir [/usr/local/include] ==> [/usr/local/include]
  collapse include dir [/apps/ault/spack/opt/spack/linux-centos8-zen/gcc-8.4.1/gcc-10.2.0-fqf4ze2mfclmx6e7ehrjckznpoqnevmi/include] ==> [/apps/ault/spack/opt/spack/linux-centos8-zen/gcc-8.4.1/gcc-10.2.0-fqf4ze2mfclmx6e7ehrjckznpoqnevmi/include]
  collapse include dir [/apps/ault/spack/opt/spack/linux-centos8-zen/gcc-8.4.1/gcc-10.2.0-fqf4ze2mfclmx6e7ehrjckznpoqnevmi/lib/gcc/x86_64-pc-linux-gnu/10.2.0/include-fixed] ==> [/apps/ault/spack/opt/spack/linux-centos8-zen/gcc-8.4.1/gcc-10.2.0-fqf4ze2mfclmx6e7ehrjckznpoqnevmi/lib/gcc/x86_64-pc-linux-gnu/10.2.0/include-fixed]
  collapse include dir [/usr/include] ==> [/usr/include]
  implicit include dirs: [/scratch/wbenjami/dafy/sdfg_gpu/spack/opt/spack/linux-centos8-zen2/gcc-10.2.0/netcdf-fortran-4.6.0-p7jdeag2groulzasdfqnokx2qiris3zh/include;/scratch/wbenjami/dafy/sdfg_gpu/spack/opt/spack/linux-centos8-zen2/gcc-10.2.0/netcdf-c-4.9.2-zynxjqlltpkunevnlaltrm7kfqlwjgpu/include;/apps/ault/spack/opt/spack/linux-centos8-zen/gcc-8.4.1/gcc-10.2.0-fqf4ze2mfclmx6e7ehrjckznpoqnevmi/lib/gcc/x86_64-pc-linux-gnu/10.2.0/finclude;/apps/ault/spack/opt/spack/linux-centos8-zen/gcc-8.4.1/gcc-10.2.0-fqf4ze2mfclmx6e7ehrjckznpoqnevmi/lib/gcc/x86_64-pc-linux-gnu/10.2.0/include;/usr/local/include;/apps/ault/spack/opt/spack/linux-centos8-zen/gcc-8.4.1/gcc-10.2.0-fqf4ze2mfclmx6e7ehrjckznpoqnevmi/include;/apps/ault/spack/opt/spack/linux-centos8-zen/gcc-8.4.1/gcc-10.2.0-fqf4ze2mfclmx6e7ehrjckznpoqnevmi/lib/gcc/x86_64-pc-linux-gnu/10.2.0/include-fixed;/usr/include]


Parsed Fortran implicit link information from above output:
  link line regex: [^( *|.*[/\])(ld|CMAKE_LINK_STARTFILE-NOTFOUND|([^/\]+-)?ld|collect2)[^/\]*( |$)]
  ignore line: [Change Dir: /scratch/pmazumde/paper-icon-dace/icon-dace/build/externals/fortran-support/build/CMakeFiles/CMakeTmp]
  ignore line: []
  ignore line: [Run Build Command(s):/usr/bin/gmake -f Makefile cmTC_0dac7/fast && gmake[2]: Entering directory '/scratch/pmazumde/paper-icon-dace/icon-dace/build/externals/fortran-support/build/CMakeFiles/CMakeTmp']
  ignore line: [/usr/bin/gmake  -f CMakeFiles/cmTC_0dac7.dir/build.make CMakeFiles/cmTC_0dac7.dir/build]
  ignore line: [gmake[3]: Entering directory '/scratch/pmazumde/paper-icon-dace/icon-dace/build/externals/fortran-support/build/CMakeFiles/CMakeTmp']
  ignore line: [Building Fortran object CMakeFiles/cmTC_0dac7.dir/CMakeFortranCompilerABI.F.o]
  ignore line: [/apps/ault/spack/opt/spack/linux-centos8-zen/gcc-8.4.1/gcc-10.2.0-fqf4ze2mfclmx6e7ehrjckznpoqnevmi/bin/gfortran   -DDACE_SUBST_ENABLE -g -I/scratch/wbenjami/dafy/sdfg_gpu/spack/opt/spack/linux-centos8-zen2/gcc-10.2.0/netcdf-fortran-4.6.0-p7jdeag2groulzasdfqnokx2qiris3zh/include -I/scratch/wbenjami/dafy/sdfg_gpu/spack/opt/spack/linux-centos8-zen2/gcc-10.2.0/netcdf-c-4.9.2-zynxjqlltpkunevnlaltrm7kfqlwjgpu/include  -O2 -std=legacy    -v -c /apps/ault/spack/opt/spack/linux-centos8-zen/gcc-8.4.1/cmake-3.21.3-zt24jfeuemvwweacziyho6ccdsdn2w4s/share/cmake-3.21/Modules/CMakeFortranCompilerABI.F -o CMakeFiles/cmTC_0dac7.dir/CMakeFortranCompilerABI.F.o]
  ignore line: [Reading specs from /apps/ault/spack/opt/spack/linux-centos8-zen/gcc-8.4.1/gcc-10.2.0-fqf4ze2mfclmx6e7ehrjckznpoqnevmi/lib/gcc/x86_64-pc-linux-gnu/10.2.0/specs]
  ignore line: [COLLECT_GCC=/apps/ault/spack/opt/spack/linux-centos8-zen/gcc-8.4.1/gcc-10.2.0-fqf4ze2mfclmx6e7ehrjckznpoqnevmi/bin/gfortran]
  ignore line: [Target: x86_64-pc-linux-gnu]
  ignore line: [Configured with: /tmp/kleinm/spack-stage/spack-stage-gcc-10.2.0-fqf4ze2mfclmx6e7ehrjckznpoqnevmi/spack-src/configure --prefix=/apps/ault/spack/opt/spack/linux-centos8-zen/gcc-8.4.1/gcc-10.2.0-fqf4ze2mfclmx6e7ehrjckznpoqnevmi --with-pkgversion='Spack GCC' --with-bugurl=https://github.com/spack/spack/issues --disable-multilib --enable-languages=c c++ fortran --disable-nls --with-system-zlib --with-zstd-include=/apps/ault/spack/opt/spack/linux-centos8-zen/gcc-8.4.1/zstd-1.5.0-tdqxudxfvvdg24qqzcthxofjxtwgjv2y/include --with-zstd-lib=/apps/ault/spack/opt/spack/linux-centos8-zen/gcc-8.4.1/zstd-1.5.0-tdqxudxfvvdg24qqzcthxofjxtwgjv2y/lib64 --enable-bootstrap --with-mpfr-include=/apps/ault/spack/opt/spack/linux-centos8-zen/gcc-8.4.1/mpfr-4.1.0-ncrm3oi3zq4czkrhtsppakzbathaz7nm/include --with-mpfr-lib=/apps/ault/spack/opt/spack/linux-centos8-zen/gcc-8.4.1/mpfr-4.1.0-ncrm3oi3zq4czkrhtsppakzbathaz7nm/lib --with-gmp-include=/apps/ault/spack/opt/spack/linux-centos8-zen/gcc-8.4.1/gmp-6.2.1-a4uy3yg5ypry4p44urpwhs64ngc26vtd/include --with-gmp-lib=/apps/ault/spack/opt/spack/linux-centos8-zen/gcc-8.4.1/gmp-6.2.1-a4uy3yg5ypry4p44urpwhs64ngc26vtd/lib --with-mpc-include=/apps/ault/spack/opt/spack/linux-centos8-zen/gcc-8.4.1/mpc-1.1.0-6z3raodvxfd6flyau7y4xnubnkohnz5k/include --with-mpc-lib=/apps/ault/spack/opt/spack/linux-centos8-zen/gcc-8.4.1/mpc-1.1.0-6z3raodvxfd6flyau7y4xnubnkohnz5k/lib --without-isl --with-stage1-ldflags='-Wl -rpath /apps/ault/spack/opt/spack/linux-centos8-zen/gcc-8.4.1/gcc-10.2.0-fqf4ze2mfclmx6e7ehrjckznpoqnevmi/lib -Wl -rpath /apps/ault/spack/opt/spack/linux-centos8-zen/gcc-8.4.1/gcc-10.2.0-fqf4ze2mfclmx6e7ehrjckznpoqnevmi/lib64 -Wl -rpath /apps/ault/spack/opt/spack/linux-centos8-zen/gcc-8.4.1/gmp-6.2.1-a4uy3yg5ypry4p44urpwhs64ngc26vtd/lib -Wl -rpath /apps/ault/spack/opt/spack/linux-centos8-zen/gcc-8.4.1/mpfr-4.1.0-ncrm3oi3zq4czkrhtsppakzbathaz7nm/lib -Wl -rpath /apps/ault/spack/opt/spack/linux-centos8-zen/gcc-8.4.1/mpc-1.1.0-6z3raodvxfd6flyau7y4xnubnkohnz5k/lib -Wl -rpath /apps/ault/spack/opt/spack/linux-centos8-zen/gcc-8.4.1/zlib-1.2.11-dif34johfqcbxxhctkbvqxo4uwbhoz4c/lib -Wl -rpath /apps/ault/spack/opt/spack/linux-centos8-zen/gcc-8.4.1/zstd-1.5.0-tdqxudxfvvdg24qqzcthxofjxtwgjv2y/lib64' --with-boot-ldflags='-Wl -rpath /apps/ault/spack/opt/spack/linux-centos8-zen/gcc-8.4.1/gcc-10.2.0-fqf4ze2mfclmx6e7ehrjckznpoqnevmi/lib -Wl -rpath /apps/ault/spack/opt/spack/linux-centos8-zen/gcc-8.4.1/gcc-10.2.0-fqf4ze2mfclmx6e7ehrjckznpoqnevmi/lib64 -Wl -rpath /apps/ault/spack/opt/spack/linux-centos8-zen/gcc-8.4.1/gmp-6.2.1-a4uy3yg5ypry4p44urpwhs64ngc26vtd/lib -Wl -rpath /apps/ault/spack/opt/spack/linux-centos8-zen/gcc-8.4.1/mpfr-4.1.0-ncrm3oi3zq4czkrhtsppakzbathaz7nm/lib -Wl -rpath /apps/ault/spack/opt/spack/linux-centos8-zen/gcc-8.4.1/mpc-1.1.0-6z3raodvxfd6flyau7y4xnubnkohnz5k/lib -Wl -rpath /apps/ault/spack/opt/spack/linux-centos8-zen/gcc-8.4.1/zlib-1.2.11-dif34johfqcbxxhctkbvqxo4uwbhoz4c/lib -Wl -rpath /apps/ault/spack/opt/spack/linux-centos8-zen/gcc-8.4.1/zstd-1.5.0-tdqxudxfvvdg24qqzcthxofjxtwgjv2y/lib64 -static-libstdc++ -static-libgcc']
  ignore line: [Thread model: posix]
  ignore line: [Supported LTO compression algorithms: zlib zstd]
  ignore line: [gcc version 10.2.0 (Spack GCC) ]
  ignore line: [COLLECT_GCC_OPTIONS='-D' 'DACE_SUBST_ENABLE' '-g' '-I' '/scratch/wbenjami/dafy/sdfg_gpu/spack/opt/spack/linux-centos8-zen2/gcc-10.2.0/netcdf-fortran-4.6.0-p7jdeag2groulzasdfqnokx2qiris3zh/include' '-I' '/scratch/wbenjami/dafy/sdfg_gpu/spack/opt/spack/linux-centos8-zen2/gcc-10.2.0/netcdf-c-4.9.2-zynxjqlltpkunevnlaltrm7kfqlwjgpu/include' '-O2' '-std=legacy' '-v' '-c' '-o' 'CMakeFiles/cmTC_0dac7.dir/CMakeFortranCompilerABI.F.o' '-mtune=generic' '-march=x86-64']
  ignore line: [ /apps/ault/spack/opt/spack/linux-centos8-zen/gcc-8.4.1/gcc-10.2.0-fqf4ze2mfclmx6e7ehrjckznpoqnevmi/libexec/gcc/x86_64-pc-linux-gnu/10.2.0/f951 /apps/ault/spack/opt/spack/linux-centos8-zen/gcc-8.4.1/cmake-3.21.3-zt24jfeuemvwweacziyho6ccdsdn2w4s/share/cmake-3.21/Modules/CMakeFortranCompilerABI.F -ffixed-form -cpp=/tmp/ccBWL8I4.f90 -quiet -v -I /scratch/wbenjami/dafy/sdfg_gpu/spack/opt/spack/linux-centos8-zen2/gcc-10.2.0/netcdf-fortran-4.6.0-p7jdeag2groulzasdfqnokx2qiris3zh/include -I /scratch/wbenjami/dafy/sdfg_gpu/spack/opt/spack/linux-centos8-zen2/gcc-10.2.0/netcdf-c-4.9.2-zynxjqlltpkunevnlaltrm7kfqlwjgpu/include -D DACE_SUBST_ENABLE /apps/ault/spack/opt/spack/linux-centos8-zen/gcc-8.4.1/cmake-3.21.3-zt24jfeuemvwweacziyho6ccdsdn2w4s/share/cmake-3.21/Modules/CMakeFortranCompilerABI.F -quiet -dumpbase CMakeFortranCompilerABI.F -mtune=generic -march=x86-64 -auxbase-strip CMakeFiles/cmTC_0dac7.dir/CMakeFortranCompilerABI.F.o -g -O2 -std=legacy -version -fintrinsic-modules-path /apps/ault/spack/opt/spack/linux-centos8-zen/gcc-8.4.1/gcc-10.2.0-fqf4ze2mfclmx6e7ehrjckznpoqnevmi/lib/gcc/x86_64-pc-linux-gnu/10.2.0/finclude -fpre-include=/usr/include/finclude/math-vector-fortran.h -o /tmp/cceo1X18.s]
  ignore line: [GNU Fortran (Spack GCC) version 10.2.0 (x86_64-pc-linux-gnu)]
  ignore line: [	compiled by GNU C version 10.2.0  GMP version 6.2.1  MPFR version 4.1.0  MPC version 1.1.0  isl version none]
  ignore line: [GGC heuristics: --param ggc-min-expand=100 --param ggc-min-heapsize=131072]
  ignore line: [ignoring nonexistent directory "/apps/ault/spack/opt/spack/linux-centos8-zen/gcc-8.4.1/gcc-10.2.0-fqf4ze2mfclmx6e7ehrjckznpoqnevmi/lib/gcc/x86_64-pc-linux-gnu/10.2.0/../../../../x86_64-pc-linux-gnu/include"]
  ignore line: [#include "..." search starts here:]
  ignore line: [#include <...> search starts here:]
  ignore line: [ /scratch/wbenjami/dafy/sdfg_gpu/spack/opt/spack/linux-centos8-zen2/gcc-10.2.0/netcdf-fortran-4.6.0-p7jdeag2groulzasdfqnokx2qiris3zh/include]
  ignore line: [ /scratch/wbenjami/dafy/sdfg_gpu/spack/opt/spack/linux-centos8-zen2/gcc-10.2.0/netcdf-c-4.9.2-zynxjqlltpkunevnlaltrm7kfqlwjgpu/include]
  ignore line: [ /apps/ault/spack/opt/spack/linux-centos8-zen/gcc-8.4.1/gcc-10.2.0-fqf4ze2mfclmx6e7ehrjckznpoqnevmi/lib/gcc/x86_64-pc-linux-gnu/10.2.0/finclude]
  ignore line: [ /apps/ault/spack/opt/spack/linux-centos8-zen/gcc-8.4.1/gcc-10.2.0-fqf4ze2mfclmx6e7ehrjckznpoqnevmi/lib/gcc/x86_64-pc-linux-gnu/10.2.0/include]
  ignore line: [ /usr/local/include]
  ignore line: [ /apps/ault/spack/opt/spack/linux-centos8-zen/gcc-8.4.1/gcc-10.2.0-fqf4ze2mfclmx6e7ehrjckznpoqnevmi/include]
  ignore line: [ /apps/ault/spack/opt/spack/linux-centos8-zen/gcc-8.4.1/gcc-10.2.0-fqf4ze2mfclmx6e7ehrjckznpoqnevmi/lib/gcc/x86_64-pc-linux-gnu/10.2.0/include-fixed]
  ignore line: [ /usr/include]
  ignore line: [End of search list.]
  ignore line: [GNU Fortran2008 (Spack GCC) version 10.2.0 (x86_64-pc-linux-gnu)]
  ignore line: [	compiled by GNU C version 10.2.0  GMP version 6.2.1  MPFR version 4.1.0  MPC version 1.1.0  isl version none]
  ignore line: [GGC heuristics: --param ggc-min-expand=100 --param ggc-min-heapsize=131072]
  ignore line: [COLLECT_GCC_OPTIONS='-D' 'DACE_SUBST_ENABLE' '-g' '-I' '/scratch/wbenjami/dafy/sdfg_gpu/spack/opt/spack/linux-centos8-zen2/gcc-10.2.0/netcdf-fortran-4.6.0-p7jdeag2groulzasdfqnokx2qiris3zh/include' '-I' '/scratch/wbenjami/dafy/sdfg_gpu/spack/opt/spack/linux-centos8-zen2/gcc-10.2.0/netcdf-c-4.9.2-zynxjqlltpkunevnlaltrm7kfqlwjgpu/include' '-O2' '-std=legacy' '-v' '-c' '-o' 'CMakeFiles/cmTC_0dac7.dir/CMakeFortranCompilerABI.F.o' '-mtune=generic' '-march=x86-64']
  ignore line: [ as -v -I /scratch/wbenjami/dafy/sdfg_gpu/spack/opt/spack/linux-centos8-zen2/gcc-10.2.0/netcdf-fortran-4.6.0-p7jdeag2groulzasdfqnokx2qiris3zh/include -I /scratch/wbenjami/dafy/sdfg_gpu/spack/opt/spack/linux-centos8-zen2/gcc-10.2.0/netcdf-c-4.9.2-zynxjqlltpkunevnlaltrm7kfqlwjgpu/include --64 -o CMakeFiles/cmTC_0dac7.dir/CMakeFortranCompilerABI.F.o /tmp/cceo1X18.s]
  ignore line: [GNU assembler version 2.30 (x86_64-redhat-linux) using BFD version version 2.30-93.el8]
  ignore line: [COMPILER_PATH=/apps/ault/spack/opt/spack/linux-centos8-zen/gcc-8.4.1/gcc-10.2.0-fqf4ze2mfclmx6e7ehrjckznpoqnevmi/libexec/gcc/x86_64-pc-linux-gnu/10.2.0/:/apps/ault/spack/opt/spack/linux-centos8-zen/gcc-8.4.1/gcc-10.2.0-fqf4ze2mfclmx6e7ehrjckznpoqnevmi/libexec/gcc/x86_64-pc-linux-gnu/10.2.0/:/apps/ault/spack/opt/spack/linux-centos8-zen/gcc-8.4.1/gcc-10.2.0-fqf4ze2mfclmx6e7ehrjckznpoqnevmi/libexec/gcc/x86_64-pc-linux-gnu/:/apps/ault/spack/opt/spack/linux-centos8-zen/gcc-8.4.1/gcc-10.2.0-fqf4ze2mfclmx6e7ehrjckznpoqnevmi/lib/gcc/x86_64-pc-linux-gnu/10.2.0/:/apps/ault/spack/opt/spack/linux-centos8-zen/gcc-8.4.1/gcc-10.2.0-fqf4ze2mfclmx6e7ehrjckznpoqnevmi/lib/gcc/x86_64-pc-linux-gnu/]
  ignore line: [LIBRARY_PATH=/apps/ault/spack/opt/spack/linux-centos8-zen/gcc-8.4.1/gcc-10.2.0-fqf4ze2mfclmx6e7ehrjckznpoqnevmi/lib/gcc/x86_64-pc-linux-gnu/10.2.0/:/apps/ault/spack/opt/spack/linux-centos8-zen/gcc-8.4.1/gcc-10.2.0-fqf4ze2mfclmx6e7ehrjckznpoqnevmi/lib/gcc/x86_64-pc-linux-gnu/10.2.0/../../../../lib64/:/lib/../lib64/:/usr/lib/../lib64/:/scratch/wbenjami/dafy/sdfg_gpu/spack/opt/spack/linux-centos8-zen2/gcc-10.2.0/netcdf-fortran-4.6.0-p7jdeag2groulzasdfqnokx2qiris3zh/lib/:/scratch/wbenjami/dafy/sdfg_gpu/spack/opt/spack/linux-centos8-zen2/gcc-10.2.0/netcdf-c-4.9.2-zynxjqlltpkunevnlaltrm7kfqlwjgpu/lib/:/scratch/wbenjami/dafy/sdfg_gpu/spack/opt/spack/linux-centos8-zen2/gcc-10.2.0/openblas-0.3.23-ara3inpfwh3myjbgqpaiqye5qc2b6wnc/lib/:/apps/ault/spack/opt/spack/linux-centos8-zen/gcc-8.4.1/gcc-10.2.0-fqf4ze2mfclmx6e7ehrjckznpoqnevmi/lib/gcc/x86_64-pc-linux-gnu/10.2.0/../../../:/lib/:/usr/lib/]
  ignore line: [COLLECT_GCC_OPTIONS='-D' 'DACE_SUBST_ENABLE' '-g' '-I' '/scratch/wbenjami/dafy/sdfg_gpu/spack/opt/spack/linux-centos8-zen2/gcc-10.2.0/netcdf-fortran-4.6.0-p7jdeag2groulzasdfqnokx2qiris3zh/include' '-I' '/scratch/wbenjami/dafy/sdfg_gpu/spack/opt/spack/linux-centos8-zen2/gcc-10.2.0/netcdf-c-4.9.2-zynxjqlltpkunevnlaltrm7kfqlwjgpu/include' '-O2' '-std=legacy' '-v' '-c' '-o' 'CMakeFiles/cmTC_0dac7.dir/CMakeFortranCompilerABI.F.o' '-mtune=generic' '-march=x86-64']
  ignore line: [Linking Fortran executable cmTC_0dac7]
  ignore line: [/apps/ault/spack/opt/spack/linux-centos8-zen/gcc-8.4.1/cmake-3.21.3-zt24jfeuemvwweacziyho6ccdsdn2w4s/bin/cmake -E cmake_link_script CMakeFiles/cmTC_0dac7.dir/link.txt --verbose=1]
  ignore line: [/apps/ault/spack/opt/spack/linux-centos8-zen/gcc-8.4.1/gcc-10.2.0-fqf4ze2mfclmx6e7ehrjckznpoqnevmi/bin/gfortran -L/scratch/pmazumde/gitspace/icon-artifacts/velocity/integrate_meh -v -DDACE_SUBST_ENABLE -g -I/scratch/wbenjami/dafy/sdfg_gpu/spack/opt/spack/linux-centos8-zen2/gcc-10.2.0/netcdf-fortran-4.6.0-p7jdeag2groulzasdfqnokx2qiris3zh/include -I/scratch/wbenjami/dafy/sdfg_gpu/spack/opt/spack/linux-centos8-zen2/gcc-10.2.0/netcdf-c-4.9.2-zynxjqlltpkunevnlaltrm7kfqlwjgpu/include  -O2 -std=legacy  CMakeFiles/cmTC_0dac7.dir/CMakeFortranCompilerABI.F.o -o cmTC_0dac7 ]
  ignore line: [Driving: /apps/ault/spack/opt/spack/linux-centos8-zen/gcc-8.4.1/gcc-10.2.0-fqf4ze2mfclmx6e7ehrjckznpoqnevmi/bin/gfortran -L/scratch/pmazumde/gitspace/icon-artifacts/velocity/integrate_meh -v -DDACE_SUBST_ENABLE -g -I/scratch/wbenjami/dafy/sdfg_gpu/spack/opt/spack/linux-centos8-zen2/gcc-10.2.0/netcdf-fortran-4.6.0-p7jdeag2groulzasdfqnokx2qiris3zh/include -I/scratch/wbenjami/dafy/sdfg_gpu/spack/opt/spack/linux-centos8-zen2/gcc-10.2.0/netcdf-c-4.9.2-zynxjqlltpkunevnlaltrm7kfqlwjgpu/include -O2 -std=legacy CMakeFiles/cmTC_0dac7.dir/CMakeFortranCompilerABI.F.o -o cmTC_0dac7 -l gfortran -l m -shared-libgcc]
  ignore line: [Reading specs from /apps/ault/spack/opt/spack/linux-centos8-zen/gcc-8.4.1/gcc-10.2.0-fqf4ze2mfclmx6e7ehrjckznpoqnevmi/lib/gcc/x86_64-pc-linux-gnu/10.2.0/specs]
  ignore line: [COLLECT_GCC=/apps/ault/spack/opt/spack/linux-centos8-zen/gcc-8.4.1/gcc-10.2.0-fqf4ze2mfclmx6e7ehrjckznpoqnevmi/bin/gfortran]
  ignore line: [COLLECT_LTO_WRAPPER=/apps/ault/spack/opt/spack/linux-centos8-zen/gcc-8.4.1/gcc-10.2.0-fqf4ze2mfclmx6e7ehrjckznpoqnevmi/libexec/gcc/x86_64-pc-linux-gnu/10.2.0/lto-wrapper]
  ignore line: [Target: x86_64-pc-linux-gnu]
  ignore line: [Configured with: /tmp/kleinm/spack-stage/spack-stage-gcc-10.2.0-fqf4ze2mfclmx6e7ehrjckznpoqnevmi/spack-src/configure --prefix=/apps/ault/spack/opt/spack/linux-centos8-zen/gcc-8.4.1/gcc-10.2.0-fqf4ze2mfclmx6e7ehrjckznpoqnevmi --with-pkgversion='Spack GCC' --with-bugurl=https://github.com/spack/spack/issues --disable-multilib --enable-languages=c c++ fortran --disable-nls --with-system-zlib --with-zstd-include=/apps/ault/spack/opt/spack/linux-centos8-zen/gcc-8.4.1/zstd-1.5.0-tdqxudxfvvdg24qqzcthxofjxtwgjv2y/include --with-zstd-lib=/apps/ault/spack/opt/spack/linux-centos8-zen/gcc-8.4.1/zstd-1.5.0-tdqxudxfvvdg24qqzcthxofjxtwgjv2y/lib64 --enable-bootstrap --with-mpfr-include=/apps/ault/spack/opt/spack/linux-centos8-zen/gcc-8.4.1/mpfr-4.1.0-ncrm3oi3zq4czkrhtsppakzbathaz7nm/include --with-mpfr-lib=/apps/ault/spack/opt/spack/linux-centos8-zen/gcc-8.4.1/mpfr-4.1.0-ncrm3oi3zq4czkrhtsppakzbathaz7nm/lib --with-gmp-include=/apps/ault/spack/opt/spack/linux-centos8-zen/gcc-8.4.1/gmp-6.2.1-a4uy3yg5ypry4p44urpwhs64ngc26vtd/include --with-gmp-lib=/apps/ault/spack/opt/spack/linux-centos8-zen/gcc-8.4.1/gmp-6.2.1-a4uy3yg5ypry4p44urpwhs64ngc26vtd/lib --with-mpc-include=/apps/ault/spack/opt/spack/linux-centos8-zen/gcc-8.4.1/mpc-1.1.0-6z3raodvxfd6flyau7y4xnubnkohnz5k/include --with-mpc-lib=/apps/ault/spack/opt/spack/linux-centos8-zen/gcc-8.4.1/mpc-1.1.0-6z3raodvxfd6flyau7y4xnubnkohnz5k/lib --without-isl --with-stage1-ldflags='-Wl -rpath /apps/ault/spack/opt/spack/linux-centos8-zen/gcc-8.4.1/gcc-10.2.0-fqf4ze2mfclmx6e7ehrjckznpoqnevmi/lib -Wl -rpath /apps/ault/spack/opt/spack/linux-centos8-zen/gcc-8.4.1/gcc-10.2.0-fqf4ze2mfclmx6e7ehrjckznpoqnevmi/lib64 -Wl -rpath /apps/ault/spack/opt/spack/linux-centos8-zen/gcc-8.4.1/gmp-6.2.1-a4uy3yg5ypry4p44urpwhs64ngc26vtd/lib -Wl -rpath /apps/ault/spack/opt/spack/linux-centos8-zen/gcc-8.4.1/mpfr-4.1.0-ncrm3oi3zq4czkrhtsppakzbathaz7nm/lib -Wl -rpath /apps/ault/spack/opt/spack/linux-centos8-zen/gcc-8.4.1/mpc-1.1.0-6z3raodvxfd6flyau7y4xnubnkohnz5k/lib -Wl -rpath /apps/ault/spack/opt/spack/linux-centos8-zen/gcc-8.4.1/zlib-1.2.11-dif34johfqcbxxhctkbvqxo4uwbhoz4c/lib -Wl -rpath /apps/ault/spack/opt/spack/linux-centos8-zen/gcc-8.4.1/zstd-1.5.0-tdqxudxfvvdg24qqzcthxofjxtwgjv2y/lib64' --with-boot-ldflags='-Wl -rpath /apps/ault/spack/opt/spack/linux-centos8-zen/gcc-8.4.1/gcc-10.2.0-fqf4ze2mfclmx6e7ehrjckznpoqnevmi/lib -Wl -rpath /apps/ault/spack/opt/spack/linux-centos8-zen/gcc-8.4.1/gcc-10.2.0-fqf4ze2mfclmx6e7ehrjckznpoqnevmi/lib64 -Wl -rpath /apps/ault/spack/opt/spack/linux-centos8-zen/gcc-8.4.1/gmp-6.2.1-a4uy3yg5ypry4p44urpwhs64ngc26vtd/lib -Wl -rpath /apps/ault/spack/opt/spack/linux-centos8-zen/gcc-8.4.1/mpfr-4.1.0-ncrm3oi3zq4czkrhtsppakzbathaz7nm/lib -Wl -rpath /apps/ault/spack/opt/spack/linux-centos8-zen/gcc-8.4.1/mpc-1.1.0-6z3raodvxfd6flyau7y4xnubnkohnz5k/lib -Wl -rpath /apps/ault/spack/opt/spack/linux-centos8-zen/gcc-8.4.1/zlib-1.2.11-dif34johfqcbxxhctkbvqxo4uwbhoz4c/lib -Wl -rpath /apps/ault/spack/opt/spack/linux-centos8-zen/gcc-8.4.1/zstd-1.5.0-tdqxudxfvvdg24qqzcthxofjxtwgjv2y/lib64 -static-libstdc++ -static-libgcc']
  ignore line: [Thread model: posix]
  ignore line: [Supported LTO compression algorithms: zlib zstd]
  ignore line: [gcc version 10.2.0 (Spack GCC) ]
  ignore line: [Reading specs from /apps/ault/spack/opt/spack/linux-centos8-zen/gcc-8.4.1/gcc-10.2.0-fqf4ze2mfclmx6e7ehrjckznpoqnevmi/lib/gcc/x86_64-pc-linux-gnu/10.2.0/../../../../lib64/libgfortran.spec]
  ignore line: [rename spec lib to liborig]
  ignore line: [COLLECT_GCC_OPTIONS='-L/scratch/pmazumde/gitspace/icon-artifacts/velocity/integrate_meh' '-v' '-D' 'DACE_SUBST_ENABLE' '-g' '-I' '/scratch/wbenjami/dafy/sdfg_gpu/spack/opt/spack/linux-centos8-zen2/gcc-10.2.0/netcdf-fortran-4.6.0-p7jdeag2groulzasdfqnokx2qiris3zh/include' '-I' '/scratch/wbenjami/dafy/sdfg_gpu/spack/opt/spack/linux-centos8-zen2/gcc-10.2.0/netcdf-c-4.9.2-zynxjqlltpkunevnlaltrm7kfqlwjgpu/include' '-O2' '-std=legacy' '-o' 'cmTC_0dac7' '-shared-libgcc' '-mtune=generic' '-march=x86-64']
  ignore line: [COMPILER_PATH=/apps/ault/spack/opt/spack/linux-centos8-zen/gcc-8.4.1/gcc-10.2.0-fqf4ze2mfclmx6e7ehrjckznpoqnevmi/libexec/gcc/x86_64-pc-linux-gnu/10.2.0/:/apps/ault/spack/opt/spack/linux-centos8-zen/gcc-8.4.1/gcc-10.2.0-fqf4ze2mfclmx6e7ehrjckznpoqnevmi/libexec/gcc/x86_64-pc-linux-gnu/10.2.0/:/apps/ault/spack/opt/spack/linux-centos8-zen/gcc-8.4.1/gcc-10.2.0-fqf4ze2mfclmx6e7ehrjckznpoqnevmi/libexec/gcc/x86_64-pc-linux-gnu/:/apps/ault/spack/opt/spack/linux-centos8-zen/gcc-8.4.1/gcc-10.2.0-fqf4ze2mfclmx6e7ehrjckznpoqnevmi/lib/gcc/x86_64-pc-linux-gnu/10.2.0/:/apps/ault/spack/opt/spack/linux-centos8-zen/gcc-8.4.1/gcc-10.2.0-fqf4ze2mfclmx6e7ehrjckznpoqnevmi/lib/gcc/x86_64-pc-linux-gnu/]
  ignore line: [LIBRARY_PATH=/apps/ault/spack/opt/spack/linux-centos8-zen/gcc-8.4.1/gcc-10.2.0-fqf4ze2mfclmx6e7ehrjckznpoqnevmi/lib/gcc/x86_64-pc-linux-gnu/10.2.0/:/apps/ault/spack/opt/spack/linux-centos8-zen/gcc-8.4.1/gcc-10.2.0-fqf4ze2mfclmx6e7ehrjckznpoqnevmi/lib/gcc/x86_64-pc-linux-gnu/10.2.0/../../../../lib64/:/lib/../lib64/:/usr/lib/../lib64/:/scratch/wbenjami/dafy/sdfg_gpu/spack/opt/spack/linux-centos8-zen2/gcc-10.2.0/netcdf-fortran-4.6.0-p7jdeag2groulzasdfqnokx2qiris3zh/lib/:/scratch/wbenjami/dafy/sdfg_gpu/spack/opt/spack/linux-centos8-zen2/gcc-10.2.0/netcdf-c-4.9.2-zynxjqlltpkunevnlaltrm7kfqlwjgpu/lib/:/scratch/wbenjami/dafy/sdfg_gpu/spack/opt/spack/linux-centos8-zen2/gcc-10.2.0/openblas-0.3.23-ara3inpfwh3myjbgqpaiqye5qc2b6wnc/lib/:/apps/ault/spack/opt/spack/linux-centos8-zen/gcc-8.4.1/gcc-10.2.0-fqf4ze2mfclmx6e7ehrjckznpoqnevmi/lib/gcc/x86_64-pc-linux-gnu/10.2.0/../../../:/lib/:/usr/lib/]
  ignore line: [COLLECT_GCC_OPTIONS='-L/scratch/pmazumde/gitspace/icon-artifacts/velocity/integrate_meh' '-v' '-D' 'DACE_SUBST_ENABLE' '-g' '-I' '/scratch/wbenjami/dafy/sdfg_gpu/spack/opt/spack/linux-centos8-zen2/gcc-10.2.0/netcdf-fortran-4.6.0-p7jdeag2groulzasdfqnokx2qiris3zh/include' '-I' '/scratch/wbenjami/dafy/sdfg_gpu/spack/opt/spack/linux-centos8-zen2/gcc-10.2.0/netcdf-c-4.9.2-zynxjqlltpkunevnlaltrm7kfqlwjgpu/include' '-O2' '-std=legacy' '-o' 'cmTC_0dac7' '-shared-libgcc' '-mtune=generic' '-march=x86-64']
  link line: [ /apps/ault/spack/opt/spack/linux-centos8-zen/gcc-8.4.1/gcc-10.2.0-fqf4ze2mfclmx6e7ehrjckznpoqnevmi/libexec/gcc/x86_64-pc-linux-gnu/10.2.0/collect2 -plugin /apps/ault/spack/opt/spack/linux-centos8-zen/gcc-8.4.1/gcc-10.2.0-fqf4ze2mfclmx6e7ehrjckznpoqnevmi/libexec/gcc/x86_64-pc-linux-gnu/10.2.0/liblto_plugin.so -plugin-opt=/apps/ault/spack/opt/spack/linux-centos8-zen/gcc-8.4.1/gcc-10.2.0-fqf4ze2mfclmx6e7ehrjckznpoqnevmi/libexec/gcc/x86_64-pc-linux-gnu/10.2.0/lto-wrapper -plugin-opt=-fresolution=/tmp/cciZj0iN.res -plugin-opt=-pass-through=-lgcc_s -plugin-opt=-pass-through=-lgcc -plugin-opt=-pass-through=-lquadmath -plugin-opt=-pass-through=-lm -plugin-opt=-pass-through=-lgcc_s -plugin-opt=-pass-through=-lgcc -plugin-opt=-pass-through=-lc -plugin-opt=-pass-through=-lgcc_s -plugin-opt=-pass-through=-lgcc -rpath /apps/ault/spack/opt/spack/linux-centos8-zen/gcc-8.4.1/gcc-10.2.0-fqf4ze2mfclmx6e7ehrjckznpoqnevmi/lib:/apps/ault/spack/opt/spack/linux-centos8-zen/gcc-8.4.1/gcc-10.2.0-fqf4ze2mfclmx6e7ehrjckznpoqnevmi/lib64 --eh-frame-hdr -m elf_x86_64 -dynamic-linker /lib64/ld-linux-x86-64.so.2 -o cmTC_0dac7 /lib/../lib64/crt1.o /lib/../lib64/crti.o /apps/ault/spack/opt/spack/linux-centos8-zen/gcc-8.4.1/gcc-10.2.0-fqf4ze2mfclmx6e7ehrjckznpoqnevmi/lib/gcc/x86_64-pc-linux-gnu/10.2.0/crtbegin.o -L/scratch/pmazumde/gitspace/icon-artifacts/velocity/integrate_meh -L/apps/ault/spack/opt/spack/linux-centos8-zen/gcc-8.4.1/gcc-10.2.0-fqf4ze2mfclmx6e7ehrjckznpoqnevmi/lib/gcc/x86_64-pc-linux-gnu/10.2.0 -L/apps/ault/spack/opt/spack/linux-centos8-zen/gcc-8.4.1/gcc-10.2.0-fqf4ze2mfclmx6e7ehrjckznpoqnevmi/lib/gcc/x86_64-pc-linux-gnu/10.2.0/../../../../lib64 -L/lib/../lib64 -L/usr/lib/../lib64 -L/scratch/wbenjami/dafy/sdfg_gpu/spack/opt/spack/linux-centos8-zen2/gcc-10.2.0/netcdf-fortran-4.6.0-p7jdeag2groulzasdfqnokx2qiris3zh/lib -L/scratch/wbenjami/dafy/sdfg_gpu/spack/opt/spack/linux-centos8-zen2/gcc-10.2.0/netcdf-c-4.9.2-zynxjqlltpkunevnlaltrm7kfqlwjgpu/lib -L/scratch/wbenjami/dafy/sdfg_gpu/spack/opt/spack/linux-centos8-zen2/gcc-10.2.0/openblas-0.3.23-ara3inpfwh3myjbgqpaiqye5qc2b6wnc/lib -L/apps/ault/spack/opt/spack/linux-centos8-zen/gcc-8.4.1/gcc-10.2.0-fqf4ze2mfclmx6e7ehrjckznpoqnevmi/lib/gcc/x86_64-pc-linux-gnu/10.2.0/../../.. CMakeFiles/cmTC_0dac7.dir/CMakeFortranCompilerABI.F.o -lgfortran -lm -lgcc_s -lgcc -lquadmath -lm -lgcc_s -lgcc -lc -lgcc_s -lgcc /apps/ault/spack/opt/spack/linux-centos8-zen/gcc-8.4.1/gcc-10.2.0-fqf4ze2mfclmx6e7ehrjckznpoqnevmi/lib/gcc/x86_64-pc-linux-gnu/10.2.0/crtend.o /lib/../lib64/crtn.o]
    arg [/apps/ault/spack/opt/spack/linux-centos8-zen/gcc-8.4.1/gcc-10.2.0-fqf4ze2mfclmx6e7ehrjckznpoqnevmi/libexec/gcc/x86_64-pc-linux-gnu/10.2.0/collect2] ==> ignore
    arg [-plugin] ==> ignore
    arg [/apps/ault/spack/opt/spack/linux-centos8-zen/gcc-8.4.1/gcc-10.2.0-fqf4ze2mfclmx6e7ehrjckznpoqnevmi/libexec/gcc/x86_64-pc-linux-gnu/10.2.0/liblto_plugin.so] ==> ignore
    arg [-plugin-opt=/apps/ault/spack/opt/spack/linux-centos8-zen/gcc-8.4.1/gcc-10.2.0-fqf4ze2mfclmx6e7ehrjckznpoqnevmi/libexec/gcc/x86_64-pc-linux-gnu/10.2.0/lto-wrapper] ==> ignore
    arg [-plugin-opt=-fresolution=/tmp/cciZj0iN.res] ==> ignore
    arg [-plugin-opt=-pass-through=-lgcc_s] ==> ignore
    arg [-plugin-opt=-pass-through=-lgcc] ==> ignore
    arg [-plugin-opt=-pass-through=-lquadmath] ==> ignore
    arg [-plugin-opt=-pass-through=-lm] ==> ignore
    arg [-plugin-opt=-pass-through=-lgcc_s] ==> ignore
    arg [-plugin-opt=-pass-through=-lgcc] ==> ignore
    arg [-plugin-opt=-pass-through=-lc] ==> ignore
    arg [-plugin-opt=-pass-through=-lgcc_s] ==> ignore
    arg [-plugin-opt=-pass-through=-lgcc] ==> ignore
    arg [-rpath] ==> ignore
    arg [/apps/ault/spack/opt/spack/linux-centos8-zen/gcc-8.4.1/gcc-10.2.0-fqf4ze2mfclmx6e7ehrjckznpoqnevmi/lib:/apps/ault/spack/opt/spack/linux-centos8-zen/gcc-8.4.1/gcc-10.2.0-fqf4ze2mfclmx6e7ehrjckznpoqnevmi/lib64] ==> ignore
    arg [--eh-frame-hdr] ==> ignore
    arg [-m] ==> ignore
    arg [elf_x86_64] ==> ignore
    arg [-dynamic-linker] ==> ignore
    arg [/lib64/ld-linux-x86-64.so.2] ==> ignore
    arg [-o] ==> ignore
    arg [cmTC_0dac7] ==> ignore
    arg [/lib/../lib64/crt1.o] ==> obj [/lib/../lib64/crt1.o]
    arg [/lib/../lib64/crti.o] ==> obj [/lib/../lib64/crti.o]
    arg [/apps/ault/spack/opt/spack/linux-centos8-zen/gcc-8.4.1/gcc-10.2.0-fqf4ze2mfclmx6e7ehrjckznpoqnevmi/lib/gcc/x86_64-pc-linux-gnu/10.2.0/crtbegin.o] ==> obj [/apps/ault/spack/opt/spack/linux-centos8-zen/gcc-8.4.1/gcc-10.2.0-fqf4ze2mfclmx6e7ehrjckznpoqnevmi/lib/gcc/x86_64-pc-linux-gnu/10.2.0/crtbegin.o]
    arg [-L/scratch/pmazumde/gitspace/icon-artifacts/velocity/integrate_meh] ==> dir [/scratch/pmazumde/gitspace/icon-artifacts/velocity/integrate_meh]
    arg [-L/apps/ault/spack/opt/spack/linux-centos8-zen/gcc-8.4.1/gcc-10.2.0-fqf4ze2mfclmx6e7ehrjckznpoqnevmi/lib/gcc/x86_64-pc-linux-gnu/10.2.0] ==> dir [/apps/ault/spack/opt/spack/linux-centos8-zen/gcc-8.4.1/gcc-10.2.0-fqf4ze2mfclmx6e7ehrjckznpoqnevmi/lib/gcc/x86_64-pc-linux-gnu/10.2.0]
    arg [-L/apps/ault/spack/opt/spack/linux-centos8-zen/gcc-8.4.1/gcc-10.2.0-fqf4ze2mfclmx6e7ehrjckznpoqnevmi/lib/gcc/x86_64-pc-linux-gnu/10.2.0/../../../../lib64] ==> dir [/apps/ault/spack/opt/spack/linux-centos8-zen/gcc-8.4.1/gcc-10.2.0-fqf4ze2mfclmx6e7ehrjckznpoqnevmi/lib/gcc/x86_64-pc-linux-gnu/10.2.0/../../../../lib64]
    arg [-L/lib/../lib64] ==> dir [/lib/../lib64]
    arg [-L/usr/lib/../lib64] ==> dir [/usr/lib/../lib64]
    arg [-L/scratch/wbenjami/dafy/sdfg_gpu/spack/opt/spack/linux-centos8-zen2/gcc-10.2.0/netcdf-fortran-4.6.0-p7jdeag2groulzasdfqnokx2qiris3zh/lib] ==> dir [/scratch/wbenjami/dafy/sdfg_gpu/spack/opt/spack/linux-centos8-zen2/gcc-10.2.0/netcdf-fortran-4.6.0-p7jdeag2groulzasdfqnokx2qiris3zh/lib]
    arg [-L/scratch/wbenjami/dafy/sdfg_gpu/spack/opt/spack/linux-centos8-zen2/gcc-10.2.0/netcdf-c-4.9.2-zynxjqlltpkunevnlaltrm7kfqlwjgpu/lib] ==> dir [/scratch/wbenjami/dafy/sdfg_gpu/spack/opt/spack/linux-centos8-zen2/gcc-10.2.0/netcdf-c-4.9.2-zynxjqlltpkunevnlaltrm7kfqlwjgpu/lib]
    arg [-L/scratch/wbenjami/dafy/sdfg_gpu/spack/opt/spack/linux-centos8-zen2/gcc-10.2.0/openblas-0.3.23-ara3inpfwh3myjbgqpaiqye5qc2b6wnc/lib] ==> dir [/scratch/wbenjami/dafy/sdfg_gpu/spack/opt/spack/linux-centos8-zen2/gcc-10.2.0/openblas-0.3.23-ara3inpfwh3myjbgqpaiqye5qc2b6wnc/lib]
    arg [-L/apps/ault/spack/opt/spack/linux-centos8-zen/gcc-8.4.1/gcc-10.2.0-fqf4ze2mfclmx6e7ehrjckznpoqnevmi/lib/gcc/x86_64-pc-linux-gnu/10.2.0/../../..] ==> dir [/apps/ault/spack/opt/spack/linux-centos8-zen/gcc-8.4.1/gcc-10.2.0-fqf4ze2mfclmx6e7ehrjckznpoqnevmi/lib/gcc/x86_64-pc-linux-gnu/10.2.0/../../..]
    arg [CMakeFiles/cmTC_0dac7.dir/CMakeFortranCompilerABI.F.o] ==> ignore
    arg [-lgfortran] ==> lib [gfortran]
    arg [-lm] ==> lib [m]
    arg [-lgcc_s] ==> lib [gcc_s]
    arg [-lgcc] ==> lib [gcc]
    arg [-lquadmath] ==> lib [quadmath]
    arg [-lm] ==> lib [m]
    arg [-lgcc_s] ==> lib [gcc_s]
    arg [-lgcc] ==> lib [gcc]
    arg [-lc] ==> lib [c]
    arg [-lgcc_s] ==> lib [gcc_s]
    arg [-lgcc] ==> lib [gcc]
    arg [/apps/ault/spack/opt/spack/linux-centos8-zen/gcc-8.4.1/gcc-10.2.0-fqf4ze2mfclmx6e7ehrjckznpoqnevmi/lib/gcc/x86_64-pc-linux-gnu/10.2.0/crtend.o] ==> obj [/apps/ault/spack/opt/spack/linux-centos8-zen/gcc-8.4.1/gcc-10.2.0-fqf4ze2mfclmx6e7ehrjckznpoqnevmi/lib/gcc/x86_64-pc-linux-gnu/10.2.0/crtend.o]
    arg [/lib/../lib64/crtn.o] ==> obj [/lib/../lib64/crtn.o]
  collapse obj [/lib/../lib64/crt1.o] ==> [/lib64/crt1.o]
  collapse obj [/lib/../lib64/crti.o] ==> [/lib64/crti.o]
  collapse obj [/lib/../lib64/crtn.o] ==> [/lib64/crtn.o]
  collapse library dir [/scratch/pmazumde/gitspace/icon-artifacts/velocity/integrate_meh] ==> [/scratch/pmazumde/gitspace/icon-artifacts/velocity/integrate_meh]
  collapse library dir [/apps/ault/spack/opt/spack/linux-centos8-zen/gcc-8.4.1/gcc-10.2.0-fqf4ze2mfclmx6e7ehrjckznpoqnevmi/lib/gcc/x86_64-pc-linux-gnu/10.2.0] ==> [/apps/ault/spack/opt/spack/linux-centos8-zen/gcc-8.4.1/gcc-10.2.0-fqf4ze2mfclmx6e7ehrjckznpoqnevmi/lib/gcc/x86_64-pc-linux-gnu/10.2.0]
  collapse library dir [/apps/ault/spack/opt/spack/linux-centos8-zen/gcc-8.4.1/gcc-10.2.0-fqf4ze2mfclmx6e7ehrjckznpoqnevmi/lib/gcc/x86_64-pc-linux-gnu/10.2.0/../../../../lib64] ==> [/apps/ault/spack/opt/spack/linux-centos8-zen/gcc-8.4.1/gcc-10.2.0-fqf4ze2mfclmx6e7ehrjckznpoqnevmi/lib64]
  collapse library dir [/lib/../lib64] ==> [/lib64]
  collapse library dir [/usr/lib/../lib64] ==> [/usr/lib64]
  collapse library dir [/scratch/wbenjami/dafy/sdfg_gpu/spack/opt/spack/linux-centos8-zen2/gcc-10.2.0/netcdf-fortran-4.6.0-p7jdeag2groulzasdfqnokx2qiris3zh/lib] ==> [/scratch/wbenjami/dafy/sdfg_gpu/spack/opt/spack/linux-centos8-zen2/gcc-10.2.0/netcdf-fortran-4.6.0-p7jdeag2groulzasdfqnokx2qiris3zh/lib]
  collapse library dir [/scratch/wbenjami/dafy/sdfg_gpu/spack/opt/spack/linux-centos8-zen2/gcc-10.2.0/netcdf-c-4.9.2-zynxjqlltpkunevnlaltrm7kfqlwjgpu/lib] ==> [/scratch/wbenjami/dafy/sdfg_gpu/spack/opt/spack/linux-centos8-zen2/gcc-10.2.0/netcdf-c-4.9.2-zynxjqlltpkunevnlaltrm7kfqlwjgpu/lib]
  collapse library dir [/scratch/wbenjami/dafy/sdfg_gpu/spack/opt/spack/linux-centos8-zen2/gcc-10.2.0/openblas-0.3.23-ara3inpfwh3myjbgqpaiqye5qc2b6wnc/lib] ==> [/scratch/wbenjami/dafy/sdfg_gpu/spack/opt/spack/linux-centos8-zen2/gcc-10.2.0/openblas-0.3.23-ara3inpfwh3myjbgqpaiqye5qc2b6wnc/lib]
  collapse library dir [/apps/ault/spack/opt/spack/linux-centos8-zen/gcc-8.4.1/gcc-10.2.0-fqf4ze2mfclmx6e7ehrjckznpoqnevmi/lib/gcc/x86_64-pc-linux-gnu/10.2.0/../../..] ==> [/apps/ault/spack/opt/spack/linux-centos8-zen/gcc-8.4.1/gcc-10.2.0-fqf4ze2mfclmx6e7ehrjckznpoqnevmi/lib]
  implicit libs: [gfortran;m;gcc_s;gcc;quadmath;m;gcc_s;gcc;c;gcc_s;gcc]
  implicit objs: [/lib64/crt1.o;/lib64/crti.o;/apps/ault/spack/opt/spack/linux-centos8-zen/gcc-8.4.1/gcc-10.2.0-fqf4ze2mfclmx6e7ehrjckznpoqnevmi/lib/gcc/x86_64-pc-linux-gnu/10.2.0/crtbegin.o;/apps/ault/spack/opt/spack/linux-centos8-zen/gcc-8.4.1/gcc-10.2.0-fqf4ze2mfclmx6e7ehrjckznpoqnevmi/lib/gcc/x86_64-pc-linux-gnu/10.2.0/crtend.o;/lib64/crtn.o]
  implicit dirs: [/scratch/pmazumde/gitspace/icon-artifacts/velocity/integrate_meh;/apps/ault/spack/opt/spack/linux-centos8-zen/gcc-8.4.1/gcc-10.2.0-fqf4ze2mfclmx6e7ehrjckznpoqnevmi/lib/gcc/x86_64-pc-linux-gnu/10.2.0;/apps/ault/spack/opt/spack/linux-centos8-zen/gcc-8.4.1/gcc-10.2.0-fqf4ze2mfclmx6e7ehrjckznpoqnevmi/lib64;/lib64;/usr/lib64;/scratch/wbenjami/dafy/sdfg_gpu/spack/opt/spack/linux-centos8-zen2/gcc-10.2.0/netcdf-fortran-4.6.0-p7jdeag2groulzasdfqnokx2qiris3zh/lib;/scratch/wbenjami/dafy/sdfg_gpu/spack/opt/spack/linux-centos8-zen2/gcc-10.2.0/netcdf-c-4.9.2-zynxjqlltpkunevnlaltrm7kfqlwjgpu/lib;/scratch/wbenjami/dafy/sdfg_gpu/spack/opt/spack/linux-centos8-zen2/gcc-10.2.0/openblas-0.3.23-ara3inpfwh3myjbgqpaiqye5qc2b6wnc/lib;/apps/ault/spack/opt/spack/linux-centos8-zen/gcc-8.4.1/gcc-10.2.0-fqf4ze2mfclmx6e7ehrjckznpoqnevmi/lib]
  implicit fwks: []


Determining if the Fortran compiler supports Fortran 90 passed with the following output:
Change Dir: /scratch/pmazumde/paper-icon-dace/icon-dace/build/externals/fortran-support/build/CMakeFiles/CMakeTmp

Run Build Command(s):/usr/bin/gmake -f Makefile cmTC_b4e67/fast && gmake[2]: Entering directory '/scratch/pmazumde/paper-icon-dace/icon-dace/build/externals/fortran-support/build/CMakeFiles/CMakeTmp'
/usr/bin/gmake  -f CMakeFiles/cmTC_b4e67.dir/build.make CMakeFiles/cmTC_b4e67.dir/build
gmake[3]: Entering directory '/scratch/pmazumde/paper-icon-dace/icon-dace/build/externals/fortran-support/build/CMakeFiles/CMakeTmp'
Building Fortran object CMakeFiles/cmTC_b4e67.dir/testFortranCompilerF90.f90.o
/apps/ault/spack/opt/spack/linux-centos8-zen/gcc-8.4.1/gcc-10.2.0-fqf4ze2mfclmx6e7ehrjckznpoqnevmi/bin/gfortran   -DDACE_SUBST_ENABLE -g -I/scratch/wbenjami/dafy/sdfg_gpu/spack/opt/spack/linux-centos8-zen2/gcc-10.2.0/netcdf-fortran-4.6.0-p7jdeag2groulzasdfqnokx2qiris3zh/include -I/scratch/wbenjami/dafy/sdfg_gpu/spack/opt/spack/linux-centos8-zen2/gcc-10.2.0/netcdf-c-4.9.2-zynxjqlltpkunevnlaltrm7kfqlwjgpu/include  -O2 -std=legacy  -c /scratch/pmazumde/paper-icon-dace/icon-dace/build/externals/fortran-support/build/CMakeFiles/CMakeTmp/testFortranCompilerF90.f90 -o CMakeFiles/cmTC_b4e67.dir/testFortranCompilerF90.f90.o
Linking Fortran executable cmTC_b4e67
/apps/ault/spack/opt/spack/linux-centos8-zen/gcc-8.4.1/cmake-3.21.3-zt24jfeuemvwweacziyho6ccdsdn2w4s/bin/cmake -E cmake_link_script CMakeFiles/cmTC_b4e67.dir/link.txt --verbose=1
/apps/ault/spack/opt/spack/linux-centos8-zen/gcc-8.4.1/gcc-10.2.0-fqf4ze2mfclmx6e7ehrjckznpoqnevmi/bin/gfortran -L/scratch/pmazumde/gitspace/icon-artifacts/velocity/integrate_meh  -DDACE_SUBST_ENABLE -g -I/scratch/wbenjami/dafy/sdfg_gpu/spack/opt/spack/linux-centos8-zen2/gcc-10.2.0/netcdf-fortran-4.6.0-p7jdeag2groulzasdfqnokx2qiris3zh/include -I/scratch/wbenjami/dafy/sdfg_gpu/spack/opt/spack/linux-centos8-zen2/gcc-10.2.0/netcdf-c-4.9.2-zynxjqlltpkunevnlaltrm7kfqlwjgpu/include  -O2 -std=legacy  CMakeFiles/cmTC_b4e67.dir/testFortranCompilerF90.f90.o -o cmTC_b4e67 
gmake[3]: Leaving directory '/scratch/pmazumde/paper-icon-dace/icon-dace/build/externals/fortran-support/build/CMakeFiles/CMakeTmp'
gmake[2]: Leaving directory '/scratch/pmazumde/paper-icon-dace/icon-dace/build/externals/fortran-support/build/CMakeFiles/CMakeTmp'



Detecting C compiler ABI info compiled with the following output:
Change Dir: /scratch/pmazumde/paper-icon-dace/icon-dace/build/externals/fortran-support/build/CMakeFiles/CMakeTmp

Run Build Command(s):/usr/bin/gmake -f Makefile cmTC_e5332/fast && gmake[2]: Entering directory '/scratch/pmazumde/paper-icon-dace/icon-dace/build/externals/fortran-support/build/CMakeFiles/CMakeTmp'
/usr/bin/gmake  -f CMakeFiles/cmTC_e5332.dir/build.make CMakeFiles/cmTC_e5332.dir/build
gmake[3]: Entering directory '/scratch/pmazumde/paper-icon-dace/icon-dace/build/externals/fortran-support/build/CMakeFiles/CMakeTmp'
Building C object CMakeFiles/cmTC_e5332.dir/CMakeCCompilerABI.c.o
/apps/ault/spack/opt/spack/linux-centos8-zen/gcc-8.4.1/gcc-10.2.0-fqf4ze2mfclmx6e7ehrjckznpoqnevmi/bin/gcc   -g -O2    -v -o CMakeFiles/cmTC_e5332.dir/CMakeCCompilerABI.c.o -c /apps/ault/spack/opt/spack/linux-centos8-zen/gcc-8.4.1/cmake-3.21.3-zt24jfeuemvwweacziyho6ccdsdn2w4s/share/cmake-3.21/Modules/CMakeCCompilerABI.c
Reading specs from /apps/ault/spack/opt/spack/linux-centos8-zen/gcc-8.4.1/gcc-10.2.0-fqf4ze2mfclmx6e7ehrjckznpoqnevmi/lib/gcc/x86_64-pc-linux-gnu/10.2.0/specs
COLLECT_GCC=/apps/ault/spack/opt/spack/linux-centos8-zen/gcc-8.4.1/gcc-10.2.0-fqf4ze2mfclmx6e7ehrjckznpoqnevmi/bin/gcc
Target: x86_64-pc-linux-gnu
Configured with: /tmp/kleinm/spack-stage/spack-stage-gcc-10.2.0-fqf4ze2mfclmx6e7ehrjckznpoqnevmi/spack-src/configure --prefix=/apps/ault/spack/opt/spack/linux-centos8-zen/gcc-8.4.1/gcc-10.2.0-fqf4ze2mfclmx6e7ehrjckznpoqnevmi --with-pkgversion='Spack GCC' --with-bugurl=https://github.com/spack/spack/issues --disable-multilib --enable-languages=c,c++,fortran --disable-nls --with-system-zlib --with-zstd-include=/apps/ault/spack/opt/spack/linux-centos8-zen/gcc-8.4.1/zstd-1.5.0-tdqxudxfvvdg24qqzcthxofjxtwgjv2y/include --with-zstd-lib=/apps/ault/spack/opt/spack/linux-centos8-zen/gcc-8.4.1/zstd-1.5.0-tdqxudxfvvdg24qqzcthxofjxtwgjv2y/lib64 --enable-bootstrap --with-mpfr-include=/apps/ault/spack/opt/spack/linux-centos8-zen/gcc-8.4.1/mpfr-4.1.0-ncrm3oi3zq4czkrhtsppakzbathaz7nm/include --with-mpfr-lib=/apps/ault/spack/opt/spack/linux-centos8-zen/gcc-8.4.1/mpfr-4.1.0-ncrm3oi3zq4czkrhtsppakzbathaz7nm/lib --with-gmp-include=/apps/ault/spack/opt/spack/linux-centos8-zen/gcc-8.4.1/gmp-6.2.1-a4uy3yg5ypry4p44urpwhs64ngc26vtd/include --with-gmp-lib=/apps/ault/spack/opt/spack/linux-centos8-zen/gcc-8.4.1/gmp-6.2.1-a4uy3yg5ypry4p44urpwhs64ngc26vtd/lib --with-mpc-include=/apps/ault/spack/opt/spack/linux-centos8-zen/gcc-8.4.1/mpc-1.1.0-6z3raodvxfd6flyau7y4xnubnkohnz5k/include --with-mpc-lib=/apps/ault/spack/opt/spack/linux-centos8-zen/gcc-8.4.1/mpc-1.1.0-6z3raodvxfd6flyau7y4xnubnkohnz5k/lib --without-isl --with-stage1-ldflags='-Wl,-rpath,/apps/ault/spack/opt/spack/linux-centos8-zen/gcc-8.4.1/gcc-10.2.0-fqf4ze2mfclmx6e7ehrjckznpoqnevmi/lib -Wl,-rpath,/apps/ault/spack/opt/spack/linux-centos8-zen/gcc-8.4.1/gcc-10.2.0-fqf4ze2mfclmx6e7ehrjckznpoqnevmi/lib64 -Wl,-rpath,/apps/ault/spack/opt/spack/linux-centos8-zen/gcc-8.4.1/gmp-6.2.1-a4uy3yg5ypry4p44urpwhs64ngc26vtd/lib -Wl,-rpath,/apps/ault/spack/opt/spack/linux-centos8-zen/gcc-8.4.1/mpfr-4.1.0-ncrm3oi3zq4czkrhtsppakzbathaz7nm/lib -Wl,-rpath,/apps/ault/spack/opt/spack/linux-centos8-zen/gcc-8.4.1/mpc-1.1.0-6z3raodvxfd6flyau7y4xnubnkohnz5k/lib -Wl,-rpath,/apps/ault/spack/opt/spack/linux-centos8-zen/gcc-8.4.1/zlib-1.2.11-dif34johfqcbxxhctkbvqxo4uwbhoz4c/lib -Wl,-rpath,/apps/ault/spack/opt/spack/linux-centos8-zen/gcc-8.4.1/zstd-1.5.0-tdqxudxfvvdg24qqzcthxofjxtwgjv2y/lib64' --with-boot-ldflags='-Wl,-rpath,/apps/ault/spack/opt/spack/linux-centos8-zen/gcc-8.4.1/gcc-10.2.0-fqf4ze2mfclmx6e7ehrjckznpoqnevmi/lib -Wl,-rpath,/apps/ault/spack/opt/spack/linux-centos8-zen/gcc-8.4.1/gcc-10.2.0-fqf4ze2mfclmx6e7ehrjckznpoqnevmi/lib64 -Wl,-rpath,/apps/ault/spack/opt/spack/linux-centos8-zen/gcc-8.4.1/gmp-6.2.1-a4uy3yg5ypry4p44urpwhs64ngc26vtd/lib -Wl,-rpath,/apps/ault/spack/opt/spack/linux-centos8-zen/gcc-8.4.1/mpfr-4.1.0-ncrm3oi3zq4czkrhtsppakzbathaz7nm/lib -Wl,-rpath,/apps/ault/spack/opt/spack/linux-centos8-zen/gcc-8.4.1/mpc-1.1.0-6z3raodvxfd6flyau7y4xnubnkohnz5k/lib -Wl,-rpath,/apps/ault/spack/opt/spack/linux-centos8-zen/gcc-8.4.1/zlib-1.2.11-dif34johfqcbxxhctkbvqxo4uwbhoz4c/lib -Wl,-rpath,/apps/ault/spack/opt/spack/linux-centos8-zen/gcc-8.4.1/zstd-1.5.0-tdqxudxfvvdg24qqzcthxofjxtwgjv2y/lib64 -static-libstdc++ -static-libgcc'
Thread model: posix
Supported LTO compression algorithms: zlib zstd
gcc version 10.2.0 (Spack GCC) 
COLLECT_GCC_OPTIONS='-g' '-O2' '-v' '-o' 'CMakeFiles/cmTC_e5332.dir/CMakeCCompilerABI.c.o' '-c' '-mtune=generic' '-march=x86-64'
 /apps/ault/spack/opt/spack/linux-centos8-zen/gcc-8.4.1/gcc-10.2.0-fqf4ze2mfclmx6e7ehrjckznpoqnevmi/libexec/gcc/x86_64-pc-linux-gnu/10.2.0/cc1 -quiet -v /apps/ault/spack/opt/spack/linux-centos8-zen/gcc-8.4.1/cmake-3.21.3-zt24jfeuemvwweacziyho6ccdsdn2w4s/share/cmake-3.21/Modules/CMakeCCompilerABI.c -quiet -dumpbase CMakeCCompilerABI.c -mtune=generic -march=x86-64 -auxbase-strip CMakeFiles/cmTC_e5332.dir/CMakeCCompilerABI.c.o -g -O2 -version -o /tmp/ccFg7cEk.s
GNU C17 (Spack GCC) version 10.2.0 (x86_64-pc-linux-gnu)
	compiled by GNU C version 10.2.0, GMP version 6.2.1, MPFR version 4.1.0, MPC version 1.1.0, isl version none
GGC heuristics: --param ggc-min-expand=100 --param ggc-min-heapsize=131072
ignoring nonexistent directory "/apps/ault/spack/opt/spack/linux-centos8-zen/gcc-8.4.1/gcc-10.2.0-fqf4ze2mfclmx6e7ehrjckznpoqnevmi/lib/gcc/x86_64-pc-linux-gnu/10.2.0/../../../../x86_64-pc-linux-gnu/include"
#include "..." search starts here:
#include <...> search starts here:
 /apps/ault/spack/opt/spack/linux-centos8-zen/gcc-8.4.1/gcc-10.2.0-fqf4ze2mfclmx6e7ehrjckznpoqnevmi/lib/gcc/x86_64-pc-linux-gnu/10.2.0/include
 /usr/local/include
 /apps/ault/spack/opt/spack/linux-centos8-zen/gcc-8.4.1/gcc-10.2.0-fqf4ze2mfclmx6e7ehrjckznpoqnevmi/include
 /apps/ault/spack/opt/spack/linux-centos8-zen/gcc-8.4.1/gcc-10.2.0-fqf4ze2mfclmx6e7ehrjckznpoqnevmi/lib/gcc/x86_64-pc-linux-gnu/10.2.0/include-fixed
 /usr/include
End of search list.
GNU C17 (Spack GCC) version 10.2.0 (x86_64-pc-linux-gnu)
	compiled by GNU C version 10.2.0, GMP version 6.2.1, MPFR version 4.1.0, MPC version 1.1.0, isl version none
GGC heuristics: --param ggc-min-expand=100 --param ggc-min-heapsize=131072
Compiler executable checksum: fce6a70fa08a5e02bcf19a0860b031e9
COLLECT_GCC_OPTIONS='-g' '-O2' '-v' '-o' 'CMakeFiles/cmTC_e5332.dir/CMakeCCompilerABI.c.o' '-c' '-mtune=generic' '-march=x86-64'
 as -v --64 -o CMakeFiles/cmTC_e5332.dir/CMakeCCompilerABI.c.o /tmp/ccFg7cEk.s
GNU assembler version 2.30 (x86_64-redhat-linux) using BFD version version 2.30-93.el8
COMPILER_PATH=/apps/ault/spack/opt/spack/linux-centos8-zen/gcc-8.4.1/gcc-10.2.0-fqf4ze2mfclmx6e7ehrjckznpoqnevmi/libexec/gcc/x86_64-pc-linux-gnu/10.2.0/:/apps/ault/spack/opt/spack/linux-centos8-zen/gcc-8.4.1/gcc-10.2.0-fqf4ze2mfclmx6e7ehrjckznpoqnevmi/libexec/gcc/x86_64-pc-linux-gnu/10.2.0/:/apps/ault/spack/opt/spack/linux-centos8-zen/gcc-8.4.1/gcc-10.2.0-fqf4ze2mfclmx6e7ehrjckznpoqnevmi/libexec/gcc/x86_64-pc-linux-gnu/:/apps/ault/spack/opt/spack/linux-centos8-zen/gcc-8.4.1/gcc-10.2.0-fqf4ze2mfclmx6e7ehrjckznpoqnevmi/lib/gcc/x86_64-pc-linux-gnu/10.2.0/:/apps/ault/spack/opt/spack/linux-centos8-zen/gcc-8.4.1/gcc-10.2.0-fqf4ze2mfclmx6e7ehrjckznpoqnevmi/lib/gcc/x86_64-pc-linux-gnu/
LIBRARY_PATH=/apps/ault/spack/opt/spack/linux-centos8-zen/gcc-8.4.1/gcc-10.2.0-fqf4ze2mfclmx6e7ehrjckznpoqnevmi/lib/gcc/x86_64-pc-linux-gnu/10.2.0/:/apps/ault/spack/opt/spack/linux-centos8-zen/gcc-8.4.1/gcc-10.2.0-fqf4ze2mfclmx6e7ehrjckznpoqnevmi/lib/gcc/x86_64-pc-linux-gnu/10.2.0/../../../../lib64/:/lib/../lib64/:/usr/lib/../lib64/:/scratch/wbenjami/dafy/sdfg_gpu/spack/opt/spack/linux-centos8-zen2/gcc-10.2.0/netcdf-fortran-4.6.0-p7jdeag2groulzasdfqnokx2qiris3zh/lib/:/scratch/wbenjami/dafy/sdfg_gpu/spack/opt/spack/linux-centos8-zen2/gcc-10.2.0/netcdf-c-4.9.2-zynxjqlltpkunevnlaltrm7kfqlwjgpu/lib/:/scratch/wbenjami/dafy/sdfg_gpu/spack/opt/spack/linux-centos8-zen2/gcc-10.2.0/openblas-0.3.23-ara3inpfwh3myjbgqpaiqye5qc2b6wnc/lib/:/apps/ault/spack/opt/spack/linux-centos8-zen/gcc-8.4.1/gcc-10.2.0-fqf4ze2mfclmx6e7ehrjckznpoqnevmi/lib/gcc/x86_64-pc-linux-gnu/10.2.0/../../../:/lib/:/usr/lib/
COLLECT_GCC_OPTIONS='-g' '-O2' '-v' '-o' 'CMakeFiles/cmTC_e5332.dir/CMakeCCompilerABI.c.o' '-c' '-mtune=generic' '-march=x86-64'
Linking C executable cmTC_e5332
/apps/ault/spack/opt/spack/linux-centos8-zen/gcc-8.4.1/cmake-3.21.3-zt24jfeuemvwweacziyho6ccdsdn2w4s/bin/cmake -E cmake_link_script CMakeFiles/cmTC_e5332.dir/link.txt --verbose=1
/apps/ault/spack/opt/spack/linux-centos8-zen/gcc-8.4.1/gcc-10.2.0-fqf4ze2mfclmx6e7ehrjckznpoqnevmi/bin/gcc -g -O2  -L/scratch/pmazumde/gitspace/icon-artifacts/velocity/integrate_meh -v CMakeFiles/cmTC_e5332.dir/CMakeCCompilerABI.c.o -o cmTC_e5332 
Reading specs from /apps/ault/spack/opt/spack/linux-centos8-zen/gcc-8.4.1/gcc-10.2.0-fqf4ze2mfclmx6e7ehrjckznpoqnevmi/lib/gcc/x86_64-pc-linux-gnu/10.2.0/specs
COLLECT_GCC=/apps/ault/spack/opt/spack/linux-centos8-zen/gcc-8.4.1/gcc-10.2.0-fqf4ze2mfclmx6e7ehrjckznpoqnevmi/bin/gcc
COLLECT_LTO_WRAPPER=/apps/ault/spack/opt/spack/linux-centos8-zen/gcc-8.4.1/gcc-10.2.0-fqf4ze2mfclmx6e7ehrjckznpoqnevmi/libexec/gcc/x86_64-pc-linux-gnu/10.2.0/lto-wrapper
Target: x86_64-pc-linux-gnu
Configured with: /tmp/kleinm/spack-stage/spack-stage-gcc-10.2.0-fqf4ze2mfclmx6e7ehrjckznpoqnevmi/spack-src/configure --prefix=/apps/ault/spack/opt/spack/linux-centos8-zen/gcc-8.4.1/gcc-10.2.0-fqf4ze2mfclmx6e7ehrjckznpoqnevmi --with-pkgversion='Spack GCC' --with-bugurl=https://github.com/spack/spack/issues --disable-multilib --enable-languages=c,c++,fortran --disable-nls --with-system-zlib --with-zstd-include=/apps/ault/spack/opt/spack/linux-centos8-zen/gcc-8.4.1/zstd-1.5.0-tdqxudxfvvdg24qqzcthxofjxtwgjv2y/include --with-zstd-lib=/apps/ault/spack/opt/spack/linux-centos8-zen/gcc-8.4.1/zstd-1.5.0-tdqxudxfvvdg24qqzcthxofjxtwgjv2y/lib64 --enable-bootstrap --with-mpfr-include=/apps/ault/spack/opt/spack/linux-centos8-zen/gcc-8.4.1/mpfr-4.1.0-ncrm3oi3zq4czkrhtsppakzbathaz7nm/include --with-mpfr-lib=/apps/ault/spack/opt/spack/linux-centos8-zen/gcc-8.4.1/mpfr-4.1.0-ncrm3oi3zq4czkrhtsppakzbathaz7nm/lib --with-gmp-include=/apps/ault/spack/opt/spack/linux-centos8-zen/gcc-8.4.1/gmp-6.2.1-a4uy3yg5ypry4p44urpwhs64ngc26vtd/include --with-gmp-lib=/apps/ault/spack/opt/spack/linux-centos8-zen/gcc-8.4.1/gmp-6.2.1-a4uy3yg5ypry4p44urpwhs64ngc26vtd/lib --with-mpc-include=/apps/ault/spack/opt/spack/linux-centos8-zen/gcc-8.4.1/mpc-1.1.0-6z3raodvxfd6flyau7y4xnubnkohnz5k/include --with-mpc-lib=/apps/ault/spack/opt/spack/linux-centos8-zen/gcc-8.4.1/mpc-1.1.0-6z3raodvxfd6flyau7y4xnubnkohnz5k/lib --without-isl --with-stage1-ldflags='-Wl,-rpath,/apps/ault/spack/opt/spack/linux-centos8-zen/gcc-8.4.1/gcc-10.2.0-fqf4ze2mfclmx6e7ehrjckznpoqnevmi/lib -Wl,-rpath,/apps/ault/spack/opt/spack/linux-centos8-zen/gcc-8.4.1/gcc-10.2.0-fqf4ze2mfclmx6e7ehrjckznpoqnevmi/lib64 -Wl,-rpath,/apps/ault/spack/opt/spack/linux-centos8-zen/gcc-8.4.1/gmp-6.2.1-a4uy3yg5ypry4p44urpwhs64ngc26vtd/lib -Wl,-rpath,/apps/ault/spack/opt/spack/linux-centos8-zen/gcc-8.4.1/mpfr-4.1.0-ncrm3oi3zq4czkrhtsppakzbathaz7nm/lib -Wl,-rpath,/apps/ault/spack/opt/spack/linux-centos8-zen/gcc-8.4.1/mpc-1.1.0-6z3raodvxfd6flyau7y4xnubnkohnz5k/lib -Wl,-rpath,/apps/ault/spack/opt/spack/linux-centos8-zen/gcc-8.4.1/zlib-1.2.11-dif34johfqcbxxhctkbvqxo4uwbhoz4c/lib -Wl,-rpath,/apps/ault/spack/opt/spack/linux-centos8-zen/gcc-8.4.1/zstd-1.5.0-tdqxudxfvvdg24qqzcthxofjxtwgjv2y/lib64' --with-boot-ldflags='-Wl,-rpath,/apps/ault/spack/opt/spack/linux-centos8-zen/gcc-8.4.1/gcc-10.2.0-fqf4ze2mfclmx6e7ehrjckznpoqnevmi/lib -Wl,-rpath,/apps/ault/spack/opt/spack/linux-centos8-zen/gcc-8.4.1/gcc-10.2.0-fqf4ze2mfclmx6e7ehrjckznpoqnevmi/lib64 -Wl,-rpath,/apps/ault/spack/opt/spack/linux-centos8-zen/gcc-8.4.1/gmp-6.2.1-a4uy3yg5ypry4p44urpwhs64ngc26vtd/lib -Wl,-rpath,/apps/ault/spack/opt/spack/linux-centos8-zen/gcc-8.4.1/mpfr-4.1.0-ncrm3oi3zq4czkrhtsppakzbathaz7nm/lib -Wl,-rpath,/apps/ault/spack/opt/spack/linux-centos8-zen/gcc-8.4.1/mpc-1.1.0-6z3raodvxfd6flyau7y4xnubnkohnz5k/lib -Wl,-rpath,/apps/ault/spack/opt/spack/linux-centos8-zen/gcc-8.4.1/zlib-1.2.11-dif34johfqcbxxhctkbvqxo4uwbhoz4c/lib -Wl,-rpath,/apps/ault/spack/opt/spack/linux-centos8-zen/gcc-8.4.1/zstd-1.5.0-tdqxudxfvvdg24qqzcthxofjxtwgjv2y/lib64 -static-libstdc++ -static-libgcc'
Thread model: posix
Supported LTO compression algorithms: zlib zstd
gcc version 10.2.0 (Spack GCC) 
COMPILER_PATH=/apps/ault/spack/opt/spack/linux-centos8-zen/gcc-8.4.1/gcc-10.2.0-fqf4ze2mfclmx6e7ehrjckznpoqnevmi/libexec/gcc/x86_64-pc-linux-gnu/10.2.0/:/apps/ault/spack/opt/spack/linux-centos8-zen/gcc-8.4.1/gcc-10.2.0-fqf4ze2mfclmx6e7ehrjckznpoqnevmi/libexec/gcc/x86_64-pc-linux-gnu/10.2.0/:/apps/ault/spack/opt/spack/linux-centos8-zen/gcc-8.4.1/gcc-10.2.0-fqf4ze2mfclmx6e7ehrjckznpoqnevmi/libexec/gcc/x86_64-pc-linux-gnu/:/apps/ault/spack/opt/spack/linux-centos8-zen/gcc-8.4.1/gcc-10.2.0-fqf4ze2mfclmx6e7ehrjckznpoqnevmi/lib/gcc/x86_64-pc-linux-gnu/10.2.0/:/apps/ault/spack/opt/spack/linux-centos8-zen/gcc-8.4.1/gcc-10.2.0-fqf4ze2mfclmx6e7ehrjckznpoqnevmi/lib/gcc/x86_64-pc-linux-gnu/
LIBRARY_PATH=/apps/ault/spack/opt/spack/linux-centos8-zen/gcc-8.4.1/gcc-10.2.0-fqf4ze2mfclmx6e7ehrjckznpoqnevmi/lib/gcc/x86_64-pc-linux-gnu/10.2.0/:/apps/ault/spack/opt/spack/linux-centos8-zen/gcc-8.4.1/gcc-10.2.0-fqf4ze2mfclmx6e7ehrjckznpoqnevmi/lib/gcc/x86_64-pc-linux-gnu/10.2.0/../../../../lib64/:/lib/../lib64/:/usr/lib/../lib64/:/scratch/wbenjami/dafy/sdfg_gpu/spack/opt/spack/linux-centos8-zen2/gcc-10.2.0/netcdf-fortran-4.6.0-p7jdeag2groulzasdfqnokx2qiris3zh/lib/:/scratch/wbenjami/dafy/sdfg_gpu/spack/opt/spack/linux-centos8-zen2/gcc-10.2.0/netcdf-c-4.9.2-zynxjqlltpkunevnlaltrm7kfqlwjgpu/lib/:/scratch/wbenjami/dafy/sdfg_gpu/spack/opt/spack/linux-centos8-zen2/gcc-10.2.0/openblas-0.3.23-ara3inpfwh3myjbgqpaiqye5qc2b6wnc/lib/:/apps/ault/spack/opt/spack/linux-centos8-zen/gcc-8.4.1/gcc-10.2.0-fqf4ze2mfclmx6e7ehrjckznpoqnevmi/lib/gcc/x86_64-pc-linux-gnu/10.2.0/../../../:/lib/:/usr/lib/
COLLECT_GCC_OPTIONS='-g' '-O2' '-L/scratch/pmazumde/gitspace/icon-artifacts/velocity/integrate_meh' '-v' '-o' 'cmTC_e5332' '-mtune=generic' '-march=x86-64'
 /apps/ault/spack/opt/spack/linux-centos8-zen/gcc-8.4.1/gcc-10.2.0-fqf4ze2mfclmx6e7ehrjckznpoqnevmi/libexec/gcc/x86_64-pc-linux-gnu/10.2.0/collect2 -plugin /apps/ault/spack/opt/spack/linux-centos8-zen/gcc-8.4.1/gcc-10.2.0-fqf4ze2mfclmx6e7ehrjckznpoqnevmi/libexec/gcc/x86_64-pc-linux-gnu/10.2.0/liblto_plugin.so -plugin-opt=/apps/ault/spack/opt/spack/linux-centos8-zen/gcc-8.4.1/gcc-10.2.0-fqf4ze2mfclmx6e7ehrjckznpoqnevmi/libexec/gcc/x86_64-pc-linux-gnu/10.2.0/lto-wrapper -plugin-opt=-fresolution=/tmp/cczBF3mv.res -plugin-opt=-pass-through=-lgcc -plugin-opt=-pass-through=-lgcc_s -plugin-opt=-pass-through=-lc -plugin-opt=-pass-through=-lgcc -plugin-opt=-pass-through=-lgcc_s -rpath /apps/ault/spack/opt/spack/linux-centos8-zen/gcc-8.4.1/gcc-10.2.0-fqf4ze2mfclmx6e7ehrjckznpoqnevmi/lib:/apps/ault/spack/opt/spack/linux-centos8-zen/gcc-8.4.1/gcc-10.2.0-fqf4ze2mfclmx6e7ehrjckznpoqnevmi/lib64 --eh-frame-hdr -m elf_x86_64 -dynamic-linker /lib64/ld-linux-x86-64.so.2 -o cmTC_e5332 /lib/../lib64/crt1.o /lib/../lib64/crti.o /apps/ault/spack/opt/spack/linux-centos8-zen/gcc-8.4.1/gcc-10.2.0-fqf4ze2mfclmx6e7ehrjckznpoqnevmi/lib/gcc/x86_64-pc-linux-gnu/10.2.0/crtbegin.o -L/scratch/pmazumde/gitspace/icon-artifacts/velocity/integrate_meh -L/apps/ault/spack/opt/spack/linux-centos8-zen/gcc-8.4.1/gcc-10.2.0-fqf4ze2mfclmx6e7ehrjckznpoqnevmi/lib/gcc/x86_64-pc-linux-gnu/10.2.0 -L/apps/ault/spack/opt/spack/linux-centos8-zen/gcc-8.4.1/gcc-10.2.0-fqf4ze2mfclmx6e7ehrjckznpoqnevmi/lib/gcc/x86_64-pc-linux-gnu/10.2.0/../../../../lib64 -L/lib/../lib64 -L/usr/lib/../lib64 -L/scratch/wbenjami/dafy/sdfg_gpu/spack/opt/spack/linux-centos8-zen2/gcc-10.2.0/netcdf-fortran-4.6.0-p7jdeag2groulzasdfqnokx2qiris3zh/lib -L/scratch/wbenjami/dafy/sdfg_gpu/spack/opt/spack/linux-centos8-zen2/gcc-10.2.0/netcdf-c-4.9.2-zynxjqlltpkunevnlaltrm7kfqlwjgpu/lib -L/scratch/wbenjami/dafy/sdfg_gpu/spack/opt/spack/linux-centos8-zen2/gcc-10.2.0/openblas-0.3.23-ara3inpfwh3myjbgqpaiqye5qc2b6wnc/lib -L/apps/ault/spack/opt/spack/linux-centos8-zen/gcc-8.4.1/gcc-10.2.0-fqf4ze2mfclmx6e7ehrjckznpoqnevmi/lib/gcc/x86_64-pc-linux-gnu/10.2.0/../../.. CMakeFiles/cmTC_e5332.dir/CMakeCCompilerABI.c.o -lgcc --push-state --as-needed -lgcc_s --pop-state -lc -lgcc --push-state --as-needed -lgcc_s --pop-state /apps/ault/spack/opt/spack/linux-centos8-zen/gcc-8.4.1/gcc-10.2.0-fqf4ze2mfclmx6e7ehrjckznpoqnevmi/lib/gcc/x86_64-pc-linux-gnu/10.2.0/crtend.o /lib/../lib64/crtn.o
COLLECT_GCC_OPTIONS='-g' '-O2' '-L/scratch/pmazumde/gitspace/icon-artifacts/velocity/integrate_meh' '-v' '-o' 'cmTC_e5332' '-mtune=generic' '-march=x86-64'
gmake[3]: Leaving directory '/scratch/pmazumde/paper-icon-dace/icon-dace/build/externals/fortran-support/build/CMakeFiles/CMakeTmp'
gmake[2]: Leaving directory '/scratch/pmazumde/paper-icon-dace/icon-dace/build/externals/fortran-support/build/CMakeFiles/CMakeTmp'



Parsed C implicit include dir info from above output: rv=done
  found start of include info
  found start of implicit include info
    add: [/apps/ault/spack/opt/spack/linux-centos8-zen/gcc-8.4.1/gcc-10.2.0-fqf4ze2mfclmx6e7ehrjckznpoqnevmi/lib/gcc/x86_64-pc-linux-gnu/10.2.0/include]
    add: [/usr/local/include]
    add: [/apps/ault/spack/opt/spack/linux-centos8-zen/gcc-8.4.1/gcc-10.2.0-fqf4ze2mfclmx6e7ehrjckznpoqnevmi/include]
    add: [/apps/ault/spack/opt/spack/linux-centos8-zen/gcc-8.4.1/gcc-10.2.0-fqf4ze2mfclmx6e7ehrjckznpoqnevmi/lib/gcc/x86_64-pc-linux-gnu/10.2.0/include-fixed]
    add: [/usr/include]
  end of search list found
  collapse include dir [/apps/ault/spack/opt/spack/linux-centos8-zen/gcc-8.4.1/gcc-10.2.0-fqf4ze2mfclmx6e7ehrjckznpoqnevmi/lib/gcc/x86_64-pc-linux-gnu/10.2.0/include] ==> [/apps/ault/spack/opt/spack/linux-centos8-zen/gcc-8.4.1/gcc-10.2.0-fqf4ze2mfclmx6e7ehrjckznpoqnevmi/lib/gcc/x86_64-pc-linux-gnu/10.2.0/include]
  collapse include dir [/usr/local/include] ==> [/usr/local/include]
  collapse include dir [/apps/ault/spack/opt/spack/linux-centos8-zen/gcc-8.4.1/gcc-10.2.0-fqf4ze2mfclmx6e7ehrjckznpoqnevmi/include] ==> [/apps/ault/spack/opt/spack/linux-centos8-zen/gcc-8.4.1/gcc-10.2.0-fqf4ze2mfclmx6e7ehrjckznpoqnevmi/include]
  collapse include dir [/apps/ault/spack/opt/spack/linux-centos8-zen/gcc-8.4.1/gcc-10.2.0-fqf4ze2mfclmx6e7ehrjckznpoqnevmi/lib/gcc/x86_64-pc-linux-gnu/10.2.0/include-fixed] ==> [/apps/ault/spack/opt/spack/linux-centos8-zen/gcc-8.4.1/gcc-10.2.0-fqf4ze2mfclmx6e7ehrjckznpoqnevmi/lib/gcc/x86_64-pc-linux-gnu/10.2.0/include-fixed]
  collapse include dir [/usr/include] ==> [/usr/include]
  implicit include dirs: [/apps/ault/spack/opt/spack/linux-centos8-zen/gcc-8.4.1/gcc-10.2.0-fqf4ze2mfclmx6e7ehrjckznpoqnevmi/lib/gcc/x86_64-pc-linux-gnu/10.2.0/include;/usr/local/include;/apps/ault/spack/opt/spack/linux-centos8-zen/gcc-8.4.1/gcc-10.2.0-fqf4ze2mfclmx6e7ehrjckznpoqnevmi/include;/apps/ault/spack/opt/spack/linux-centos8-zen/gcc-8.4.1/gcc-10.2.0-fqf4ze2mfclmx6e7ehrjckznpoqnevmi/lib/gcc/x86_64-pc-linux-gnu/10.2.0/include-fixed;/usr/include]


Parsed C implicit link information from above output:
  link line regex: [^( *|.*[/\])(ld|CMAKE_LINK_STARTFILE-NOTFOUND|([^/\]+-)?ld|collect2)[^/\]*( |$)]
  ignore line: [Change Dir: /scratch/pmazumde/paper-icon-dace/icon-dace/build/externals/fortran-support/build/CMakeFiles/CMakeTmp]
  ignore line: []
  ignore line: [Run Build Command(s):/usr/bin/gmake -f Makefile cmTC_e5332/fast && gmake[2]: Entering directory '/scratch/pmazumde/paper-icon-dace/icon-dace/build/externals/fortran-support/build/CMakeFiles/CMakeTmp']
  ignore line: [/usr/bin/gmake  -f CMakeFiles/cmTC_e5332.dir/build.make CMakeFiles/cmTC_e5332.dir/build]
  ignore line: [gmake[3]: Entering directory '/scratch/pmazumde/paper-icon-dace/icon-dace/build/externals/fortran-support/build/CMakeFiles/CMakeTmp']
  ignore line: [Building C object CMakeFiles/cmTC_e5332.dir/CMakeCCompilerABI.c.o]
  ignore line: [/apps/ault/spack/opt/spack/linux-centos8-zen/gcc-8.4.1/gcc-10.2.0-fqf4ze2mfclmx6e7ehrjckznpoqnevmi/bin/gcc   -g -O2    -v -o CMakeFiles/cmTC_e5332.dir/CMakeCCompilerABI.c.o -c /apps/ault/spack/opt/spack/linux-centos8-zen/gcc-8.4.1/cmake-3.21.3-zt24jfeuemvwweacziyho6ccdsdn2w4s/share/cmake-3.21/Modules/CMakeCCompilerABI.c]
  ignore line: [Reading specs from /apps/ault/spack/opt/spack/linux-centos8-zen/gcc-8.4.1/gcc-10.2.0-fqf4ze2mfclmx6e7ehrjckznpoqnevmi/lib/gcc/x86_64-pc-linux-gnu/10.2.0/specs]
  ignore line: [COLLECT_GCC=/apps/ault/spack/opt/spack/linux-centos8-zen/gcc-8.4.1/gcc-10.2.0-fqf4ze2mfclmx6e7ehrjckznpoqnevmi/bin/gcc]
  ignore line: [Target: x86_64-pc-linux-gnu]
  ignore line: [Configured with: /tmp/kleinm/spack-stage/spack-stage-gcc-10.2.0-fqf4ze2mfclmx6e7ehrjckznpoqnevmi/spack-src/configure --prefix=/apps/ault/spack/opt/spack/linux-centos8-zen/gcc-8.4.1/gcc-10.2.0-fqf4ze2mfclmx6e7ehrjckznpoqnevmi --with-pkgversion='Spack GCC' --with-bugurl=https://github.com/spack/spack/issues --disable-multilib --enable-languages=c c++ fortran --disable-nls --with-system-zlib --with-zstd-include=/apps/ault/spack/opt/spack/linux-centos8-zen/gcc-8.4.1/zstd-1.5.0-tdqxudxfvvdg24qqzcthxofjxtwgjv2y/include --with-zstd-lib=/apps/ault/spack/opt/spack/linux-centos8-zen/gcc-8.4.1/zstd-1.5.0-tdqxudxfvvdg24qqzcthxofjxtwgjv2y/lib64 --enable-bootstrap --with-mpfr-include=/apps/ault/spack/opt/spack/linux-centos8-zen/gcc-8.4.1/mpfr-4.1.0-ncrm3oi3zq4czkrhtsppakzbathaz7nm/include --with-mpfr-lib=/apps/ault/spack/opt/spack/linux-centos8-zen/gcc-8.4.1/mpfr-4.1.0-ncrm3oi3zq4czkrhtsppakzbathaz7nm/lib --with-gmp-include=/apps/ault/spack/opt/spack/linux-centos8-zen/gcc-8.4.1/gmp-6.2.1-a4uy3yg5ypry4p44urpwhs64ngc26vtd/include --with-gmp-lib=/apps/ault/spack/opt/spack/linux-centos8-zen/gcc-8.4.1/gmp-6.2.1-a4uy3yg5ypry4p44urpwhs64ngc26vtd/lib --with-mpc-include=/apps/ault/spack/opt/spack/linux-centos8-zen/gcc-8.4.1/mpc-1.1.0-6z3raodvxfd6flyau7y4xnubnkohnz5k/include --with-mpc-lib=/apps/ault/spack/opt/spack/linux-centos8-zen/gcc-8.4.1/mpc-1.1.0-6z3raodvxfd6flyau7y4xnubnkohnz5k/lib --without-isl --with-stage1-ldflags='-Wl -rpath /apps/ault/spack/opt/spack/linux-centos8-zen/gcc-8.4.1/gcc-10.2.0-fqf4ze2mfclmx6e7ehrjckznpoqnevmi/lib -Wl -rpath /apps/ault/spack/opt/spack/linux-centos8-zen/gcc-8.4.1/gcc-10.2.0-fqf4ze2mfclmx6e7ehrjckznpoqnevmi/lib64 -Wl -rpath /apps/ault/spack/opt/spack/linux-centos8-zen/gcc-8.4.1/gmp-6.2.1-a4uy3yg5ypry4p44urpwhs64ngc26vtd/lib -Wl -rpath /apps/ault/spack/opt/spack/linux-centos8-zen/gcc-8.4.1/mpfr-4.1.0-ncrm3oi3zq4czkrhtsppakzbathaz7nm/lib -Wl -rpath /apps/ault/spack/opt/spack/linux-centos8-zen/gcc-8.4.1/mpc-1.1.0-6z3raodvxfd6flyau7y4xnubnkohnz5k/lib -Wl -rpath /apps/ault/spack/opt/spack/linux-centos8-zen/gcc-8.4.1/zlib-1.2.11-dif34johfqcbxxhctkbvqxo4uwbhoz4c/lib -Wl -rpath /apps/ault/spack/opt/spack/linux-centos8-zen/gcc-8.4.1/zstd-1.5.0-tdqxudxfvvdg24qqzcthxofjxtwgjv2y/lib64' --with-boot-ldflags='-Wl -rpath /apps/ault/spack/opt/spack/linux-centos8-zen/gcc-8.4.1/gcc-10.2.0-fqf4ze2mfclmx6e7ehrjckznpoqnevmi/lib -Wl -rpath /apps/ault/spack/opt/spack/linux-centos8-zen/gcc-8.4.1/gcc-10.2.0-fqf4ze2mfclmx6e7ehrjckznpoqnevmi/lib64 -Wl -rpath /apps/ault/spack/opt/spack/linux-centos8-zen/gcc-8.4.1/gmp-6.2.1-a4uy3yg5ypry4p44urpwhs64ngc26vtd/lib -Wl -rpath /apps/ault/spack/opt/spack/linux-centos8-zen/gcc-8.4.1/mpfr-4.1.0-ncrm3oi3zq4czkrhtsppakzbathaz7nm/lib -Wl -rpath /apps/ault/spack/opt/spack/linux-centos8-zen/gcc-8.4.1/mpc-1.1.0-6z3raodvxfd6flyau7y4xnubnkohnz5k/lib -Wl -rpath /apps/ault/spack/opt/spack/linux-centos8-zen/gcc-8.4.1/zlib-1.2.11-dif34johfqcbxxhctkbvqxo4uwbhoz4c/lib -Wl -rpath /apps/ault/spack/opt/spack/linux-centos8-zen/gcc-8.4.1/zstd-1.5.0-tdqxudxfvvdg24qqzcthxofjxtwgjv2y/lib64 -static-libstdc++ -static-libgcc']
  ignore line: [Thread model: posix]
  ignore line: [Supported LTO compression algorithms: zlib zstd]
  ignore line: [gcc version 10.2.0 (Spack GCC) ]
  ignore line: [COLLECT_GCC_OPTIONS='-g' '-O2' '-v' '-o' 'CMakeFiles/cmTC_e5332.dir/CMakeCCompilerABI.c.o' '-c' '-mtune=generic' '-march=x86-64']
  ignore line: [ /apps/ault/spack/opt/spack/linux-centos8-zen/gcc-8.4.1/gcc-10.2.0-fqf4ze2mfclmx6e7ehrjckznpoqnevmi/libexec/gcc/x86_64-pc-linux-gnu/10.2.0/cc1 -quiet -v /apps/ault/spack/opt/spack/linux-centos8-zen/gcc-8.4.1/cmake-3.21.3-zt24jfeuemvwweacziyho6ccdsdn2w4s/share/cmake-3.21/Modules/CMakeCCompilerABI.c -quiet -dumpbase CMakeCCompilerABI.c -mtune=generic -march=x86-64 -auxbase-strip CMakeFiles/cmTC_e5332.dir/CMakeCCompilerABI.c.o -g -O2 -version -o /tmp/ccFg7cEk.s]
  ignore line: [GNU C17 (Spack GCC) version 10.2.0 (x86_64-pc-linux-gnu)]
  ignore line: [	compiled by GNU C version 10.2.0  GMP version 6.2.1  MPFR version 4.1.0  MPC version 1.1.0  isl version none]
  ignore line: [GGC heuristics: --param ggc-min-expand=100 --param ggc-min-heapsize=131072]
  ignore line: [ignoring nonexistent directory "/apps/ault/spack/opt/spack/linux-centos8-zen/gcc-8.4.1/gcc-10.2.0-fqf4ze2mfclmx6e7ehrjckznpoqnevmi/lib/gcc/x86_64-pc-linux-gnu/10.2.0/../../../../x86_64-pc-linux-gnu/include"]
  ignore line: [#include "..." search starts here:]
  ignore line: [#include <...> search starts here:]
  ignore line: [ /apps/ault/spack/opt/spack/linux-centos8-zen/gcc-8.4.1/gcc-10.2.0-fqf4ze2mfclmx6e7ehrjckznpoqnevmi/lib/gcc/x86_64-pc-linux-gnu/10.2.0/include]
  ignore line: [ /usr/local/include]
  ignore line: [ /apps/ault/spack/opt/spack/linux-centos8-zen/gcc-8.4.1/gcc-10.2.0-fqf4ze2mfclmx6e7ehrjckznpoqnevmi/include]
  ignore line: [ /apps/ault/spack/opt/spack/linux-centos8-zen/gcc-8.4.1/gcc-10.2.0-fqf4ze2mfclmx6e7ehrjckznpoqnevmi/lib/gcc/x86_64-pc-linux-gnu/10.2.0/include-fixed]
  ignore line: [ /usr/include]
  ignore line: [End of search list.]
  ignore line: [GNU C17 (Spack GCC) version 10.2.0 (x86_64-pc-linux-gnu)]
  ignore line: [	compiled by GNU C version 10.2.0  GMP version 6.2.1  MPFR version 4.1.0  MPC version 1.1.0  isl version none]
  ignore line: [GGC heuristics: --param ggc-min-expand=100 --param ggc-min-heapsize=131072]
  ignore line: [Compiler executable checksum: fce6a70fa08a5e02bcf19a0860b031e9]
  ignore line: [COLLECT_GCC_OPTIONS='-g' '-O2' '-v' '-o' 'CMakeFiles/cmTC_e5332.dir/CMakeCCompilerABI.c.o' '-c' '-mtune=generic' '-march=x86-64']
  ignore line: [ as -v --64 -o CMakeFiles/cmTC_e5332.dir/CMakeCCompilerABI.c.o /tmp/ccFg7cEk.s]
  ignore line: [GNU assembler version 2.30 (x86_64-redhat-linux) using BFD version version 2.30-93.el8]
  ignore line: [COMPILER_PATH=/apps/ault/spack/opt/spack/linux-centos8-zen/gcc-8.4.1/gcc-10.2.0-fqf4ze2mfclmx6e7ehrjckznpoqnevmi/libexec/gcc/x86_64-pc-linux-gnu/10.2.0/:/apps/ault/spack/opt/spack/linux-centos8-zen/gcc-8.4.1/gcc-10.2.0-fqf4ze2mfclmx6e7ehrjckznpoqnevmi/libexec/gcc/x86_64-pc-linux-gnu/10.2.0/:/apps/ault/spack/opt/spack/linux-centos8-zen/gcc-8.4.1/gcc-10.2.0-fqf4ze2mfclmx6e7ehrjckznpoqnevmi/libexec/gcc/x86_64-pc-linux-gnu/:/apps/ault/spack/opt/spack/linux-centos8-zen/gcc-8.4.1/gcc-10.2.0-fqf4ze2mfclmx6e7ehrjckznpoqnevmi/lib/gcc/x86_64-pc-linux-gnu/10.2.0/:/apps/ault/spack/opt/spack/linux-centos8-zen/gcc-8.4.1/gcc-10.2.0-fqf4ze2mfclmx6e7ehrjckznpoqnevmi/lib/gcc/x86_64-pc-linux-gnu/]
  ignore line: [LIBRARY_PATH=/apps/ault/spack/opt/spack/linux-centos8-zen/gcc-8.4.1/gcc-10.2.0-fqf4ze2mfclmx6e7ehrjckznpoqnevmi/lib/gcc/x86_64-pc-linux-gnu/10.2.0/:/apps/ault/spack/opt/spack/linux-centos8-zen/gcc-8.4.1/gcc-10.2.0-fqf4ze2mfclmx6e7ehrjckznpoqnevmi/lib/gcc/x86_64-pc-linux-gnu/10.2.0/../../../../lib64/:/lib/../lib64/:/usr/lib/../lib64/:/scratch/wbenjami/dafy/sdfg_gpu/spack/opt/spack/linux-centos8-zen2/gcc-10.2.0/netcdf-fortran-4.6.0-p7jdeag2groulzasdfqnokx2qiris3zh/lib/:/scratch/wbenjami/dafy/sdfg_gpu/spack/opt/spack/linux-centos8-zen2/gcc-10.2.0/netcdf-c-4.9.2-zynxjqlltpkunevnlaltrm7kfqlwjgpu/lib/:/scratch/wbenjami/dafy/sdfg_gpu/spack/opt/spack/linux-centos8-zen2/gcc-10.2.0/openblas-0.3.23-ara3inpfwh3myjbgqpaiqye5qc2b6wnc/lib/:/apps/ault/spack/opt/spack/linux-centos8-zen/gcc-8.4.1/gcc-10.2.0-fqf4ze2mfclmx6e7ehrjckznpoqnevmi/lib/gcc/x86_64-pc-linux-gnu/10.2.0/../../../:/lib/:/usr/lib/]
  ignore line: [COLLECT_GCC_OPTIONS='-g' '-O2' '-v' '-o' 'CMakeFiles/cmTC_e5332.dir/CMakeCCompilerABI.c.o' '-c' '-mtune=generic' '-march=x86-64']
  ignore line: [Linking C executable cmTC_e5332]
  ignore line: [/apps/ault/spack/opt/spack/linux-centos8-zen/gcc-8.4.1/cmake-3.21.3-zt24jfeuemvwweacziyho6ccdsdn2w4s/bin/cmake -E cmake_link_script CMakeFiles/cmTC_e5332.dir/link.txt --verbose=1]
  ignore line: [/apps/ault/spack/opt/spack/linux-centos8-zen/gcc-8.4.1/gcc-10.2.0-fqf4ze2mfclmx6e7ehrjckznpoqnevmi/bin/gcc -g -O2  -L/scratch/pmazumde/gitspace/icon-artifacts/velocity/integrate_meh -v CMakeFiles/cmTC_e5332.dir/CMakeCCompilerABI.c.o -o cmTC_e5332 ]
  ignore line: [Reading specs from /apps/ault/spack/opt/spack/linux-centos8-zen/gcc-8.4.1/gcc-10.2.0-fqf4ze2mfclmx6e7ehrjckznpoqnevmi/lib/gcc/x86_64-pc-linux-gnu/10.2.0/specs]
  ignore line: [COLLECT_GCC=/apps/ault/spack/opt/spack/linux-centos8-zen/gcc-8.4.1/gcc-10.2.0-fqf4ze2mfclmx6e7ehrjckznpoqnevmi/bin/gcc]
  ignore line: [COLLECT_LTO_WRAPPER=/apps/ault/spack/opt/spack/linux-centos8-zen/gcc-8.4.1/gcc-10.2.0-fqf4ze2mfclmx6e7ehrjckznpoqnevmi/libexec/gcc/x86_64-pc-linux-gnu/10.2.0/lto-wrapper]
  ignore line: [Target: x86_64-pc-linux-gnu]
  ignore line: [Configured with: /tmp/kleinm/spack-stage/spack-stage-gcc-10.2.0-fqf4ze2mfclmx6e7ehrjckznpoqnevmi/spack-src/configure --prefix=/apps/ault/spack/opt/spack/linux-centos8-zen/gcc-8.4.1/gcc-10.2.0-fqf4ze2mfclmx6e7ehrjckznpoqnevmi --with-pkgversion='Spack GCC' --with-bugurl=https://github.com/spack/spack/issues --disable-multilib --enable-languages=c c++ fortran --disable-nls --with-system-zlib --with-zstd-include=/apps/ault/spack/opt/spack/linux-centos8-zen/gcc-8.4.1/zstd-1.5.0-tdqxudxfvvdg24qqzcthxofjxtwgjv2y/include --with-zstd-lib=/apps/ault/spack/opt/spack/linux-centos8-zen/gcc-8.4.1/zstd-1.5.0-tdqxudxfvvdg24qqzcthxofjxtwgjv2y/lib64 --enable-bootstrap --with-mpfr-include=/apps/ault/spack/opt/spack/linux-centos8-zen/gcc-8.4.1/mpfr-4.1.0-ncrm3oi3zq4czkrhtsppakzbathaz7nm/include --with-mpfr-lib=/apps/ault/spack/opt/spack/linux-centos8-zen/gcc-8.4.1/mpfr-4.1.0-ncrm3oi3zq4czkrhtsppakzbathaz7nm/lib --with-gmp-include=/apps/ault/spack/opt/spack/linux-centos8-zen/gcc-8.4.1/gmp-6.2.1-a4uy3yg5ypry4p44urpwhs64ngc26vtd/include --with-gmp-lib=/apps/ault/spack/opt/spack/linux-centos8-zen/gcc-8.4.1/gmp-6.2.1-a4uy3yg5ypry4p44urpwhs64ngc26vtd/lib --with-mpc-include=/apps/ault/spack/opt/spack/linux-centos8-zen/gcc-8.4.1/mpc-1.1.0-6z3raodvxfd6flyau7y4xnubnkohnz5k/include --with-mpc-lib=/apps/ault/spack/opt/spack/linux-centos8-zen/gcc-8.4.1/mpc-1.1.0-6z3raodvxfd6flyau7y4xnubnkohnz5k/lib --without-isl --with-stage1-ldflags='-Wl -rpath /apps/ault/spack/opt/spack/linux-centos8-zen/gcc-8.4.1/gcc-10.2.0-fqf4ze2mfclmx6e7ehrjckznpoqnevmi/lib -Wl -rpath /apps/ault/spack/opt/spack/linux-centos8-zen/gcc-8.4.1/gcc-10.2.0-fqf4ze2mfclmx6e7ehrjckznpoqnevmi/lib64 -Wl -rpath /apps/ault/spack/opt/spack/linux-centos8-zen/gcc-8.4.1/gmp-6.2.1-a4uy3yg5ypry4p44urpwhs64ngc26vtd/lib -Wl -rpath /apps/ault/spack/opt/spack/linux-centos8-zen/gcc-8.4.1/mpfr-4.1.0-ncrm3oi3zq4czkrhtsppakzbathaz7nm/lib -Wl -rpath /apps/ault/spack/opt/spack/linux-centos8-zen/gcc-8.4.1/mpc-1.1.0-6z3raodvxfd6flyau7y4xnubnkohnz5k/lib -Wl -rpath /apps/ault/spack/opt/spack/linux-centos8-zen/gcc-8.4.1/zlib-1.2.11-dif34johfqcbxxhctkbvqxo4uwbhoz4c/lib -Wl -rpath /apps/ault/spack/opt/spack/linux-centos8-zen/gcc-8.4.1/zstd-1.5.0-tdqxudxfvvdg24qqzcthxofjxtwgjv2y/lib64' --with-boot-ldflags='-Wl -rpath /apps/ault/spack/opt/spack/linux-centos8-zen/gcc-8.4.1/gcc-10.2.0-fqf4ze2mfclmx6e7ehrjckznpoqnevmi/lib -Wl -rpath /apps/ault/spack/opt/spack/linux-centos8-zen/gcc-8.4.1/gcc-10.2.0-fqf4ze2mfclmx6e7ehrjckznpoqnevmi/lib64 -Wl -rpath /apps/ault/spack/opt/spack/linux-centos8-zen/gcc-8.4.1/gmp-6.2.1-a4uy3yg5ypry4p44urpwhs64ngc26vtd/lib -Wl -rpath /apps/ault/spack/opt/spack/linux-centos8-zen/gcc-8.4.1/mpfr-4.1.0-ncrm3oi3zq4czkrhtsppakzbathaz7nm/lib -Wl -rpath /apps/ault/spack/opt/spack/linux-centos8-zen/gcc-8.4.1/mpc-1.1.0-6z3raodvxfd6flyau7y4xnubnkohnz5k/lib -Wl -rpath /apps/ault/spack/opt/spack/linux-centos8-zen/gcc-8.4.1/zlib-1.2.11-dif34johfqcbxxhctkbvqxo4uwbhoz4c/lib -Wl -rpath /apps/ault/spack/opt/spack/linux-centos8-zen/gcc-8.4.1/zstd-1.5.0-tdqxudxfvvdg24qqzcthxofjxtwgjv2y/lib64 -static-libstdc++ -static-libgcc']
  ignore line: [Thread model: posix]
  ignore line: [Supported LTO compression algorithms: zlib zstd]
  ignore line: [gcc version 10.2.0 (Spack GCC) ]
  ignore line: [COMPILER_PATH=/apps/ault/spack/opt/spack/linux-centos8-zen/gcc-8.4.1/gcc-10.2.0-fqf4ze2mfclmx6e7ehrjckznpoqnevmi/libexec/gcc/x86_64-pc-linux-gnu/10.2.0/:/apps/ault/spack/opt/spack/linux-centos8-zen/gcc-8.4.1/gcc-10.2.0-fqf4ze2mfclmx6e7ehrjckznpoqnevmi/libexec/gcc/x86_64-pc-linux-gnu/10.2.0/:/apps/ault/spack/opt/spack/linux-centos8-zen/gcc-8.4.1/gcc-10.2.0-fqf4ze2mfclmx6e7ehrjckznpoqnevmi/libexec/gcc/x86_64-pc-linux-gnu/:/apps/ault/spack/opt/spack/linux-centos8-zen/gcc-8.4.1/gcc-10.2.0-fqf4ze2mfclmx6e7ehrjckznpoqnevmi/lib/gcc/x86_64-pc-linux-gnu/10.2.0/:/apps/ault/spack/opt/spack/linux-centos8-zen/gcc-8.4.1/gcc-10.2.0-fqf4ze2mfclmx6e7ehrjckznpoqnevmi/lib/gcc/x86_64-pc-linux-gnu/]
  ignore line: [LIBRARY_PATH=/apps/ault/spack/opt/spack/linux-centos8-zen/gcc-8.4.1/gcc-10.2.0-fqf4ze2mfclmx6e7ehrjckznpoqnevmi/lib/gcc/x86_64-pc-linux-gnu/10.2.0/:/apps/ault/spack/opt/spack/linux-centos8-zen/gcc-8.4.1/gcc-10.2.0-fqf4ze2mfclmx6e7ehrjckznpoqnevmi/lib/gcc/x86_64-pc-linux-gnu/10.2.0/../../../../lib64/:/lib/../lib64/:/usr/lib/../lib64/:/scratch/wbenjami/dafy/sdfg_gpu/spack/opt/spack/linux-centos8-zen2/gcc-10.2.0/netcdf-fortran-4.6.0-p7jdeag2groulzasdfqnokx2qiris3zh/lib/:/scratch/wbenjami/dafy/sdfg_gpu/spack/opt/spack/linux-centos8-zen2/gcc-10.2.0/netcdf-c-4.9.2-zynxjqlltpkunevnlaltrm7kfqlwjgpu/lib/:/scratch/wbenjami/dafy/sdfg_gpu/spack/opt/spack/linux-centos8-zen2/gcc-10.2.0/openblas-0.3.23-ara3inpfwh3myjbgqpaiqye5qc2b6wnc/lib/:/apps/ault/spack/opt/spack/linux-centos8-zen/gcc-8.4.1/gcc-10.2.0-fqf4ze2mfclmx6e7ehrjckznpoqnevmi/lib/gcc/x86_64-pc-linux-gnu/10.2.0/../../../:/lib/:/usr/lib/]
  ignore line: [COLLECT_GCC_OPTIONS='-g' '-O2' '-L/scratch/pmazumde/gitspace/icon-artifacts/velocity/integrate_meh' '-v' '-o' 'cmTC_e5332' '-mtune=generic' '-march=x86-64']
  link line: [ /apps/ault/spack/opt/spack/linux-centos8-zen/gcc-8.4.1/gcc-10.2.0-fqf4ze2mfclmx6e7ehrjckznpoqnevmi/libexec/gcc/x86_64-pc-linux-gnu/10.2.0/collect2 -plugin /apps/ault/spack/opt/spack/linux-centos8-zen/gcc-8.4.1/gcc-10.2.0-fqf4ze2mfclmx6e7ehrjckznpoqnevmi/libexec/gcc/x86_64-pc-linux-gnu/10.2.0/liblto_plugin.so -plugin-opt=/apps/ault/spack/opt/spack/linux-centos8-zen/gcc-8.4.1/gcc-10.2.0-fqf4ze2mfclmx6e7ehrjckznpoqnevmi/libexec/gcc/x86_64-pc-linux-gnu/10.2.0/lto-wrapper -plugin-opt=-fresolution=/tmp/cczBF3mv.res -plugin-opt=-pass-through=-lgcc -plugin-opt=-pass-through=-lgcc_s -plugin-opt=-pass-through=-lc -plugin-opt=-pass-through=-lgcc -plugin-opt=-pass-through=-lgcc_s -rpath /apps/ault/spack/opt/spack/linux-centos8-zen/gcc-8.4.1/gcc-10.2.0-fqf4ze2mfclmx6e7ehrjckznpoqnevmi/lib:/apps/ault/spack/opt/spack/linux-centos8-zen/gcc-8.4.1/gcc-10.2.0-fqf4ze2mfclmx6e7ehrjckznpoqnevmi/lib64 --eh-frame-hdr -m elf_x86_64 -dynamic-linker /lib64/ld-linux-x86-64.so.2 -o cmTC_e5332 /lib/../lib64/crt1.o /lib/../lib64/crti.o /apps/ault/spack/opt/spack/linux-centos8-zen/gcc-8.4.1/gcc-10.2.0-fqf4ze2mfclmx6e7ehrjckznpoqnevmi/lib/gcc/x86_64-pc-linux-gnu/10.2.0/crtbegin.o -L/scratch/pmazumde/gitspace/icon-artifacts/velocity/integrate_meh -L/apps/ault/spack/opt/spack/linux-centos8-zen/gcc-8.4.1/gcc-10.2.0-fqf4ze2mfclmx6e7ehrjckznpoqnevmi/lib/gcc/x86_64-pc-linux-gnu/10.2.0 -L/apps/ault/spack/opt/spack/linux-centos8-zen/gcc-8.4.1/gcc-10.2.0-fqf4ze2mfclmx6e7ehrjckznpoqnevmi/lib/gcc/x86_64-pc-linux-gnu/10.2.0/../../../../lib64 -L/lib/../lib64 -L/usr/lib/../lib64 -L/scratch/wbenjami/dafy/sdfg_gpu/spack/opt/spack/linux-centos8-zen2/gcc-10.2.0/netcdf-fortran-4.6.0-p7jdeag2groulzasdfqnokx2qiris3zh/lib -L/scratch/wbenjami/dafy/sdfg_gpu/spack/opt/spack/linux-centos8-zen2/gcc-10.2.0/netcdf-c-4.9.2-zynxjqlltpkunevnlaltrm7kfqlwjgpu/lib -L/scratch/wbenjami/dafy/sdfg_gpu/spack/opt/spack/linux-centos8-zen2/gcc-10.2.0/openblas-0.3.23-ara3inpfwh3myjbgqpaiqye5qc2b6wnc/lib -L/apps/ault/spack/opt/spack/linux-centos8-zen/gcc-8.4.1/gcc-10.2.0-fqf4ze2mfclmx6e7ehrjckznpoqnevmi/lib/gcc/x86_64-pc-linux-gnu/10.2.0/../../.. CMakeFiles/cmTC_e5332.dir/CMakeCCompilerABI.c.o -lgcc --push-state --as-needed -lgcc_s --pop-state -lc -lgcc --push-state --as-needed -lgcc_s --pop-state /apps/ault/spack/opt/spack/linux-centos8-zen/gcc-8.4.1/gcc-10.2.0-fqf4ze2mfclmx6e7ehrjckznpoqnevmi/lib/gcc/x86_64-pc-linux-gnu/10.2.0/crtend.o /lib/../lib64/crtn.o]
    arg [/apps/ault/spack/opt/spack/linux-centos8-zen/gcc-8.4.1/gcc-10.2.0-fqf4ze2mfclmx6e7ehrjckznpoqnevmi/libexec/gcc/x86_64-pc-linux-gnu/10.2.0/collect2] ==> ignore
    arg [-plugin] ==> ignore
    arg [/apps/ault/spack/opt/spack/linux-centos8-zen/gcc-8.4.1/gcc-10.2.0-fqf4ze2mfclmx6e7ehrjckznpoqnevmi/libexec/gcc/x86_64-pc-linux-gnu/10.2.0/liblto_plugin.so] ==> ignore
    arg [-plugin-opt=/apps/ault/spack/opt/spack/linux-centos8-zen/gcc-8.4.1/gcc-10.2.0-fqf4ze2mfclmx6e7ehrjckznpoqnevmi/libexec/gcc/x86_64-pc-linux-gnu/10.2.0/lto-wrapper] ==> ignore
    arg [-plugin-opt=-fresolution=/tmp/cczBF3mv.res] ==> ignore
    arg [-plugin-opt=-pass-through=-lgcc] ==> ignore
    arg [-plugin-opt=-pass-through=-lgcc_s] ==> ignore
    arg [-plugin-opt=-pass-through=-lc] ==> ignore
    arg [-plugin-opt=-pass-through=-lgcc] ==> ignore
    arg [-plugin-opt=-pass-through=-lgcc_s] ==> ignore
    arg [-rpath] ==> ignore
    arg [/apps/ault/spack/opt/spack/linux-centos8-zen/gcc-8.4.1/gcc-10.2.0-fqf4ze2mfclmx6e7ehrjckznpoqnevmi/lib:/apps/ault/spack/opt/spack/linux-centos8-zen/gcc-8.4.1/gcc-10.2.0-fqf4ze2mfclmx6e7ehrjckznpoqnevmi/lib64] ==> ignore
    arg [--eh-frame-hdr] ==> ignore
    arg [-m] ==> ignore
    arg [elf_x86_64] ==> ignore
    arg [-dynamic-linker] ==> ignore
    arg [/lib64/ld-linux-x86-64.so.2] ==> ignore
    arg [-o] ==> ignore
    arg [cmTC_e5332] ==> ignore
    arg [/lib/../lib64/crt1.o] ==> obj [/lib/../lib64/crt1.o]
    arg [/lib/../lib64/crti.o] ==> obj [/lib/../lib64/crti.o]
    arg [/apps/ault/spack/opt/spack/linux-centos8-zen/gcc-8.4.1/gcc-10.2.0-fqf4ze2mfclmx6e7ehrjckznpoqnevmi/lib/gcc/x86_64-pc-linux-gnu/10.2.0/crtbegin.o] ==> obj [/apps/ault/spack/opt/spack/linux-centos8-zen/gcc-8.4.1/gcc-10.2.0-fqf4ze2mfclmx6e7ehrjckznpoqnevmi/lib/gcc/x86_64-pc-linux-gnu/10.2.0/crtbegin.o]
    arg [-L/scratch/pmazumde/gitspace/icon-artifacts/velocity/integrate_meh] ==> dir [/scratch/pmazumde/gitspace/icon-artifacts/velocity/integrate_meh]
    arg [-L/apps/ault/spack/opt/spack/linux-centos8-zen/gcc-8.4.1/gcc-10.2.0-fqf4ze2mfclmx6e7ehrjckznpoqnevmi/lib/gcc/x86_64-pc-linux-gnu/10.2.0] ==> dir [/apps/ault/spack/opt/spack/linux-centos8-zen/gcc-8.4.1/gcc-10.2.0-fqf4ze2mfclmx6e7ehrjckznpoqnevmi/lib/gcc/x86_64-pc-linux-gnu/10.2.0]
    arg [-L/apps/ault/spack/opt/spack/linux-centos8-zen/gcc-8.4.1/gcc-10.2.0-fqf4ze2mfclmx6e7ehrjckznpoqnevmi/lib/gcc/x86_64-pc-linux-gnu/10.2.0/../../../../lib64] ==> dir [/apps/ault/spack/opt/spack/linux-centos8-zen/gcc-8.4.1/gcc-10.2.0-fqf4ze2mfclmx6e7ehrjckznpoqnevmi/lib/gcc/x86_64-pc-linux-gnu/10.2.0/../../../../lib64]
    arg [-L/lib/../lib64] ==> dir [/lib/../lib64]
    arg [-L/usr/lib/../lib64] ==> dir [/usr/lib/../lib64]
    arg [-L/scratch/wbenjami/dafy/sdfg_gpu/spack/opt/spack/linux-centos8-zen2/gcc-10.2.0/netcdf-fortran-4.6.0-p7jdeag2groulzasdfqnokx2qiris3zh/lib] ==> dir [/scratch/wbenjami/dafy/sdfg_gpu/spack/opt/spack/linux-centos8-zen2/gcc-10.2.0/netcdf-fortran-4.6.0-p7jdeag2groulzasdfqnokx2qiris3zh/lib]
    arg [-L/scratch/wbenjami/dafy/sdfg_gpu/spack/opt/spack/linux-centos8-zen2/gcc-10.2.0/netcdf-c-4.9.2-zynxjqlltpkunevnlaltrm7kfqlwjgpu/lib] ==> dir [/scratch/wbenjami/dafy/sdfg_gpu/spack/opt/spack/linux-centos8-zen2/gcc-10.2.0/netcdf-c-4.9.2-zynxjqlltpkunevnlaltrm7kfqlwjgpu/lib]
    arg [-L/scratch/wbenjami/dafy/sdfg_gpu/spack/opt/spack/linux-centos8-zen2/gcc-10.2.0/openblas-0.3.23-ara3inpfwh3myjbgqpaiqye5qc2b6wnc/lib] ==> dir [/scratch/wbenjami/dafy/sdfg_gpu/spack/opt/spack/linux-centos8-zen2/gcc-10.2.0/openblas-0.3.23-ara3inpfwh3myjbgqpaiqye5qc2b6wnc/lib]
    arg [-L/apps/ault/spack/opt/spack/linux-centos8-zen/gcc-8.4.1/gcc-10.2.0-fqf4ze2mfclmx6e7ehrjckznpoqnevmi/lib/gcc/x86_64-pc-linux-gnu/10.2.0/../../..] ==> dir [/apps/ault/spack/opt/spack/linux-centos8-zen/gcc-8.4.1/gcc-10.2.0-fqf4ze2mfclmx6e7ehrjckznpoqnevmi/lib/gcc/x86_64-pc-linux-gnu/10.2.0/../../..]
    arg [CMakeFiles/cmTC_e5332.dir/CMakeCCompilerABI.c.o] ==> ignore
    arg [-lgcc] ==> lib [gcc]
    arg [--push-state] ==> ignore
    arg [--as-needed] ==> ignore
    arg [-lgcc_s] ==> lib [gcc_s]
    arg [--pop-state] ==> ignore
    arg [-lc] ==> lib [c]
    arg [-lgcc] ==> lib [gcc]
    arg [--push-state] ==> ignore
    arg [--as-needed] ==> ignore
    arg [-lgcc_s] ==> lib [gcc_s]
    arg [--pop-state] ==> ignore
    arg [/apps/ault/spack/opt/spack/linux-centos8-zen/gcc-8.4.1/gcc-10.2.0-fqf4ze2mfclmx6e7ehrjckznpoqnevmi/lib/gcc/x86_64-pc-linux-gnu/10.2.0/crtend.o] ==> obj [/apps/ault/spack/opt/spack/linux-centos8-zen/gcc-8.4.1/gcc-10.2.0-fqf4ze2mfclmx6e7ehrjckznpoqnevmi/lib/gcc/x86_64-pc-linux-gnu/10.2.0/crtend.o]
    arg [/lib/../lib64/crtn.o] ==> obj [/lib/../lib64/crtn.o]
  collapse obj [/lib/../lib64/crt1.o] ==> [/lib64/crt1.o]
  collapse obj [/lib/../lib64/crti.o] ==> [/lib64/crti.o]
  collapse obj [/lib/../lib64/crtn.o] ==> [/lib64/crtn.o]
  collapse library dir [/scratch/pmazumde/gitspace/icon-artifacts/velocity/integrate_meh] ==> [/scratch/pmazumde/gitspace/icon-artifacts/velocity/integrate_meh]
  collapse library dir [/apps/ault/spack/opt/spack/linux-centos8-zen/gcc-8.4.1/gcc-10.2.0-fqf4ze2mfclmx6e7ehrjckznpoqnevmi/lib/gcc/x86_64-pc-linux-gnu/10.2.0] ==> [/apps/ault/spack/opt/spack/linux-centos8-zen/gcc-8.4.1/gcc-10.2.0-fqf4ze2mfclmx6e7ehrjckznpoqnevmi/lib/gcc/x86_64-pc-linux-gnu/10.2.0]
  collapse library dir [/apps/ault/spack/opt/spack/linux-centos8-zen/gcc-8.4.1/gcc-10.2.0-fqf4ze2mfclmx6e7ehrjckznpoqnevmi/lib/gcc/x86_64-pc-linux-gnu/10.2.0/../../../../lib64] ==> [/apps/ault/spack/opt/spack/linux-centos8-zen/gcc-8.4.1/gcc-10.2.0-fqf4ze2mfclmx6e7ehrjckznpoqnevmi/lib64]
  collapse library dir [/lib/../lib64] ==> [/lib64]
  collapse library dir [/usr/lib/../lib64] ==> [/usr/lib64]
  collapse library dir [/scratch/wbenjami/dafy/sdfg_gpu/spack/opt/spack/linux-centos8-zen2/gcc-10.2.0/netcdf-fortran-4.6.0-p7jdeag2groulzasdfqnokx2qiris3zh/lib] ==> [/scratch/wbenjami/dafy/sdfg_gpu/spack/opt/spack/linux-centos8-zen2/gcc-10.2.0/netcdf-fortran-4.6.0-p7jdeag2groulzasdfqnokx2qiris3zh/lib]
  collapse library dir [/scratch/wbenjami/dafy/sdfg_gpu/spack/opt/spack/linux-centos8-zen2/gcc-10.2.0/netcdf-c-4.9.2-zynxjqlltpkunevnlaltrm7kfqlwjgpu/lib] ==> [/scratch/wbenjami/dafy/sdfg_gpu/spack/opt/spack/linux-centos8-zen2/gcc-10.2.0/netcdf-c-4.9.2-zynxjqlltpkunevnlaltrm7kfqlwjgpu/lib]
  collapse library dir [/scratch/wbenjami/dafy/sdfg_gpu/spack/opt/spack/linux-centos8-zen2/gcc-10.2.0/openblas-0.3.23-ara3inpfwh3myjbgqpaiqye5qc2b6wnc/lib] ==> [/scratch/wbenjami/dafy/sdfg_gpu/spack/opt/spack/linux-centos8-zen2/gcc-10.2.0/openblas-0.3.23-ara3inpfwh3myjbgqpaiqye5qc2b6wnc/lib]
  collapse library dir [/apps/ault/spack/opt/spack/linux-centos8-zen/gcc-8.4.1/gcc-10.2.0-fqf4ze2mfclmx6e7ehrjckznpoqnevmi/lib/gcc/x86_64-pc-linux-gnu/10.2.0/../../..] ==> [/apps/ault/spack/opt/spack/linux-centos8-zen/gcc-8.4.1/gcc-10.2.0-fqf4ze2mfclmx6e7ehrjckznpoqnevmi/lib]
  implicit libs: [gcc;gcc_s;c;gcc;gcc_s]
  implicit objs: [/lib64/crt1.o;/lib64/crti.o;/apps/ault/spack/opt/spack/linux-centos8-zen/gcc-8.4.1/gcc-10.2.0-fqf4ze2mfclmx6e7ehrjckznpoqnevmi/lib/gcc/x86_64-pc-linux-gnu/10.2.0/crtbegin.o;/apps/ault/spack/opt/spack/linux-centos8-zen/gcc-8.4.1/gcc-10.2.0-fqf4ze2mfclmx6e7ehrjckznpoqnevmi/lib/gcc/x86_64-pc-linux-gnu/10.2.0/crtend.o;/lib64/crtn.o]
  implicit dirs: [/scratch/pmazumde/gitspace/icon-artifacts/velocity/integrate_meh;/apps/ault/spack/opt/spack/linux-centos8-zen/gcc-8.4.1/gcc-10.2.0-fqf4ze2mfclmx6e7ehrjckznpoqnevmi/lib/gcc/x86_64-pc-linux-gnu/10.2.0;/apps/ault/spack/opt/spack/linux-centos8-zen/gcc-8.4.1/gcc-10.2.0-fqf4ze2mfclmx6e7ehrjckznpoqnevmi/lib64;/lib64;/usr/lib64;/scratch/wbenjami/dafy/sdfg_gpu/spack/opt/spack/linux-centos8-zen2/gcc-10.2.0/netcdf-fortran-4.6.0-p7jdeag2groulzasdfqnokx2qiris3zh/lib;/scratch/wbenjami/dafy/sdfg_gpu/spack/opt/spack/linux-centos8-zen2/gcc-10.2.0/netcdf-c-4.9.2-zynxjqlltpkunevnlaltrm7kfqlwjgpu/lib;/scratch/wbenjami/dafy/sdfg_gpu/spack/opt/spack/linux-centos8-zen2/gcc-10.2.0/openblas-0.3.23-ara3inpfwh3myjbgqpaiqye5qc2b6wnc/lib;/apps/ault/spack/opt/spack/linux-centos8-zen/gcc-8.4.1/gcc-10.2.0-fqf4ze2mfclmx6e7ehrjckznpoqnevmi/lib]
  implicit fwks: []


Determining if files execinfo.h exist passed with the following output:
Change Dir: /scratch/pmazumde/paper-icon-dace/icon-dace/build/externals/fortran-support/build/CMakeFiles/CMakeTmp

Run Build Command(s):/usr/bin/gmake -f Makefile cmTC_7749b/fast && gmake[2]: Entering directory '/scratch/pmazumde/paper-icon-dace/icon-dace/build/externals/fortran-support/build/CMakeFiles/CMakeTmp'
/usr/bin/gmake  -f CMakeFiles/cmTC_7749b.dir/build.make CMakeFiles/cmTC_7749b.dir/build
gmake[3]: Entering directory '/scratch/pmazumde/paper-icon-dace/icon-dace/build/externals/fortran-support/build/CMakeFiles/CMakeTmp'
Building C object CMakeFiles/cmTC_7749b.dir/HAVE_EXECINFO_H.c.o
/apps/ault/spack/opt/spack/linux-centos8-zen/gcc-8.4.1/gcc-10.2.0-fqf4ze2mfclmx6e7ehrjckznpoqnevmi/bin/gcc   -g -O2  -o CMakeFiles/cmTC_7749b.dir/HAVE_EXECINFO_H.c.o -c /scratch/pmazumde/paper-icon-dace/icon-dace/build/externals/fortran-support/build/CMakeFiles/CheckIncludeFiles/HAVE_EXECINFO_H.c
Linking C executable cmTC_7749b
/apps/ault/spack/opt/spack/linux-centos8-zen/gcc-8.4.1/cmake-3.21.3-zt24jfeuemvwweacziyho6ccdsdn2w4s/bin/cmake -E cmake_link_script CMakeFiles/cmTC_7749b.dir/link.txt --verbose=1
/apps/ault/spack/opt/spack/linux-centos8-zen/gcc-8.4.1/gcc-10.2.0-fqf4ze2mfclmx6e7ehrjckznpoqnevmi/bin/gcc -g -O2  -L/scratch/pmazumde/gitspace/icon-artifacts/velocity/integrate_meh  CMakeFiles/cmTC_7749b.dir/HAVE_EXECINFO_H.c.o -o cmTC_7749b 
gmake[3]: Leaving directory '/scratch/pmazumde/paper-icon-dace/icon-dace/build/externals/fortran-support/build/CMakeFiles/CMakeTmp'
gmake[2]: Leaving directory '/scratch/pmazumde/paper-icon-dace/icon-dace/build/externals/fortran-support/build/CMakeFiles/CMakeTmp'



Determining if files link.h exist passed with the following output:
Change Dir: /scratch/pmazumde/paper-icon-dace/icon-dace/build/externals/fortran-support/build/CMakeFiles/CMakeTmp

Run Build Command(s):/usr/bin/gmake -f Makefile cmTC_33d7f/fast && gmake[2]: Entering directory '/scratch/pmazumde/paper-icon-dace/icon-dace/build/externals/fortran-support/build/CMakeFiles/CMakeTmp'
/usr/bin/gmake  -f CMakeFiles/cmTC_33d7f.dir/build.make CMakeFiles/cmTC_33d7f.dir/build
gmake[3]: Entering directory '/scratch/pmazumde/paper-icon-dace/icon-dace/build/externals/fortran-support/build/CMakeFiles/CMakeTmp'
Building C object CMakeFiles/cmTC_33d7f.dir/HAVE_LINK_H.c.o
/apps/ault/spack/opt/spack/linux-centos8-zen/gcc-8.4.1/gcc-10.2.0-fqf4ze2mfclmx6e7ehrjckznpoqnevmi/bin/gcc   -g -O2  -o CMakeFiles/cmTC_33d7f.dir/HAVE_LINK_H.c.o -c /scratch/pmazumde/paper-icon-dace/icon-dace/build/externals/fortran-support/build/CMakeFiles/CheckIncludeFiles/HAVE_LINK_H.c
Linking C executable cmTC_33d7f
/apps/ault/spack/opt/spack/linux-centos8-zen/gcc-8.4.1/cmake-3.21.3-zt24jfeuemvwweacziyho6ccdsdn2w4s/bin/cmake -E cmake_link_script CMakeFiles/cmTC_33d7f.dir/link.txt --verbose=1
/apps/ault/spack/opt/spack/linux-centos8-zen/gcc-8.4.1/gcc-10.2.0-fqf4ze2mfclmx6e7ehrjckznpoqnevmi/bin/gcc -g -O2  -L/scratch/pmazumde/gitspace/icon-artifacts/velocity/integrate_meh  CMakeFiles/cmTC_33d7f.dir/HAVE_LINK_H.c.o -o cmTC_33d7f 
gmake[3]: Leaving directory '/scratch/pmazumde/paper-icon-dace/icon-dace/build/externals/fortran-support/build/CMakeFiles/CMakeTmp'
gmake[2]: Leaving directory '/scratch/pmazumde/paper-icon-dace/icon-dace/build/externals/fortran-support/build/CMakeFiles/CMakeTmp'



Determining if files unwind.h exist passed with the following output:
Change Dir: /scratch/pmazumde/paper-icon-dace/icon-dace/build/externals/fortran-support/build/CMakeFiles/CMakeTmp

Run Build Command(s):/usr/bin/gmake -f Makefile cmTC_0281d/fast && gmake[2]: Entering directory '/scratch/pmazumde/paper-icon-dace/icon-dace/build/externals/fortran-support/build/CMakeFiles/CMakeTmp'
/usr/bin/gmake  -f CMakeFiles/cmTC_0281d.dir/build.make CMakeFiles/cmTC_0281d.dir/build
gmake[3]: Entering directory '/scratch/pmazumde/paper-icon-dace/icon-dace/build/externals/fortran-support/build/CMakeFiles/CMakeTmp'
Building C object CMakeFiles/cmTC_0281d.dir/HAVE_UNWIND_H.c.o
/apps/ault/spack/opt/spack/linux-centos8-zen/gcc-8.4.1/gcc-10.2.0-fqf4ze2mfclmx6e7ehrjckznpoqnevmi/bin/gcc   -g -O2  -o CMakeFiles/cmTC_0281d.dir/HAVE_UNWIND_H.c.o -c /scratch/pmazumde/paper-icon-dace/icon-dace/build/externals/fortran-support/build/CMakeFiles/CheckIncludeFiles/HAVE_UNWIND_H.c
Linking C executable cmTC_0281d
/apps/ault/spack/opt/spack/linux-centos8-zen/gcc-8.4.1/cmake-3.21.3-zt24jfeuemvwweacziyho6ccdsdn2w4s/bin/cmake -E cmake_link_script CMakeFiles/cmTC_0281d.dir/link.txt --verbose=1
/apps/ault/spack/opt/spack/linux-centos8-zen/gcc-8.4.1/gcc-10.2.0-fqf4ze2mfclmx6e7ehrjckznpoqnevmi/bin/gcc -g -O2  -L/scratch/pmazumde/gitspace/icon-artifacts/velocity/integrate_meh  CMakeFiles/cmTC_0281d.dir/HAVE_UNWIND_H.c.o -o cmTC_0281d 
gmake[3]: Leaving directory '/scratch/pmazumde/paper-icon-dace/icon-dace/build/externals/fortran-support/build/CMakeFiles/CMakeTmp'
gmake[2]: Leaving directory '/scratch/pmazumde/paper-icon-dace/icon-dace/build/externals/fortran-support/build/CMakeFiles/CMakeTmp'



Determining if files sys/resource.h exist passed with the following output:
Change Dir: /scratch/pmazumde/paper-icon-dace/icon-dace/build/externals/fortran-support/build/CMakeFiles/CMakeTmp

Run Build Command(s):/usr/bin/gmake -f Makefile cmTC_38ca1/fast && gmake[2]: Entering directory '/scratch/pmazumde/paper-icon-dace/icon-dace/build/externals/fortran-support/build/CMakeFiles/CMakeTmp'
/usr/bin/gmake  -f CMakeFiles/cmTC_38ca1.dir/build.make CMakeFiles/cmTC_38ca1.dir/build
gmake[3]: Entering directory '/scratch/pmazumde/paper-icon-dace/icon-dace/build/externals/fortran-support/build/CMakeFiles/CMakeTmp'
Building C object CMakeFiles/cmTC_38ca1.dir/HAVE_GETRUSAGE.c.o
/apps/ault/spack/opt/spack/linux-centos8-zen/gcc-8.4.1/gcc-10.2.0-fqf4ze2mfclmx6e7ehrjckznpoqnevmi/bin/gcc   -g -O2  -o CMakeFiles/cmTC_38ca1.dir/HAVE_GETRUSAGE.c.o -c /scratch/pmazumde/paper-icon-dace/icon-dace/build/externals/fortran-support/build/CMakeFiles/CheckIncludeFiles/HAVE_GETRUSAGE.c
Linking C executable cmTC_38ca1
/apps/ault/spack/opt/spack/linux-centos8-zen/gcc-8.4.1/cmake-3.21.3-zt24jfeuemvwweacziyho6ccdsdn2w4s/bin/cmake -E cmake_link_script CMakeFiles/cmTC_38ca1.dir/link.txt --verbose=1
/apps/ault/spack/opt/spack/linux-centos8-zen/gcc-8.4.1/gcc-10.2.0-fqf4ze2mfclmx6e7ehrjckznpoqnevmi/bin/gcc -g -O2  -L/scratch/pmazumde/gitspace/icon-artifacts/velocity/integrate_meh  CMakeFiles/cmTC_38ca1.dir/HAVE_GETRUSAGE.c.o -o cmTC_38ca1 
gmake[3]: Leaving directory '/scratch/pmazumde/paper-icon-dace/icon-dace/build/externals/fortran-support/build/CMakeFiles/CMakeTmp'
gmake[2]: Leaving directory '/scratch/pmazumde/paper-icon-dace/icon-dace/build/externals/fortran-support/build/CMakeFiles/CMakeTmp'



Detecting C OpenMP compiler ABI info compiled with the following output:
Change Dir: /scratch/pmazumde/paper-icon-dace/icon-dace/build/externals/fortran-support/build/CMakeFiles/CMakeTmp

Run Build Command(s):/usr/bin/gmake -f Makefile cmTC_8fe25/fast && gmake[2]: Entering directory '/scratch/pmazumde/paper-icon-dace/icon-dace/build/externals/fortran-support/build/CMakeFiles/CMakeTmp'
/usr/bin/gmake  -f CMakeFiles/cmTC_8fe25.dir/build.make CMakeFiles/cmTC_8fe25.dir/build
gmake[3]: Entering directory '/scratch/pmazumde/paper-icon-dace/icon-dace/build/externals/fortran-support/build/CMakeFiles/CMakeTmp'
Building C object CMakeFiles/cmTC_8fe25.dir/OpenMPTryFlag.c.o
/apps/ault/spack/opt/spack/linux-centos8-zen/gcc-8.4.1/gcc-10.2.0-fqf4ze2mfclmx6e7ehrjckznpoqnevmi/bin/gcc   -g -O2 -fopenmp -v -o CMakeFiles/cmTC_8fe25.dir/OpenMPTryFlag.c.o -c /scratch/pmazumde/paper-icon-dace/icon-dace/build/externals/fortran-support/build/CMakeFiles/FindOpenMP/OpenMPTryFlag.c
Reading specs from /apps/ault/spack/opt/spack/linux-centos8-zen/gcc-8.4.1/gcc-10.2.0-fqf4ze2mfclmx6e7ehrjckznpoqnevmi/lib/gcc/x86_64-pc-linux-gnu/10.2.0/specs
COLLECT_GCC=/apps/ault/spack/opt/spack/linux-centos8-zen/gcc-8.4.1/gcc-10.2.0-fqf4ze2mfclmx6e7ehrjckznpoqnevmi/bin/gcc
Target: x86_64-pc-linux-gnu
Configured with: /tmp/kleinm/spack-stage/spack-stage-gcc-10.2.0-fqf4ze2mfclmx6e7ehrjckznpoqnevmi/spack-src/configure --prefix=/apps/ault/spack/opt/spack/linux-centos8-zen/gcc-8.4.1/gcc-10.2.0-fqf4ze2mfclmx6e7ehrjckznpoqnevmi --with-pkgversion='Spack GCC' --with-bugurl=https://github.com/spack/spack/issues --disable-multilib --enable-languages=c,c++,fortran --disable-nls --with-system-zlib --with-zstd-include=/apps/ault/spack/opt/spack/linux-centos8-zen/gcc-8.4.1/zstd-1.5.0-tdqxudxfvvdg24qqzcthxofjxtwgjv2y/include --with-zstd-lib=/apps/ault/spack/opt/spack/linux-centos8-zen/gcc-8.4.1/zstd-1.5.0-tdqxudxfvvdg24qqzcthxofjxtwgjv2y/lib64 --enable-bootstrap --with-mpfr-include=/apps/ault/spack/opt/spack/linux-centos8-zen/gcc-8.4.1/mpfr-4.1.0-ncrm3oi3zq4czkrhtsppakzbathaz7nm/include --with-mpfr-lib=/apps/ault/spack/opt/spack/linux-centos8-zen/gcc-8.4.1/mpfr-4.1.0-ncrm3oi3zq4czkrhtsppakzbathaz7nm/lib --with-gmp-include=/apps/ault/spack/opt/spack/linux-centos8-zen/gcc-8.4.1/gmp-6.2.1-a4uy3yg5ypry4p44urpwhs64ngc26vtd/include --with-gmp-lib=/apps/ault/spack/opt/spack/linux-centos8-zen/gcc-8.4.1/gmp-6.2.1-a4uy3yg5ypry4p44urpwhs64ngc26vtd/lib --with-mpc-include=/apps/ault/spack/opt/spack/linux-centos8-zen/gcc-8.4.1/mpc-1.1.0-6z3raodvxfd6flyau7y4xnubnkohnz5k/include --with-mpc-lib=/apps/ault/spack/opt/spack/linux-centos8-zen/gcc-8.4.1/mpc-1.1.0-6z3raodvxfd6flyau7y4xnubnkohnz5k/lib --without-isl --with-stage1-ldflags='-Wl,-rpath,/apps/ault/spack/opt/spack/linux-centos8-zen/gcc-8.4.1/gcc-10.2.0-fqf4ze2mfclmx6e7ehrjckznpoqnevmi/lib -Wl,-rpath,/apps/ault/spack/opt/spack/linux-centos8-zen/gcc-8.4.1/gcc-10.2.0-fqf4ze2mfclmx6e7ehrjckznpoqnevmi/lib64 -Wl,-rpath,/apps/ault/spack/opt/spack/linux-centos8-zen/gcc-8.4.1/gmp-6.2.1-a4uy3yg5ypry4p44urpwhs64ngc26vtd/lib -Wl,-rpath,/apps/ault/spack/opt/spack/linux-centos8-zen/gcc-8.4.1/mpfr-4.1.0-ncrm3oi3zq4czkrhtsppakzbathaz7nm/lib -Wl,-rpath,/apps/ault/spack/opt/spack/linux-centos8-zen/gcc-8.4.1/mpc-1.1.0-6z3raodvxfd6flyau7y4xnubnkohnz5k/lib -Wl,-rpath,/apps/ault/spack/opt/spack/linux-centos8-zen/gcc-8.4.1/zlib-1.2.11-dif34johfqcbxxhctkbvqxo4uwbhoz4c/lib -Wl,-rpath,/apps/ault/spack/opt/spack/linux-centos8-zen/gcc-8.4.1/zstd-1.5.0-tdqxudxfvvdg24qqzcthxofjxtwgjv2y/lib64' --with-boot-ldflags='-Wl,-rpath,/apps/ault/spack/opt/spack/linux-centos8-zen/gcc-8.4.1/gcc-10.2.0-fqf4ze2mfclmx6e7ehrjckznpoqnevmi/lib -Wl,-rpath,/apps/ault/spack/opt/spack/linux-centos8-zen/gcc-8.4.1/gcc-10.2.0-fqf4ze2mfclmx6e7ehrjckznpoqnevmi/lib64 -Wl,-rpath,/apps/ault/spack/opt/spack/linux-centos8-zen/gcc-8.4.1/gmp-6.2.1-a4uy3yg5ypry4p44urpwhs64ngc26vtd/lib -Wl,-rpath,/apps/ault/spack/opt/spack/linux-centos8-zen/gcc-8.4.1/mpfr-4.1.0-ncrm3oi3zq4czkrhtsppakzbathaz7nm/lib -Wl,-rpath,/apps/ault/spack/opt/spack/linux-centos8-zen/gcc-8.4.1/mpc-1.1.0-6z3raodvxfd6flyau7y4xnubnkohnz5k/lib -Wl,-rpath,/apps/ault/spack/opt/spack/linux-centos8-zen/gcc-8.4.1/zlib-1.2.11-dif34johfqcbxxhctkbvqxo4uwbhoz4c/lib -Wl,-rpath,/apps/ault/spack/opt/spack/linux-centos8-zen/gcc-8.4.1/zstd-1.5.0-tdqxudxfvvdg24qqzcthxofjxtwgjv2y/lib64 -static-libstdc++ -static-libgcc'
Thread model: posix
Supported LTO compression algorithms: zlib zstd
gcc version 10.2.0 (Spack GCC) 
COLLECT_GCC_OPTIONS='-g' '-O2' '-fopenmp' '-v' '-o' 'CMakeFiles/cmTC_8fe25.dir/OpenMPTryFlag.c.o' '-c' '-mtune=generic' '-march=x86-64' '-pthread'
 /apps/ault/spack/opt/spack/linux-centos8-zen/gcc-8.4.1/gcc-10.2.0-fqf4ze2mfclmx6e7ehrjckznpoqnevmi/libexec/gcc/x86_64-pc-linux-gnu/10.2.0/cc1 -quiet -v -D_REENTRANT /scratch/pmazumde/paper-icon-dace/icon-dace/build/externals/fortran-support/build/CMakeFiles/FindOpenMP/OpenMPTryFlag.c -quiet -dumpbase OpenMPTryFlag.c -mtune=generic -march=x86-64 -auxbase-strip CMakeFiles/cmTC_8fe25.dir/OpenMPTryFlag.c.o -g -O2 -version -fopenmp -o /tmp/cc0LVOUu.s
GNU C17 (Spack GCC) version 10.2.0 (x86_64-pc-linux-gnu)
	compiled by GNU C version 10.2.0, GMP version 6.2.1, MPFR version 4.1.0, MPC version 1.1.0, isl version none
GGC heuristics: --param ggc-min-expand=100 --param ggc-min-heapsize=131072
ignoring nonexistent directory "/apps/ault/spack/opt/spack/linux-centos8-zen/gcc-8.4.1/gcc-10.2.0-fqf4ze2mfclmx6e7ehrjckznpoqnevmi/lib/gcc/x86_64-pc-linux-gnu/10.2.0/../../../../x86_64-pc-linux-gnu/include"
#include "..." search starts here:
#include <...> search starts here:
 /apps/ault/spack/opt/spack/linux-centos8-zen/gcc-8.4.1/gcc-10.2.0-fqf4ze2mfclmx6e7ehrjckznpoqnevmi/lib/gcc/x86_64-pc-linux-gnu/10.2.0/include
 /usr/local/include
 /apps/ault/spack/opt/spack/linux-centos8-zen/gcc-8.4.1/gcc-10.2.0-fqf4ze2mfclmx6e7ehrjckznpoqnevmi/include
 /apps/ault/spack/opt/spack/linux-centos8-zen/gcc-8.4.1/gcc-10.2.0-fqf4ze2mfclmx6e7ehrjckznpoqnevmi/lib/gcc/x86_64-pc-linux-gnu/10.2.0/include-fixed
 /usr/include
End of search list.
GNU C17 (Spack GCC) version 10.2.0 (x86_64-pc-linux-gnu)
	compiled by GNU C version 10.2.0, GMP version 6.2.1, MPFR version 4.1.0, MPC version 1.1.0, isl version none
GGC heuristics: --param ggc-min-expand=100 --param ggc-min-heapsize=131072
Compiler executable checksum: fce6a70fa08a5e02bcf19a0860b031e9
COLLECT_GCC_OPTIONS='-g' '-O2' '-fopenmp' '-v' '-o' 'CMakeFiles/cmTC_8fe25.dir/OpenMPTryFlag.c.o' '-c' '-mtune=generic' '-march=x86-64' '-pthread'
 as -v --64 -o CMakeFiles/cmTC_8fe25.dir/OpenMPTryFlag.c.o /tmp/cc0LVOUu.s
GNU assembler version 2.30 (x86_64-redhat-linux) using BFD version version 2.30-93.el8
COMPILER_PATH=/apps/ault/spack/opt/spack/linux-centos8-zen/gcc-8.4.1/gcc-10.2.0-fqf4ze2mfclmx6e7ehrjckznpoqnevmi/libexec/gcc/x86_64-pc-linux-gnu/10.2.0/:/apps/ault/spack/opt/spack/linux-centos8-zen/gcc-8.4.1/gcc-10.2.0-fqf4ze2mfclmx6e7ehrjckznpoqnevmi/libexec/gcc/x86_64-pc-linux-gnu/10.2.0/:/apps/ault/spack/opt/spack/linux-centos8-zen/gcc-8.4.1/gcc-10.2.0-fqf4ze2mfclmx6e7ehrjckznpoqnevmi/libexec/gcc/x86_64-pc-linux-gnu/:/apps/ault/spack/opt/spack/linux-centos8-zen/gcc-8.4.1/gcc-10.2.0-fqf4ze2mfclmx6e7ehrjckznpoqnevmi/lib/gcc/x86_64-pc-linux-gnu/10.2.0/:/apps/ault/spack/opt/spack/linux-centos8-zen/gcc-8.4.1/gcc-10.2.0-fqf4ze2mfclmx6e7ehrjckznpoqnevmi/lib/gcc/x86_64-pc-linux-gnu/
LIBRARY_PATH=/apps/ault/spack/opt/spack/linux-centos8-zen/gcc-8.4.1/gcc-10.2.0-fqf4ze2mfclmx6e7ehrjckznpoqnevmi/lib/gcc/x86_64-pc-linux-gnu/10.2.0/:/apps/ault/spack/opt/spack/linux-centos8-zen/gcc-8.4.1/gcc-10.2.0-fqf4ze2mfclmx6e7ehrjckznpoqnevmi/lib/gcc/x86_64-pc-linux-gnu/10.2.0/../../../../lib64/:/lib/../lib64/:/usr/lib/../lib64/:/scratch/wbenjami/dafy/sdfg_gpu/spack/opt/spack/linux-centos8-zen2/gcc-10.2.0/netcdf-fortran-4.6.0-p7jdeag2groulzasdfqnokx2qiris3zh/lib/:/scratch/wbenjami/dafy/sdfg_gpu/spack/opt/spack/linux-centos8-zen2/gcc-10.2.0/netcdf-c-4.9.2-zynxjqlltpkunevnlaltrm7kfqlwjgpu/lib/:/scratch/wbenjami/dafy/sdfg_gpu/spack/opt/spack/linux-centos8-zen2/gcc-10.2.0/openblas-0.3.23-ara3inpfwh3myjbgqpaiqye5qc2b6wnc/lib/:/apps/ault/spack/opt/spack/linux-centos8-zen/gcc-8.4.1/gcc-10.2.0-fqf4ze2mfclmx6e7ehrjckznpoqnevmi/lib/gcc/x86_64-pc-linux-gnu/10.2.0/../../../:/lib/:/usr/lib/
COLLECT_GCC_OPTIONS='-g' '-O2' '-fopenmp' '-v' '-o' 'CMakeFiles/cmTC_8fe25.dir/OpenMPTryFlag.c.o' '-c' '-mtune=generic' '-march=x86-64' '-pthread'
Linking C executable cmTC_8fe25
/apps/ault/spack/opt/spack/linux-centos8-zen/gcc-8.4.1/cmake-3.21.3-zt24jfeuemvwweacziyho6ccdsdn2w4s/bin/cmake -E cmake_link_script CMakeFiles/cmTC_8fe25.dir/link.txt --verbose=1
/apps/ault/spack/opt/spack/linux-centos8-zen/gcc-8.4.1/gcc-10.2.0-fqf4ze2mfclmx6e7ehrjckznpoqnevmi/bin/gcc -g -O2 -fopenmp -v -L/scratch/pmazumde/gitspace/icon-artifacts/velocity/integrate_meh  CMakeFiles/cmTC_8fe25.dir/OpenMPTryFlag.c.o -o cmTC_8fe25  -v 
Reading specs from /apps/ault/spack/opt/spack/linux-centos8-zen/gcc-8.4.1/gcc-10.2.0-fqf4ze2mfclmx6e7ehrjckznpoqnevmi/lib/gcc/x86_64-pc-linux-gnu/10.2.0/specs
COLLECT_GCC=/apps/ault/spack/opt/spack/linux-centos8-zen/gcc-8.4.1/gcc-10.2.0-fqf4ze2mfclmx6e7ehrjckznpoqnevmi/bin/gcc
COLLECT_LTO_WRAPPER=/apps/ault/spack/opt/spack/linux-centos8-zen/gcc-8.4.1/gcc-10.2.0-fqf4ze2mfclmx6e7ehrjckznpoqnevmi/libexec/gcc/x86_64-pc-linux-gnu/10.2.0/lto-wrapper
Target: x86_64-pc-linux-gnu
Configured with: /tmp/kleinm/spack-stage/spack-stage-gcc-10.2.0-fqf4ze2mfclmx6e7ehrjckznpoqnevmi/spack-src/configure --prefix=/apps/ault/spack/opt/spack/linux-centos8-zen/gcc-8.4.1/gcc-10.2.0-fqf4ze2mfclmx6e7ehrjckznpoqnevmi --with-pkgversion='Spack GCC' --with-bugurl=https://github.com/spack/spack/issues --disable-multilib --enable-languages=c,c++,fortran --disable-nls --with-system-zlib --with-zstd-include=/apps/ault/spack/opt/spack/linux-centos8-zen/gcc-8.4.1/zstd-1.5.0-tdqxudxfvvdg24qqzcthxofjxtwgjv2y/include --with-zstd-lib=/apps/ault/spack/opt/spack/linux-centos8-zen/gcc-8.4.1/zstd-1.5.0-tdqxudxfvvdg24qqzcthxofjxtwgjv2y/lib64 --enable-bootstrap --with-mpfr-include=/apps/ault/spack/opt/spack/linux-centos8-zen/gcc-8.4.1/mpfr-4.1.0-ncrm3oi3zq4czkrhtsppakzbathaz7nm/include --with-mpfr-lib=/apps/ault/spack/opt/spack/linux-centos8-zen/gcc-8.4.1/mpfr-4.1.0-ncrm3oi3zq4czkrhtsppakzbathaz7nm/lib --with-gmp-include=/apps/ault/spack/opt/spack/linux-centos8-zen/gcc-8.4.1/gmp-6.2.1-a4uy3yg5ypry4p44urpwhs64ngc26vtd/include --with-gmp-lib=/apps/ault/spack/opt/spack/linux-centos8-zen/gcc-8.4.1/gmp-6.2.1-a4uy3yg5ypry4p44urpwhs64ngc26vtd/lib --with-mpc-include=/apps/ault/spack/opt/spack/linux-centos8-zen/gcc-8.4.1/mpc-1.1.0-6z3raodvxfd6flyau7y4xnubnkohnz5k/include --with-mpc-lib=/apps/ault/spack/opt/spack/linux-centos8-zen/gcc-8.4.1/mpc-1.1.0-6z3raodvxfd6flyau7y4xnubnkohnz5k/lib --without-isl --with-stage1-ldflags='-Wl,-rpath,/apps/ault/spack/opt/spack/linux-centos8-zen/gcc-8.4.1/gcc-10.2.0-fqf4ze2mfclmx6e7ehrjckznpoqnevmi/lib -Wl,-rpath,/apps/ault/spack/opt/spack/linux-centos8-zen/gcc-8.4.1/gcc-10.2.0-fqf4ze2mfclmx6e7ehrjckznpoqnevmi/lib64 -Wl,-rpath,/apps/ault/spack/opt/spack/linux-centos8-zen/gcc-8.4.1/gmp-6.2.1-a4uy3yg5ypry4p44urpwhs64ngc26vtd/lib -Wl,-rpath,/apps/ault/spack/opt/spack/linux-centos8-zen/gcc-8.4.1/mpfr-4.1.0-ncrm3oi3zq4czkrhtsppakzbathaz7nm/lib -Wl,-rpath,/apps/ault/spack/opt/spack/linux-centos8-zen/gcc-8.4.1/mpc-1.1.0-6z3raodvxfd6flyau7y4xnubnkohnz5k/lib -Wl,-rpath,/apps/ault/spack/opt/spack/linux-centos8-zen/gcc-8.4.1/zlib-1.2.11-dif34johfqcbxxhctkbvqxo4uwbhoz4c/lib -Wl,-rpath,/apps/ault/spack/opt/spack/linux-centos8-zen/gcc-8.4.1/zstd-1.5.0-tdqxudxfvvdg24qqzcthxofjxtwgjv2y/lib64' --with-boot-ldflags='-Wl,-rpath,/apps/ault/spack/opt/spack/linux-centos8-zen/gcc-8.4.1/gcc-10.2.0-fqf4ze2mfclmx6e7ehrjckznpoqnevmi/lib -Wl,-rpath,/apps/ault/spack/opt/spack/linux-centos8-zen/gcc-8.4.1/gcc-10.2.0-fqf4ze2mfclmx6e7ehrjckznpoqnevmi/lib64 -Wl,-rpath,/apps/ault/spack/opt/spack/linux-centos8-zen/gcc-8.4.1/gmp-6.2.1-a4uy3yg5ypry4p44urpwhs64ngc26vtd/lib -Wl,-rpath,/apps/ault/spack/opt/spack/linux-centos8-zen/gcc-8.4.1/mpfr-4.1.0-ncrm3oi3zq4czkrhtsppakzbathaz7nm/lib -Wl,-rpath,/apps/ault/spack/opt/spack/linux-centos8-zen/gcc-8.4.1/mpc-1.1.0-6z3raodvxfd6flyau7y4xnubnkohnz5k/lib -Wl,-rpath,/apps/ault/spack/opt/spack/linux-centos8-zen/gcc-8.4.1/zlib-1.2.11-dif34johfqcbxxhctkbvqxo4uwbhoz4c/lib -Wl,-rpath,/apps/ault/spack/opt/spack/linux-centos8-zen/gcc-8.4.1/zstd-1.5.0-tdqxudxfvvdg24qqzcthxofjxtwgjv2y/lib64 -static-libstdc++ -static-libgcc'
Thread model: posix
Supported LTO compression algorithms: zlib zstd
gcc version 10.2.0 (Spack GCC) 
COMPILER_PATH=/apps/ault/spack/opt/spack/linux-centos8-zen/gcc-8.4.1/gcc-10.2.0-fqf4ze2mfclmx6e7ehrjckznpoqnevmi/libexec/gcc/x86_64-pc-linux-gnu/10.2.0/:/apps/ault/spack/opt/spack/linux-centos8-zen/gcc-8.4.1/gcc-10.2.0-fqf4ze2mfclmx6e7ehrjckznpoqnevmi/libexec/gcc/x86_64-pc-linux-gnu/10.2.0/:/apps/ault/spack/opt/spack/linux-centos8-zen/gcc-8.4.1/gcc-10.2.0-fqf4ze2mfclmx6e7ehrjckznpoqnevmi/libexec/gcc/x86_64-pc-linux-gnu/:/apps/ault/spack/opt/spack/linux-centos8-zen/gcc-8.4.1/gcc-10.2.0-fqf4ze2mfclmx6e7ehrjckznpoqnevmi/lib/gcc/x86_64-pc-linux-gnu/10.2.0/:/apps/ault/spack/opt/spack/linux-centos8-zen/gcc-8.4.1/gcc-10.2.0-fqf4ze2mfclmx6e7ehrjckznpoqnevmi/lib/gcc/x86_64-pc-linux-gnu/
LIBRARY_PATH=/apps/ault/spack/opt/spack/linux-centos8-zen/gcc-8.4.1/gcc-10.2.0-fqf4ze2mfclmx6e7ehrjckznpoqnevmi/lib/gcc/x86_64-pc-linux-gnu/10.2.0/:/apps/ault/spack/opt/spack/linux-centos8-zen/gcc-8.4.1/gcc-10.2.0-fqf4ze2mfclmx6e7ehrjckznpoqnevmi/lib/gcc/x86_64-pc-linux-gnu/10.2.0/../../../../lib64/:/lib/../lib64/:/usr/lib/../lib64/:/scratch/wbenjami/dafy/sdfg_gpu/spack/opt/spack/linux-centos8-zen2/gcc-10.2.0/netcdf-fortran-4.6.0-p7jdeag2groulzasdfqnokx2qiris3zh/lib/:/scratch/wbenjami/dafy/sdfg_gpu/spack/opt/spack/linux-centos8-zen2/gcc-10.2.0/netcdf-c-4.9.2-zynxjqlltpkunevnlaltrm7kfqlwjgpu/lib/:/scratch/wbenjami/dafy/sdfg_gpu/spack/opt/spack/linux-centos8-zen2/gcc-10.2.0/openblas-0.3.23-ara3inpfwh3myjbgqpaiqye5qc2b6wnc/lib/:/apps/ault/spack/opt/spack/linux-centos8-zen/gcc-8.4.1/gcc-10.2.0-fqf4ze2mfclmx6e7ehrjckznpoqnevmi/lib/gcc/x86_64-pc-linux-gnu/10.2.0/../../../:/lib/:/usr/lib/
Reading specs from /apps/ault/spack/opt/spack/linux-centos8-zen/gcc-8.4.1/gcc-10.2.0-fqf4ze2mfclmx6e7ehrjckznpoqnevmi/lib/gcc/x86_64-pc-linux-gnu/10.2.0/../../../../lib64/libgomp.spec
COLLECT_GCC_OPTIONS='-g' '-O2' '-fopenmp' '-v' '-L/scratch/pmazumde/gitspace/icon-artifacts/velocity/integrate_meh' '-o' 'cmTC_8fe25' '-v' '-mtune=generic' '-march=x86-64' '-pthread'
 /apps/ault/spack/opt/spack/linux-centos8-zen/gcc-8.4.1/gcc-10.2.0-fqf4ze2mfclmx6e7ehrjckznpoqnevmi/libexec/gcc/x86_64-pc-linux-gnu/10.2.0/collect2 -plugin /apps/ault/spack/opt/spack/linux-centos8-zen/gcc-8.4.1/gcc-10.2.0-fqf4ze2mfclmx6e7ehrjckznpoqnevmi/libexec/gcc/x86_64-pc-linux-gnu/10.2.0/liblto_plugin.so -plugin-opt=/apps/ault/spack/opt/spack/linux-centos8-zen/gcc-8.4.1/gcc-10.2.0-fqf4ze2mfclmx6e7ehrjckznpoqnevmi/libexec/gcc/x86_64-pc-linux-gnu/10.2.0/lto-wrapper -plugin-opt=-fresolution=/tmp/ccvufkFo.res -plugin-opt=-pass-through=-lgcc -plugin-opt=-pass-through=-lgcc_s -plugin-opt=-pass-through=-lpthread -plugin-opt=-pass-through=-lc -plugin-opt=-pass-through=-lgcc -plugin-opt=-pass-through=-lgcc_s -rpath /apps/ault/spack/opt/spack/linux-centos8-zen/gcc-8.4.1/gcc-10.2.0-fqf4ze2mfclmx6e7ehrjckznpoqnevmi/lib:/apps/ault/spack/opt/spack/linux-centos8-zen/gcc-8.4.1/gcc-10.2.0-fqf4ze2mfclmx6e7ehrjckznpoqnevmi/lib64 --eh-frame-hdr -m elf_x86_64 -dynamic-linker /lib64/ld-linux-x86-64.so.2 -o cmTC_8fe25 /lib/../lib64/crt1.o /lib/../lib64/crti.o /apps/ault/spack/opt/spack/linux-centos8-zen/gcc-8.4.1/gcc-10.2.0-fqf4ze2mfclmx6e7ehrjckznpoqnevmi/lib/gcc/x86_64-pc-linux-gnu/10.2.0/crtbegin.o -L/scratch/pmazumde/gitspace/icon-artifacts/velocity/integrate_meh -L/apps/ault/spack/opt/spack/linux-centos8-zen/gcc-8.4.1/gcc-10.2.0-fqf4ze2mfclmx6e7ehrjckznpoqnevmi/lib/gcc/x86_64-pc-linux-gnu/10.2.0 -L/apps/ault/spack/opt/spack/linux-centos8-zen/gcc-8.4.1/gcc-10.2.0-fqf4ze2mfclmx6e7ehrjckznpoqnevmi/lib/gcc/x86_64-pc-linux-gnu/10.2.0/../../../../lib64 -L/lib/../lib64 -L/usr/lib/../lib64 -L/scratch/wbenjami/dafy/sdfg_gpu/spack/opt/spack/linux-centos8-zen2/gcc-10.2.0/netcdf-fortran-4.6.0-p7jdeag2groulzasdfqnokx2qiris3zh/lib -L/scratch/wbenjami/dafy/sdfg_gpu/spack/opt/spack/linux-centos8-zen2/gcc-10.2.0/netcdf-c-4.9.2-zynxjqlltpkunevnlaltrm7kfqlwjgpu/lib -L/scratch/wbenjami/dafy/sdfg_gpu/spack/opt/spack/linux-centos8-zen2/gcc-10.2.0/openblas-0.3.23-ara3inpfwh3myjbgqpaiqye5qc2b6wnc/lib -L/apps/ault/spack/opt/spack/linux-centos8-zen/gcc-8.4.1/gcc-10.2.0-fqf4ze2mfclmx6e7ehrjckznpoqnevmi/lib/gcc/x86_64-pc-linux-gnu/10.2.0/../../.. CMakeFiles/cmTC_8fe25.dir/OpenMPTryFlag.c.o -lgomp -lgcc --push-state --as-needed -lgcc_s --pop-state -lpthread -lc -lgcc --push-state --as-needed -lgcc_s --pop-state /apps/ault/spack/opt/spack/linux-centos8-zen/gcc-8.4.1/gcc-10.2.0-fqf4ze2mfclmx6e7ehrjckznpoqnevmi/lib/gcc/x86_64-pc-linux-gnu/10.2.0/crtend.o /lib/../lib64/crtn.o
COLLECT_GCC_OPTIONS='-g' '-O2' '-fopenmp' '-v' '-L/scratch/pmazumde/gitspace/icon-artifacts/velocity/integrate_meh' '-o' 'cmTC_8fe25' '-v' '-mtune=generic' '-march=x86-64' '-pthread'
gmake[3]: Leaving directory '/scratch/pmazumde/paper-icon-dace/icon-dace/build/externals/fortran-support/build/CMakeFiles/CMakeTmp'
gmake[2]: Leaving directory '/scratch/pmazumde/paper-icon-dace/icon-dace/build/externals/fortran-support/build/CMakeFiles/CMakeTmp'



Parsed C OpenMP implicit link information from above output:
  link line regex: [^( *|.*[/\])(ld|CMAKE_LINK_STARTFILE-NOTFOUND|([^/\]+-)?ld|collect2)[^/\]*( |$)]
  ignore line: [Change Dir: /scratch/pmazumde/paper-icon-dace/icon-dace/build/externals/fortran-support/build/CMakeFiles/CMakeTmp]
  ignore line: []
  ignore line: [Run Build Command(s):/usr/bin/gmake -f Makefile cmTC_8fe25/fast && gmake[2]: Entering directory '/scratch/pmazumde/paper-icon-dace/icon-dace/build/externals/fortran-support/build/CMakeFiles/CMakeTmp']
  ignore line: [/usr/bin/gmake  -f CMakeFiles/cmTC_8fe25.dir/build.make CMakeFiles/cmTC_8fe25.dir/build]
  ignore line: [gmake[3]: Entering directory '/scratch/pmazumde/paper-icon-dace/icon-dace/build/externals/fortran-support/build/CMakeFiles/CMakeTmp']
  ignore line: [Building C object CMakeFiles/cmTC_8fe25.dir/OpenMPTryFlag.c.o]
  ignore line: [/apps/ault/spack/opt/spack/linux-centos8-zen/gcc-8.4.1/gcc-10.2.0-fqf4ze2mfclmx6e7ehrjckznpoqnevmi/bin/gcc   -g -O2 -fopenmp -v -o CMakeFiles/cmTC_8fe25.dir/OpenMPTryFlag.c.o -c /scratch/pmazumde/paper-icon-dace/icon-dace/build/externals/fortran-support/build/CMakeFiles/FindOpenMP/OpenMPTryFlag.c]
  ignore line: [Reading specs from /apps/ault/spack/opt/spack/linux-centos8-zen/gcc-8.4.1/gcc-10.2.0-fqf4ze2mfclmx6e7ehrjckznpoqnevmi/lib/gcc/x86_64-pc-linux-gnu/10.2.0/specs]
  ignore line: [COLLECT_GCC=/apps/ault/spack/opt/spack/linux-centos8-zen/gcc-8.4.1/gcc-10.2.0-fqf4ze2mfclmx6e7ehrjckznpoqnevmi/bin/gcc]
  ignore line: [Target: x86_64-pc-linux-gnu]
  ignore line: [Configured with: /tmp/kleinm/spack-stage/spack-stage-gcc-10.2.0-fqf4ze2mfclmx6e7ehrjckznpoqnevmi/spack-src/configure --prefix=/apps/ault/spack/opt/spack/linux-centos8-zen/gcc-8.4.1/gcc-10.2.0-fqf4ze2mfclmx6e7ehrjckznpoqnevmi --with-pkgversion='Spack GCC' --with-bugurl=https://github.com/spack/spack/issues --disable-multilib --enable-languages=c c++ fortran --disable-nls --with-system-zlib --with-zstd-include=/apps/ault/spack/opt/spack/linux-centos8-zen/gcc-8.4.1/zstd-1.5.0-tdqxudxfvvdg24qqzcthxofjxtwgjv2y/include --with-zstd-lib=/apps/ault/spack/opt/spack/linux-centos8-zen/gcc-8.4.1/zstd-1.5.0-tdqxudxfvvdg24qqzcthxofjxtwgjv2y/lib64 --enable-bootstrap --with-mpfr-include=/apps/ault/spack/opt/spack/linux-centos8-zen/gcc-8.4.1/mpfr-4.1.0-ncrm3oi3zq4czkrhtsppakzbathaz7nm/include --with-mpfr-lib=/apps/ault/spack/opt/spack/linux-centos8-zen/gcc-8.4.1/mpfr-4.1.0-ncrm3oi3zq4czkrhtsppakzbathaz7nm/lib --with-gmp-include=/apps/ault/spack/opt/spack/linux-centos8-zen/gcc-8.4.1/gmp-6.2.1-a4uy3yg5ypry4p44urpwhs64ngc26vtd/include --with-gmp-lib=/apps/ault/spack/opt/spack/linux-centos8-zen/gcc-8.4.1/gmp-6.2.1-a4uy3yg5ypry4p44urpwhs64ngc26vtd/lib --with-mpc-include=/apps/ault/spack/opt/spack/linux-centos8-zen/gcc-8.4.1/mpc-1.1.0-6z3raodvxfd6flyau7y4xnubnkohnz5k/include --with-mpc-lib=/apps/ault/spack/opt/spack/linux-centos8-zen/gcc-8.4.1/mpc-1.1.0-6z3raodvxfd6flyau7y4xnubnkohnz5k/lib --without-isl --with-stage1-ldflags='-Wl -rpath /apps/ault/spack/opt/spack/linux-centos8-zen/gcc-8.4.1/gcc-10.2.0-fqf4ze2mfclmx6e7ehrjckznpoqnevmi/lib -Wl -rpath /apps/ault/spack/opt/spack/linux-centos8-zen/gcc-8.4.1/gcc-10.2.0-fqf4ze2mfclmx6e7ehrjckznpoqnevmi/lib64 -Wl -rpath /apps/ault/spack/opt/spack/linux-centos8-zen/gcc-8.4.1/gmp-6.2.1-a4uy3yg5ypry4p44urpwhs64ngc26vtd/lib -Wl -rpath /apps/ault/spack/opt/spack/linux-centos8-zen/gcc-8.4.1/mpfr-4.1.0-ncrm3oi3zq4czkrhtsppakzbathaz7nm/lib -Wl -rpath /apps/ault/spack/opt/spack/linux-centos8-zen/gcc-8.4.1/mpc-1.1.0-6z3raodvxfd6flyau7y4xnubnkohnz5k/lib -Wl -rpath /apps/ault/spack/opt/spack/linux-centos8-zen/gcc-8.4.1/zlib-1.2.11-dif34johfqcbxxhctkbvqxo4uwbhoz4c/lib -Wl -rpath /apps/ault/spack/opt/spack/linux-centos8-zen/gcc-8.4.1/zstd-1.5.0-tdqxudxfvvdg24qqzcthxofjxtwgjv2y/lib64' --with-boot-ldflags='-Wl -rpath /apps/ault/spack/opt/spack/linux-centos8-zen/gcc-8.4.1/gcc-10.2.0-fqf4ze2mfclmx6e7ehrjckznpoqnevmi/lib -Wl -rpath /apps/ault/spack/opt/spack/linux-centos8-zen/gcc-8.4.1/gcc-10.2.0-fqf4ze2mfclmx6e7ehrjckznpoqnevmi/lib64 -Wl -rpath /apps/ault/spack/opt/spack/linux-centos8-zen/gcc-8.4.1/gmp-6.2.1-a4uy3yg5ypry4p44urpwhs64ngc26vtd/lib -Wl -rpath /apps/ault/spack/opt/spack/linux-centos8-zen/gcc-8.4.1/mpfr-4.1.0-ncrm3oi3zq4czkrhtsppakzbathaz7nm/lib -Wl -rpath /apps/ault/spack/opt/spack/linux-centos8-zen/gcc-8.4.1/mpc-1.1.0-6z3raodvxfd6flyau7y4xnubnkohnz5k/lib -Wl -rpath /apps/ault/spack/opt/spack/linux-centos8-zen/gcc-8.4.1/zlib-1.2.11-dif34johfqcbxxhctkbvqxo4uwbhoz4c/lib -Wl -rpath /apps/ault/spack/opt/spack/linux-centos8-zen/gcc-8.4.1/zstd-1.5.0-tdqxudxfvvdg24qqzcthxofjxtwgjv2y/lib64 -static-libstdc++ -static-libgcc']
  ignore line: [Thread model: posix]
  ignore line: [Supported LTO compression algorithms: zlib zstd]
  ignore line: [gcc version 10.2.0 (Spack GCC) ]
  ignore line: [COLLECT_GCC_OPTIONS='-g' '-O2' '-fopenmp' '-v' '-o' 'CMakeFiles/cmTC_8fe25.dir/OpenMPTryFlag.c.o' '-c' '-mtune=generic' '-march=x86-64' '-pthread']
  ignore line: [ /apps/ault/spack/opt/spack/linux-centos8-zen/gcc-8.4.1/gcc-10.2.0-fqf4ze2mfclmx6e7ehrjckznpoqnevmi/libexec/gcc/x86_64-pc-linux-gnu/10.2.0/cc1 -quiet -v -D_REENTRANT /scratch/pmazumde/paper-icon-dace/icon-dace/build/externals/fortran-support/build/CMakeFiles/FindOpenMP/OpenMPTryFlag.c -quiet -dumpbase OpenMPTryFlag.c -mtune=generic -march=x86-64 -auxbase-strip CMakeFiles/cmTC_8fe25.dir/OpenMPTryFlag.c.o -g -O2 -version -fopenmp -o /tmp/cc0LVOUu.s]
  ignore line: [GNU C17 (Spack GCC) version 10.2.0 (x86_64-pc-linux-gnu)]
  ignore line: [	compiled by GNU C version 10.2.0  GMP version 6.2.1  MPFR version 4.1.0  MPC version 1.1.0  isl version none]
  ignore line: [GGC heuristics: --param ggc-min-expand=100 --param ggc-min-heapsize=131072]
  ignore line: [ignoring nonexistent directory "/apps/ault/spack/opt/spack/linux-centos8-zen/gcc-8.4.1/gcc-10.2.0-fqf4ze2mfclmx6e7ehrjckznpoqnevmi/lib/gcc/x86_64-pc-linux-gnu/10.2.0/../../../../x86_64-pc-linux-gnu/include"]
  ignore line: [#include "..." search starts here:]
  ignore line: [#include <...> search starts here:]
  ignore line: [ /apps/ault/spack/opt/spack/linux-centos8-zen/gcc-8.4.1/gcc-10.2.0-fqf4ze2mfclmx6e7ehrjckznpoqnevmi/lib/gcc/x86_64-pc-linux-gnu/10.2.0/include]
  ignore line: [ /usr/local/include]
  ignore line: [ /apps/ault/spack/opt/spack/linux-centos8-zen/gcc-8.4.1/gcc-10.2.0-fqf4ze2mfclmx6e7ehrjckznpoqnevmi/include]
  ignore line: [ /apps/ault/spack/opt/spack/linux-centos8-zen/gcc-8.4.1/gcc-10.2.0-fqf4ze2mfclmx6e7ehrjckznpoqnevmi/lib/gcc/x86_64-pc-linux-gnu/10.2.0/include-fixed]
  ignore line: [ /usr/include]
  ignore line: [End of search list.]
  ignore line: [GNU C17 (Spack GCC) version 10.2.0 (x86_64-pc-linux-gnu)]
  ignore line: [	compiled by GNU C version 10.2.0  GMP version 6.2.1  MPFR version 4.1.0  MPC version 1.1.0  isl version none]
  ignore line: [GGC heuristics: --param ggc-min-expand=100 --param ggc-min-heapsize=131072]
  ignore line: [Compiler executable checksum: fce6a70fa08a5e02bcf19a0860b031e9]
  ignore line: [COLLECT_GCC_OPTIONS='-g' '-O2' '-fopenmp' '-v' '-o' 'CMakeFiles/cmTC_8fe25.dir/OpenMPTryFlag.c.o' '-c' '-mtune=generic' '-march=x86-64' '-pthread']
  ignore line: [ as -v --64 -o CMakeFiles/cmTC_8fe25.dir/OpenMPTryFlag.c.o /tmp/cc0LVOUu.s]
  ignore line: [GNU assembler version 2.30 (x86_64-redhat-linux) using BFD version version 2.30-93.el8]
  ignore line: [COMPILER_PATH=/apps/ault/spack/opt/spack/linux-centos8-zen/gcc-8.4.1/gcc-10.2.0-fqf4ze2mfclmx6e7ehrjckznpoqnevmi/libexec/gcc/x86_64-pc-linux-gnu/10.2.0/:/apps/ault/spack/opt/spack/linux-centos8-zen/gcc-8.4.1/gcc-10.2.0-fqf4ze2mfclmx6e7ehrjckznpoqnevmi/libexec/gcc/x86_64-pc-linux-gnu/10.2.0/:/apps/ault/spack/opt/spack/linux-centos8-zen/gcc-8.4.1/gcc-10.2.0-fqf4ze2mfclmx6e7ehrjckznpoqnevmi/libexec/gcc/x86_64-pc-linux-gnu/:/apps/ault/spack/opt/spack/linux-centos8-zen/gcc-8.4.1/gcc-10.2.0-fqf4ze2mfclmx6e7ehrjckznpoqnevmi/lib/gcc/x86_64-pc-linux-gnu/10.2.0/:/apps/ault/spack/opt/spack/linux-centos8-zen/gcc-8.4.1/gcc-10.2.0-fqf4ze2mfclmx6e7ehrjckznpoqnevmi/lib/gcc/x86_64-pc-linux-gnu/]
  ignore line: [LIBRARY_PATH=/apps/ault/spack/opt/spack/linux-centos8-zen/gcc-8.4.1/gcc-10.2.0-fqf4ze2mfclmx6e7ehrjckznpoqnevmi/lib/gcc/x86_64-pc-linux-gnu/10.2.0/:/apps/ault/spack/opt/spack/linux-centos8-zen/gcc-8.4.1/gcc-10.2.0-fqf4ze2mfclmx6e7ehrjckznpoqnevmi/lib/gcc/x86_64-pc-linux-gnu/10.2.0/../../../../lib64/:/lib/../lib64/:/usr/lib/../lib64/:/scratch/wbenjami/dafy/sdfg_gpu/spack/opt/spack/linux-centos8-zen2/gcc-10.2.0/netcdf-fortran-4.6.0-p7jdeag2groulzasdfqnokx2qiris3zh/lib/:/scratch/wbenjami/dafy/sdfg_gpu/spack/opt/spack/linux-centos8-zen2/gcc-10.2.0/netcdf-c-4.9.2-zynxjqlltpkunevnlaltrm7kfqlwjgpu/lib/:/scratch/wbenjami/dafy/sdfg_gpu/spack/opt/spack/linux-centos8-zen2/gcc-10.2.0/openblas-0.3.23-ara3inpfwh3myjbgqpaiqye5qc2b6wnc/lib/:/apps/ault/spack/opt/spack/linux-centos8-zen/gcc-8.4.1/gcc-10.2.0-fqf4ze2mfclmx6e7ehrjckznpoqnevmi/lib/gcc/x86_64-pc-linux-gnu/10.2.0/../../../:/lib/:/usr/lib/]
  ignore line: [COLLECT_GCC_OPTIONS='-g' '-O2' '-fopenmp' '-v' '-o' 'CMakeFiles/cmTC_8fe25.dir/OpenMPTryFlag.c.o' '-c' '-mtune=generic' '-march=x86-64' '-pthread']
  ignore line: [Linking C executable cmTC_8fe25]
  ignore line: [/apps/ault/spack/opt/spack/linux-centos8-zen/gcc-8.4.1/cmake-3.21.3-zt24jfeuemvwweacziyho6ccdsdn2w4s/bin/cmake -E cmake_link_script CMakeFiles/cmTC_8fe25.dir/link.txt --verbose=1]
  ignore line: [/apps/ault/spack/opt/spack/linux-centos8-zen/gcc-8.4.1/gcc-10.2.0-fqf4ze2mfclmx6e7ehrjckznpoqnevmi/bin/gcc -g -O2 -fopenmp -v -L/scratch/pmazumde/gitspace/icon-artifacts/velocity/integrate_meh  CMakeFiles/cmTC_8fe25.dir/OpenMPTryFlag.c.o -o cmTC_8fe25  -v ]
  ignore line: [Reading specs from /apps/ault/spack/opt/spack/linux-centos8-zen/gcc-8.4.1/gcc-10.2.0-fqf4ze2mfclmx6e7ehrjckznpoqnevmi/lib/gcc/x86_64-pc-linux-gnu/10.2.0/specs]
  ignore line: [COLLECT_GCC=/apps/ault/spack/opt/spack/linux-centos8-zen/gcc-8.4.1/gcc-10.2.0-fqf4ze2mfclmx6e7ehrjckznpoqnevmi/bin/gcc]
  ignore line: [COLLECT_LTO_WRAPPER=/apps/ault/spack/opt/spack/linux-centos8-zen/gcc-8.4.1/gcc-10.2.0-fqf4ze2mfclmx6e7ehrjckznpoqnevmi/libexec/gcc/x86_64-pc-linux-gnu/10.2.0/lto-wrapper]
  ignore line: [Target: x86_64-pc-linux-gnu]
  ignore line: [Configured with: /tmp/kleinm/spack-stage/spack-stage-gcc-10.2.0-fqf4ze2mfclmx6e7ehrjckznpoqnevmi/spack-src/configure --prefix=/apps/ault/spack/opt/spack/linux-centos8-zen/gcc-8.4.1/gcc-10.2.0-fqf4ze2mfclmx6e7ehrjckznpoqnevmi --with-pkgversion='Spack GCC' --with-bugurl=https://github.com/spack/spack/issues --disable-multilib --enable-languages=c c++ fortran --disable-nls --with-system-zlib --with-zstd-include=/apps/ault/spack/opt/spack/linux-centos8-zen/gcc-8.4.1/zstd-1.5.0-tdqxudxfvvdg24qqzcthxofjxtwgjv2y/include --with-zstd-lib=/apps/ault/spack/opt/spack/linux-centos8-zen/gcc-8.4.1/zstd-1.5.0-tdqxudxfvvdg24qqzcthxofjxtwgjv2y/lib64 --enable-bootstrap --with-mpfr-include=/apps/ault/spack/opt/spack/linux-centos8-zen/gcc-8.4.1/mpfr-4.1.0-ncrm3oi3zq4czkrhtsppakzbathaz7nm/include --with-mpfr-lib=/apps/ault/spack/opt/spack/linux-centos8-zen/gcc-8.4.1/mpfr-4.1.0-ncrm3oi3zq4czkrhtsppakzbathaz7nm/lib --with-gmp-include=/apps/ault/spack/opt/spack/linux-centos8-zen/gcc-8.4.1/gmp-6.2.1-a4uy3yg5ypry4p44urpwhs64ngc26vtd/include --with-gmp-lib=/apps/ault/spack/opt/spack/linux-centos8-zen/gcc-8.4.1/gmp-6.2.1-a4uy3yg5ypry4p44urpwhs64ngc26vtd/lib --with-mpc-include=/apps/ault/spack/opt/spack/linux-centos8-zen/gcc-8.4.1/mpc-1.1.0-6z3raodvxfd6flyau7y4xnubnkohnz5k/include --with-mpc-lib=/apps/ault/spack/opt/spack/linux-centos8-zen/gcc-8.4.1/mpc-1.1.0-6z3raodvxfd6flyau7y4xnubnkohnz5k/lib --without-isl --with-stage1-ldflags='-Wl -rpath /apps/ault/spack/opt/spack/linux-centos8-zen/gcc-8.4.1/gcc-10.2.0-fqf4ze2mfclmx6e7ehrjckznpoqnevmi/lib -Wl -rpath /apps/ault/spack/opt/spack/linux-centos8-zen/gcc-8.4.1/gcc-10.2.0-fqf4ze2mfclmx6e7ehrjckznpoqnevmi/lib64 -Wl -rpath /apps/ault/spack/opt/spack/linux-centos8-zen/gcc-8.4.1/gmp-6.2.1-a4uy3yg5ypry4p44urpwhs64ngc26vtd/lib -Wl -rpath /apps/ault/spack/opt/spack/linux-centos8-zen/gcc-8.4.1/mpfr-4.1.0-ncrm3oi3zq4czkrhtsppakzbathaz7nm/lib -Wl -rpath /apps/ault/spack/opt/spack/linux-centos8-zen/gcc-8.4.1/mpc-1.1.0-6z3raodvxfd6flyau7y4xnubnkohnz5k/lib -Wl -rpath /apps/ault/spack/opt/spack/linux-centos8-zen/gcc-8.4.1/zlib-1.2.11-dif34johfqcbxxhctkbvqxo4uwbhoz4c/lib -Wl -rpath /apps/ault/spack/opt/spack/linux-centos8-zen/gcc-8.4.1/zstd-1.5.0-tdqxudxfvvdg24qqzcthxofjxtwgjv2y/lib64' --with-boot-ldflags='-Wl -rpath /apps/ault/spack/opt/spack/linux-centos8-zen/gcc-8.4.1/gcc-10.2.0-fqf4ze2mfclmx6e7ehrjckznpoqnevmi/lib -Wl -rpath /apps/ault/spack/opt/spack/linux-centos8-zen/gcc-8.4.1/gcc-10.2.0-fqf4ze2mfclmx6e7ehrjckznpoqnevmi/lib64 -Wl -rpath /apps/ault/spack/opt/spack/linux-centos8-zen/gcc-8.4.1/gmp-6.2.1-a4uy3yg5ypry4p44urpwhs64ngc26vtd/lib -Wl -rpath /apps/ault/spack/opt/spack/linux-centos8-zen/gcc-8.4.1/mpfr-4.1.0-ncrm3oi3zq4czkrhtsppakzbathaz7nm/lib -Wl -rpath /apps/ault/spack/opt/spack/linux-centos8-zen/gcc-8.4.1/mpc-1.1.0-6z3raodvxfd6flyau7y4xnubnkohnz5k/lib -Wl -rpath /apps/ault/spack/opt/spack/linux-centos8-zen/gcc-8.4.1/zlib-1.2.11-dif34johfqcbxxhctkbvqxo4uwbhoz4c/lib -Wl -rpath /apps/ault/spack/opt/spack/linux-centos8-zen/gcc-8.4.1/zstd-1.5.0-tdqxudxfvvdg24qqzcthxofjxtwgjv2y/lib64 -static-libstdc++ -static-libgcc']
  ignore line: [Thread model: posix]
  ignore line: [Supported LTO compression algorithms: zlib zstd]
  ignore line: [gcc version 10.2.0 (Spack GCC) ]
  ignore line: [COMPILER_PATH=/apps/ault/spack/opt/spack/linux-centos8-zen/gcc-8.4.1/gcc-10.2.0-fqf4ze2mfclmx6e7ehrjckznpoqnevmi/libexec/gcc/x86_64-pc-linux-gnu/10.2.0/:/apps/ault/spack/opt/spack/linux-centos8-zen/gcc-8.4.1/gcc-10.2.0-fqf4ze2mfclmx6e7ehrjckznpoqnevmi/libexec/gcc/x86_64-pc-linux-gnu/10.2.0/:/apps/ault/spack/opt/spack/linux-centos8-zen/gcc-8.4.1/gcc-10.2.0-fqf4ze2mfclmx6e7ehrjckznpoqnevmi/libexec/gcc/x86_64-pc-linux-gnu/:/apps/ault/spack/opt/spack/linux-centos8-zen/gcc-8.4.1/gcc-10.2.0-fqf4ze2mfclmx6e7ehrjckznpoqnevmi/lib/gcc/x86_64-pc-linux-gnu/10.2.0/:/apps/ault/spack/opt/spack/linux-centos8-zen/gcc-8.4.1/gcc-10.2.0-fqf4ze2mfclmx6e7ehrjckznpoqnevmi/lib/gcc/x86_64-pc-linux-gnu/]
  ignore line: [LIBRARY_PATH=/apps/ault/spack/opt/spack/linux-centos8-zen/gcc-8.4.1/gcc-10.2.0-fqf4ze2mfclmx6e7ehrjckznpoqnevmi/lib/gcc/x86_64-pc-linux-gnu/10.2.0/:/apps/ault/spack/opt/spack/linux-centos8-zen/gcc-8.4.1/gcc-10.2.0-fqf4ze2mfclmx6e7ehrjckznpoqnevmi/lib/gcc/x86_64-pc-linux-gnu/10.2.0/../../../../lib64/:/lib/../lib64/:/usr/lib/../lib64/:/scratch/wbenjami/dafy/sdfg_gpu/spack/opt/spack/linux-centos8-zen2/gcc-10.2.0/netcdf-fortran-4.6.0-p7jdeag2groulzasdfqnokx2qiris3zh/lib/:/scratch/wbenjami/dafy/sdfg_gpu/spack/opt/spack/linux-centos8-zen2/gcc-10.2.0/netcdf-c-4.9.2-zynxjqlltpkunevnlaltrm7kfqlwjgpu/lib/:/scratch/wbenjami/dafy/sdfg_gpu/spack/opt/spack/linux-centos8-zen2/gcc-10.2.0/openblas-0.3.23-ara3inpfwh3myjbgqpaiqye5qc2b6wnc/lib/:/apps/ault/spack/opt/spack/linux-centos8-zen/gcc-8.4.1/gcc-10.2.0-fqf4ze2mfclmx6e7ehrjckznpoqnevmi/lib/gcc/x86_64-pc-linux-gnu/10.2.0/../../../:/lib/:/usr/lib/]
  ignore line: [Reading specs from /apps/ault/spack/opt/spack/linux-centos8-zen/gcc-8.4.1/gcc-10.2.0-fqf4ze2mfclmx6e7ehrjckznpoqnevmi/lib/gcc/x86_64-pc-linux-gnu/10.2.0/../../../../lib64/libgomp.spec]
  ignore line: [COLLECT_GCC_OPTIONS='-g' '-O2' '-fopenmp' '-v' '-L/scratch/pmazumde/gitspace/icon-artifacts/velocity/integrate_meh' '-o' 'cmTC_8fe25' '-v' '-mtune=generic' '-march=x86-64' '-pthread']
  link line: [ /apps/ault/spack/opt/spack/linux-centos8-zen/gcc-8.4.1/gcc-10.2.0-fqf4ze2mfclmx6e7ehrjckznpoqnevmi/libexec/gcc/x86_64-pc-linux-gnu/10.2.0/collect2 -plugin /apps/ault/spack/opt/spack/linux-centos8-zen/gcc-8.4.1/gcc-10.2.0-fqf4ze2mfclmx6e7ehrjckznpoqnevmi/libexec/gcc/x86_64-pc-linux-gnu/10.2.0/liblto_plugin.so -plugin-opt=/apps/ault/spack/opt/spack/linux-centos8-zen/gcc-8.4.1/gcc-10.2.0-fqf4ze2mfclmx6e7ehrjckznpoqnevmi/libexec/gcc/x86_64-pc-linux-gnu/10.2.0/lto-wrapper -plugin-opt=-fresolution=/tmp/ccvufkFo.res -plugin-opt=-pass-through=-lgcc -plugin-opt=-pass-through=-lgcc_s -plugin-opt=-pass-through=-lpthread -plugin-opt=-pass-through=-lc -plugin-opt=-pass-through=-lgcc -plugin-opt=-pass-through=-lgcc_s -rpath /apps/ault/spack/opt/spack/linux-centos8-zen/gcc-8.4.1/gcc-10.2.0-fqf4ze2mfclmx6e7ehrjckznpoqnevmi/lib:/apps/ault/spack/opt/spack/linux-centos8-zen/gcc-8.4.1/gcc-10.2.0-fqf4ze2mfclmx6e7ehrjckznpoqnevmi/lib64 --eh-frame-hdr -m elf_x86_64 -dynamic-linker /lib64/ld-linux-x86-64.so.2 -o cmTC_8fe25 /lib/../lib64/crt1.o /lib/../lib64/crti.o /apps/ault/spack/opt/spack/linux-centos8-zen/gcc-8.4.1/gcc-10.2.0-fqf4ze2mfclmx6e7ehrjckznpoqnevmi/lib/gcc/x86_64-pc-linux-gnu/10.2.0/crtbegin.o -L/scratch/pmazumde/gitspace/icon-artifacts/velocity/integrate_meh -L/apps/ault/spack/opt/spack/linux-centos8-zen/gcc-8.4.1/gcc-10.2.0-fqf4ze2mfclmx6e7ehrjckznpoqnevmi/lib/gcc/x86_64-pc-linux-gnu/10.2.0 -L/apps/ault/spack/opt/spack/linux-centos8-zen/gcc-8.4.1/gcc-10.2.0-fqf4ze2mfclmx6e7ehrjckznpoqnevmi/lib/gcc/x86_64-pc-linux-gnu/10.2.0/../../../../lib64 -L/lib/../lib64 -L/usr/lib/../lib64 -L/scratch/wbenjami/dafy/sdfg_gpu/spack/opt/spack/linux-centos8-zen2/gcc-10.2.0/netcdf-fortran-4.6.0-p7jdeag2groulzasdfqnokx2qiris3zh/lib -L/scratch/wbenjami/dafy/sdfg_gpu/spack/opt/spack/linux-centos8-zen2/gcc-10.2.0/netcdf-c-4.9.2-zynxjqlltpkunevnlaltrm7kfqlwjgpu/lib -L/scratch/wbenjami/dafy/sdfg_gpu/spack/opt/spack/linux-centos8-zen2/gcc-10.2.0/openblas-0.3.23-ara3inpfwh3myjbgqpaiqye5qc2b6wnc/lib -L/apps/ault/spack/opt/spack/linux-centos8-zen/gcc-8.4.1/gcc-10.2.0-fqf4ze2mfclmx6e7ehrjckznpoqnevmi/lib/gcc/x86_64-pc-linux-gnu/10.2.0/../../.. CMakeFiles/cmTC_8fe25.dir/OpenMPTryFlag.c.o -lgomp -lgcc --push-state --as-needed -lgcc_s --pop-state -lpthread -lc -lgcc --push-state --as-needed -lgcc_s --pop-state /apps/ault/spack/opt/spack/linux-centos8-zen/gcc-8.4.1/gcc-10.2.0-fqf4ze2mfclmx6e7ehrjckznpoqnevmi/lib/gcc/x86_64-pc-linux-gnu/10.2.0/crtend.o /lib/../lib64/crtn.o]
    arg [/apps/ault/spack/opt/spack/linux-centos8-zen/gcc-8.4.1/gcc-10.2.0-fqf4ze2mfclmx6e7ehrjckznpoqnevmi/libexec/gcc/x86_64-pc-linux-gnu/10.2.0/collect2] ==> ignore
    arg [-plugin] ==> ignore
    arg [/apps/ault/spack/opt/spack/linux-centos8-zen/gcc-8.4.1/gcc-10.2.0-fqf4ze2mfclmx6e7ehrjckznpoqnevmi/libexec/gcc/x86_64-pc-linux-gnu/10.2.0/liblto_plugin.so] ==> ignore
    arg [-plugin-opt=/apps/ault/spack/opt/spack/linux-centos8-zen/gcc-8.4.1/gcc-10.2.0-fqf4ze2mfclmx6e7ehrjckznpoqnevmi/libexec/gcc/x86_64-pc-linux-gnu/10.2.0/lto-wrapper] ==> ignore
    arg [-plugin-opt=-fresolution=/tmp/ccvufkFo.res] ==> ignore
    arg [-plugin-opt=-pass-through=-lgcc] ==> ignore
    arg [-plugin-opt=-pass-through=-lgcc_s] ==> ignore
    arg [-plugin-opt=-pass-through=-lpthread] ==> ignore
    arg [-plugin-opt=-pass-through=-lc] ==> ignore
    arg [-plugin-opt=-pass-through=-lgcc] ==> ignore
    arg [-plugin-opt=-pass-through=-lgcc_s] ==> ignore
    arg [-rpath] ==> ignore
    arg [/apps/ault/spack/opt/spack/linux-centos8-zen/gcc-8.4.1/gcc-10.2.0-fqf4ze2mfclmx6e7ehrjckznpoqnevmi/lib:/apps/ault/spack/opt/spack/linux-centos8-zen/gcc-8.4.1/gcc-10.2.0-fqf4ze2mfclmx6e7ehrjckznpoqnevmi/lib64] ==> ignore
    arg [--eh-frame-hdr] ==> ignore
    arg [-m] ==> ignore
    arg [elf_x86_64] ==> ignore
    arg [-dynamic-linker] ==> ignore
    arg [/lib64/ld-linux-x86-64.so.2] ==> ignore
    arg [-o] ==> ignore
    arg [cmTC_8fe25] ==> ignore
    arg [-L/scratch/pmazumde/gitspace/icon-artifacts/velocity/integrate_meh] ==> dir [/scratch/pmazumde/gitspace/icon-artifacts/velocity/integrate_meh]
    arg [-L/apps/ault/spack/opt/spack/linux-centos8-zen/gcc-8.4.1/gcc-10.2.0-fqf4ze2mfclmx6e7ehrjckznpoqnevmi/lib/gcc/x86_64-pc-linux-gnu/10.2.0] ==> dir [/apps/ault/spack/opt/spack/linux-centos8-zen/gcc-8.4.1/gcc-10.2.0-fqf4ze2mfclmx6e7ehrjckznpoqnevmi/lib/gcc/x86_64-pc-linux-gnu/10.2.0]
    arg [-L/apps/ault/spack/opt/spack/linux-centos8-zen/gcc-8.4.1/gcc-10.2.0-fqf4ze2mfclmx6e7ehrjckznpoqnevmi/lib/gcc/x86_64-pc-linux-gnu/10.2.0/../../../../lib64] ==> dir [/apps/ault/spack/opt/spack/linux-centos8-zen/gcc-8.4.1/gcc-10.2.0-fqf4ze2mfclmx6e7ehrjckznpoqnevmi/lib/gcc/x86_64-pc-linux-gnu/10.2.0/../../../../lib64]
    arg [-L/lib/../lib64] ==> dir [/lib/../lib64]
    arg [-L/usr/lib/../lib64] ==> dir [/usr/lib/../lib64]
    arg [-L/scratch/wbenjami/dafy/sdfg_gpu/spack/opt/spack/linux-centos8-zen2/gcc-10.2.0/netcdf-fortran-4.6.0-p7jdeag2groulzasdfqnokx2qiris3zh/lib] ==> dir [/scratch/wbenjami/dafy/sdfg_gpu/spack/opt/spack/linux-centos8-zen2/gcc-10.2.0/netcdf-fortran-4.6.0-p7jdeag2groulzasdfqnokx2qiris3zh/lib]
    arg [-L/scratch/wbenjami/dafy/sdfg_gpu/spack/opt/spack/linux-centos8-zen2/gcc-10.2.0/netcdf-c-4.9.2-zynxjqlltpkunevnlaltrm7kfqlwjgpu/lib] ==> dir [/scratch/wbenjami/dafy/sdfg_gpu/spack/opt/spack/linux-centos8-zen2/gcc-10.2.0/netcdf-c-4.9.2-zynxjqlltpkunevnlaltrm7kfqlwjgpu/lib]
    arg [-L/scratch/wbenjami/dafy/sdfg_gpu/spack/opt/spack/linux-centos8-zen2/gcc-10.2.0/openblas-0.3.23-ara3inpfwh3myjbgqpaiqye5qc2b6wnc/lib] ==> dir [/scratch/wbenjami/dafy/sdfg_gpu/spack/opt/spack/linux-centos8-zen2/gcc-10.2.0/openblas-0.3.23-ara3inpfwh3myjbgqpaiqye5qc2b6wnc/lib]
    arg [-L/apps/ault/spack/opt/spack/linux-centos8-zen/gcc-8.4.1/gcc-10.2.0-fqf4ze2mfclmx6e7ehrjckznpoqnevmi/lib/gcc/x86_64-pc-linux-gnu/10.2.0/../../..] ==> dir [/apps/ault/spack/opt/spack/linux-centos8-zen/gcc-8.4.1/gcc-10.2.0-fqf4ze2mfclmx6e7ehrjckznpoqnevmi/lib/gcc/x86_64-pc-linux-gnu/10.2.0/../../..]
    arg [CMakeFiles/cmTC_8fe25.dir/OpenMPTryFlag.c.o] ==> ignore
    arg [-lgomp] ==> lib [gomp]
    arg [-lgcc] ==> lib [gcc]
    arg [--push-state] ==> ignore
    arg [--as-needed] ==> ignore
    arg [-lgcc_s] ==> lib [gcc_s]
    arg [--pop-state] ==> ignore
    arg [-lpthread] ==> lib [pthread]
    arg [-lc] ==> lib [c]
    arg [-lgcc] ==> lib [gcc]
    arg [--push-state] ==> ignore
    arg [--as-needed] ==> ignore
    arg [-lgcc_s] ==> lib [gcc_s]
    arg [--pop-state] ==> ignore
  collapse library dir [/scratch/pmazumde/gitspace/icon-artifacts/velocity/integrate_meh] ==> [/scratch/pmazumde/gitspace/icon-artifacts/velocity/integrate_meh]
  collapse library dir [/apps/ault/spack/opt/spack/linux-centos8-zen/gcc-8.4.1/gcc-10.2.0-fqf4ze2mfclmx6e7ehrjckznpoqnevmi/lib/gcc/x86_64-pc-linux-gnu/10.2.0] ==> [/apps/ault/spack/opt/spack/linux-centos8-zen/gcc-8.4.1/gcc-10.2.0-fqf4ze2mfclmx6e7ehrjckznpoqnevmi/lib/gcc/x86_64-pc-linux-gnu/10.2.0]
  collapse library dir [/apps/ault/spack/opt/spack/linux-centos8-zen/gcc-8.4.1/gcc-10.2.0-fqf4ze2mfclmx6e7ehrjckznpoqnevmi/lib/gcc/x86_64-pc-linux-gnu/10.2.0/../../../../lib64] ==> [/apps/ault/spack/opt/spack/linux-centos8-zen/gcc-8.4.1/gcc-10.2.0-fqf4ze2mfclmx6e7ehrjckznpoqnevmi/lib64]
  collapse library dir [/lib/../lib64] ==> [/lib64]
  collapse library dir [/usr/lib/../lib64] ==> [/usr/lib64]
  collapse library dir [/scratch/wbenjami/dafy/sdfg_gpu/spack/opt/spack/linux-centos8-zen2/gcc-10.2.0/netcdf-fortran-4.6.0-p7jdeag2groulzasdfqnokx2qiris3zh/lib] ==> [/scratch/wbenjami/dafy/sdfg_gpu/spack/opt/spack/linux-centos8-zen2/gcc-10.2.0/netcdf-fortran-4.6.0-p7jdeag2groulzasdfqnokx2qiris3zh/lib]
  collapse library dir [/scratch/wbenjami/dafy/sdfg_gpu/spack/opt/spack/linux-centos8-zen2/gcc-10.2.0/netcdf-c-4.9.2-zynxjqlltpkunevnlaltrm7kfqlwjgpu/lib] ==> [/scratch/wbenjami/dafy/sdfg_gpu/spack/opt/spack/linux-centos8-zen2/gcc-10.2.0/netcdf-c-4.9.2-zynxjqlltpkunevnlaltrm7kfqlwjgpu/lib]
  collapse library dir [/scratch/wbenjami/dafy/sdfg_gpu/spack/opt/spack/linux-centos8-zen2/gcc-10.2.0/openblas-0.3.23-ara3inpfwh3myjbgqpaiqye5qc2b6wnc/lib] ==> [/scratch/wbenjami/dafy/sdfg_gpu/spack/opt/spack/linux-centos8-zen2/gcc-10.2.0/openblas-0.3.23-ara3inpfwh3myjbgqpaiqye5qc2b6wnc/lib]
  collapse library dir [/apps/ault/spack/opt/spack/linux-centos8-zen/gcc-8.4.1/gcc-10.2.0-fqf4ze2mfclmx6e7ehrjckznpoqnevmi/lib/gcc/x86_64-pc-linux-gnu/10.2.0/../../..] ==> [/apps/ault/spack/opt/spack/linux-centos8-zen/gcc-8.4.1/gcc-10.2.0-fqf4ze2mfclmx6e7ehrjckznpoqnevmi/lib]
  implicit libs: [gomp;gcc;gcc_s;pthread;c;gcc;gcc_s]
  implicit objs: []
  implicit dirs: [/scratch/pmazumde/gitspace/icon-artifacts/velocity/integrate_meh;/apps/ault/spack/opt/spack/linux-centos8-zen/gcc-8.4.1/gcc-10.2.0-fqf4ze2mfclmx6e7ehrjckznpoqnevmi/lib/gcc/x86_64-pc-linux-gnu/10.2.0;/apps/ault/spack/opt/spack/linux-centos8-zen/gcc-8.4.1/gcc-10.2.0-fqf4ze2mfclmx6e7ehrjckznpoqnevmi/lib64;/lib64;/usr/lib64;/scratch/wbenjami/dafy/sdfg_gpu/spack/opt/spack/linux-centos8-zen2/gcc-10.2.0/netcdf-fortran-4.6.0-p7jdeag2groulzasdfqnokx2qiris3zh/lib;/scratch/wbenjami/dafy/sdfg_gpu/spack/opt/spack/linux-centos8-zen2/gcc-10.2.0/netcdf-c-4.9.2-zynxjqlltpkunevnlaltrm7kfqlwjgpu/lib;/scratch/wbenjami/dafy/sdfg_gpu/spack/opt/spack/linux-centos8-zen2/gcc-10.2.0/openblas-0.3.23-ara3inpfwh3myjbgqpaiqye5qc2b6wnc/lib;/apps/ault/spack/opt/spack/linux-centos8-zen/gcc-8.4.1/gcc-10.2.0-fqf4ze2mfclmx6e7ehrjckznpoqnevmi/lib]
  implicit fwks: []


Detecting Fortran OpenMP compiler ABI info compiled with the following output:
Change Dir: /scratch/pmazumde/paper-icon-dace/icon-dace/build/externals/fortran-support/build/CMakeFiles/CMakeTmp

Run Build Command(s):/usr/bin/gmake -f Makefile cmTC_fe428/fast && gmake[2]: Entering directory '/scratch/pmazumde/paper-icon-dace/icon-dace/build/externals/fortran-support/build/CMakeFiles/CMakeTmp'
/usr/bin/gmake  -f CMakeFiles/cmTC_fe428.dir/build.make CMakeFiles/cmTC_fe428.dir/build
gmake[3]: Entering directory '/scratch/pmazumde/paper-icon-dace/icon-dace/build/externals/fortran-support/build/CMakeFiles/CMakeTmp'
Building Fortran object CMakeFiles/cmTC_fe428.dir/OpenMPTryFlag.f90.o
/apps/ault/spack/opt/spack/linux-centos8-zen/gcc-8.4.1/gcc-10.2.0-fqf4ze2mfclmx6e7ehrjckznpoqnevmi/bin/gfortran   -DDACE_SUBST_ENABLE -g -I/scratch/wbenjami/dafy/sdfg_gpu/spack/opt/spack/linux-centos8-zen2/gcc-10.2.0/netcdf-fortran-4.6.0-p7jdeag2groulzasdfqnokx2qiris3zh/include -I/scratch/wbenjami/dafy/sdfg_gpu/spack/opt/spack/linux-centos8-zen2/gcc-10.2.0/netcdf-c-4.9.2-zynxjqlltpkunevnlaltrm7kfqlwjgpu/include  -O2 -std=legacy -fopenmp -v -c /scratch/pmazumde/paper-icon-dace/icon-dace/build/externals/fortran-support/build/CMakeFiles/FindOpenMP/OpenMPTryFlag.f90 -o CMakeFiles/cmTC_fe428.dir/OpenMPTryFlag.f90.o
Reading specs from /apps/ault/spack/opt/spack/linux-centos8-zen/gcc-8.4.1/gcc-10.2.0-fqf4ze2mfclmx6e7ehrjckznpoqnevmi/lib/gcc/x86_64-pc-linux-gnu/10.2.0/specs
COLLECT_GCC=/apps/ault/spack/opt/spack/linux-centos8-zen/gcc-8.4.1/gcc-10.2.0-fqf4ze2mfclmx6e7ehrjckznpoqnevmi/bin/gfortran
Target: x86_64-pc-linux-gnu
Configured with: /tmp/kleinm/spack-stage/spack-stage-gcc-10.2.0-fqf4ze2mfclmx6e7ehrjckznpoqnevmi/spack-src/configure --prefix=/apps/ault/spack/opt/spack/linux-centos8-zen/gcc-8.4.1/gcc-10.2.0-fqf4ze2mfclmx6e7ehrjckznpoqnevmi --with-pkgversion='Spack GCC' --with-bugurl=https://github.com/spack/spack/issues --disable-multilib --enable-languages=c,c++,fortran --disable-nls --with-system-zlib --with-zstd-include=/apps/ault/spack/opt/spack/linux-centos8-zen/gcc-8.4.1/zstd-1.5.0-tdqxudxfvvdg24qqzcthxofjxtwgjv2y/include --with-zstd-lib=/apps/ault/spack/opt/spack/linux-centos8-zen/gcc-8.4.1/zstd-1.5.0-tdqxudxfvvdg24qqzcthxofjxtwgjv2y/lib64 --enable-bootstrap --with-mpfr-include=/apps/ault/spack/opt/spack/linux-centos8-zen/gcc-8.4.1/mpfr-4.1.0-ncrm3oi3zq4czkrhtsppakzbathaz7nm/include --with-mpfr-lib=/apps/ault/spack/opt/spack/linux-centos8-zen/gcc-8.4.1/mpfr-4.1.0-ncrm3oi3zq4czkrhtsppakzbathaz7nm/lib --with-gmp-include=/apps/ault/spack/opt/spack/linux-centos8-zen/gcc-8.4.1/gmp-6.2.1-a4uy3yg5ypry4p44urpwhs64ngc26vtd/include --with-gmp-lib=/apps/ault/spack/opt/spack/linux-centos8-zen/gcc-8.4.1/gmp-6.2.1-a4uy3yg5ypry4p44urpwhs64ngc26vtd/lib --with-mpc-include=/apps/ault/spack/opt/spack/linux-centos8-zen/gcc-8.4.1/mpc-1.1.0-6z3raodvxfd6flyau7y4xnubnkohnz5k/include --with-mpc-lib=/apps/ault/spack/opt/spack/linux-centos8-zen/gcc-8.4.1/mpc-1.1.0-6z3raodvxfd6flyau7y4xnubnkohnz5k/lib --without-isl --with-stage1-ldflags='-Wl,-rpath,/apps/ault/spack/opt/spack/linux-centos8-zen/gcc-8.4.1/gcc-10.2.0-fqf4ze2mfclmx6e7ehrjckznpoqnevmi/lib -Wl,-rpath,/apps/ault/spack/opt/spack/linux-centos8-zen/gcc-8.4.1/gcc-10.2.0-fqf4ze2mfclmx6e7ehrjckznpoqnevmi/lib64 -Wl,-rpath,/apps/ault/spack/opt/spack/linux-centos8-zen/gcc-8.4.1/gmp-6.2.1-a4uy3yg5ypry4p44urpwhs64ngc26vtd/lib -Wl,-rpath,/apps/ault/spack/opt/spack/linux-centos8-zen/gcc-8.4.1/mpfr-4.1.0-ncrm3oi3zq4czkrhtsppakzbathaz7nm/lib -Wl,-rpath,/apps/ault/spack/opt/spack/linux-centos8-zen/gcc-8.4.1/mpc-1.1.0-6z3raodvxfd6flyau7y4xnubnkohnz5k/lib -Wl,-rpath,/apps/ault/spack/opt/spack/linux-centos8-zen/gcc-8.4.1/zlib-1.2.11-dif34johfqcbxxhctkbvqxo4uwbhoz4c/lib -Wl,-rpath,/apps/ault/spack/opt/spack/linux-centos8-zen/gcc-8.4.1/zstd-1.5.0-tdqxudxfvvdg24qqzcthxofjxtwgjv2y/lib64' --with-boot-ldflags='-Wl,-rpath,/apps/ault/spack/opt/spack/linux-centos8-zen/gcc-8.4.1/gcc-10.2.0-fqf4ze2mfclmx6e7ehrjckznpoqnevmi/lib -Wl,-rpath,/apps/ault/spack/opt/spack/linux-centos8-zen/gcc-8.4.1/gcc-10.2.0-fqf4ze2mfclmx6e7ehrjckznpoqnevmi/lib64 -Wl,-rpath,/apps/ault/spack/opt/spack/linux-centos8-zen/gcc-8.4.1/gmp-6.2.1-a4uy3yg5ypry4p44urpwhs64ngc26vtd/lib -Wl,-rpath,/apps/ault/spack/opt/spack/linux-centos8-zen/gcc-8.4.1/mpfr-4.1.0-ncrm3oi3zq4czkrhtsppakzbathaz7nm/lib -Wl,-rpath,/apps/ault/spack/opt/spack/linux-centos8-zen/gcc-8.4.1/mpc-1.1.0-6z3raodvxfd6flyau7y4xnubnkohnz5k/lib -Wl,-rpath,/apps/ault/spack/opt/spack/linux-centos8-zen/gcc-8.4.1/zlib-1.2.11-dif34johfqcbxxhctkbvqxo4uwbhoz4c/lib -Wl,-rpath,/apps/ault/spack/opt/spack/linux-centos8-zen/gcc-8.4.1/zstd-1.5.0-tdqxudxfvvdg24qqzcthxofjxtwgjv2y/lib64 -static-libstdc++ -static-libgcc'
Thread model: posix
Supported LTO compression algorithms: zlib zstd
gcc version 10.2.0 (Spack GCC) 
COLLECT_GCC_OPTIONS='-D' 'DACE_SUBST_ENABLE' '-g' '-I' '/scratch/wbenjami/dafy/sdfg_gpu/spack/opt/spack/linux-centos8-zen2/gcc-10.2.0/netcdf-fortran-4.6.0-p7jdeag2groulzasdfqnokx2qiris3zh/include' '-I' '/scratch/wbenjami/dafy/sdfg_gpu/spack/opt/spack/linux-centos8-zen2/gcc-10.2.0/netcdf-c-4.9.2-zynxjqlltpkunevnlaltrm7kfqlwjgpu/include' '-O2' '-std=legacy' '-fopenmp' '-v' '-c' '-o' 'CMakeFiles/cmTC_fe428.dir/OpenMPTryFlag.f90.o' '-mtune=generic' '-march=x86-64' '-pthread'
 /apps/ault/spack/opt/spack/linux-centos8-zen/gcc-8.4.1/gcc-10.2.0-fqf4ze2mfclmx6e7ehrjckznpoqnevmi/libexec/gcc/x86_64-pc-linux-gnu/10.2.0/f951 /scratch/pmazumde/paper-icon-dace/icon-dace/build/externals/fortran-support/build/CMakeFiles/FindOpenMP/OpenMPTryFlag.f90 -I /scratch/wbenjami/dafy/sdfg_gpu/spack/opt/spack/linux-centos8-zen2/gcc-10.2.0/netcdf-fortran-4.6.0-p7jdeag2groulzasdfqnokx2qiris3zh/include -I /scratch/wbenjami/dafy/sdfg_gpu/spack/opt/spack/linux-centos8-zen2/gcc-10.2.0/netcdf-c-4.9.2-zynxjqlltpkunevnlaltrm7kfqlwjgpu/include -quiet -dumpbase OpenMPTryFlag.f90 -mtune=generic -march=x86-64 -auxbase-strip CMakeFiles/cmTC_fe428.dir/OpenMPTryFlag.f90.o -g -O2 -std=legacy -version -fopenmp -fintrinsic-modules-path /apps/ault/spack/opt/spack/linux-centos8-zen/gcc-8.4.1/gcc-10.2.0-fqf4ze2mfclmx6e7ehrjckznpoqnevmi/lib/gcc/x86_64-pc-linux-gnu/10.2.0/finclude -fpre-include=/usr/include/finclude/math-vector-fortran.h -o /tmp/cc44cP3t.s
GNU Fortran (Spack GCC) version 10.2.0 (x86_64-pc-linux-gnu)
	compiled by GNU C version 10.2.0, GMP version 6.2.1, MPFR version 4.1.0, MPC version 1.1.0, isl version none
GGC heuristics: --param ggc-min-expand=100 --param ggc-min-heapsize=131072
GNU Fortran2008 (Spack GCC) version 10.2.0 (x86_64-pc-linux-gnu)
	compiled by GNU C version 10.2.0, GMP version 6.2.1, MPFR version 4.1.0, MPC version 1.1.0, isl version none
GGC heuristics: --param ggc-min-expand=100 --param ggc-min-heapsize=131072
COLLECT_GCC_OPTIONS='-D' 'DACE_SUBST_ENABLE' '-g' '-I' '/scratch/wbenjami/dafy/sdfg_gpu/spack/opt/spack/linux-centos8-zen2/gcc-10.2.0/netcdf-fortran-4.6.0-p7jdeag2groulzasdfqnokx2qiris3zh/include' '-I' '/scratch/wbenjami/dafy/sdfg_gpu/spack/opt/spack/linux-centos8-zen2/gcc-10.2.0/netcdf-c-4.9.2-zynxjqlltpkunevnlaltrm7kfqlwjgpu/include' '-O2' '-std=legacy' '-fopenmp' '-v' '-c' '-o' 'CMakeFiles/cmTC_fe428.dir/OpenMPTryFlag.f90.o' '-mtune=generic' '-march=x86-64' '-pthread'
 as -v -I /scratch/wbenjami/dafy/sdfg_gpu/spack/opt/spack/linux-centos8-zen2/gcc-10.2.0/netcdf-fortran-4.6.0-p7jdeag2groulzasdfqnokx2qiris3zh/include -I /scratch/wbenjami/dafy/sdfg_gpu/spack/opt/spack/linux-centos8-zen2/gcc-10.2.0/netcdf-c-4.9.2-zynxjqlltpkunevnlaltrm7kfqlwjgpu/include --64 -o CMakeFiles/cmTC_fe428.dir/OpenMPTryFlag.f90.o /tmp/cc44cP3t.s
GNU assembler version 2.30 (x86_64-redhat-linux) using BFD version version 2.30-93.el8
COMPILER_PATH=/apps/ault/spack/opt/spack/linux-centos8-zen/gcc-8.4.1/gcc-10.2.0-fqf4ze2mfclmx6e7ehrjckznpoqnevmi/libexec/gcc/x86_64-pc-linux-gnu/10.2.0/:/apps/ault/spack/opt/spack/linux-centos8-zen/gcc-8.4.1/gcc-10.2.0-fqf4ze2mfclmx6e7ehrjckznpoqnevmi/libexec/gcc/x86_64-pc-linux-gnu/10.2.0/:/apps/ault/spack/opt/spack/linux-centos8-zen/gcc-8.4.1/gcc-10.2.0-fqf4ze2mfclmx6e7ehrjckznpoqnevmi/libexec/gcc/x86_64-pc-linux-gnu/:/apps/ault/spack/opt/spack/linux-centos8-zen/gcc-8.4.1/gcc-10.2.0-fqf4ze2mfclmx6e7ehrjckznpoqnevmi/lib/gcc/x86_64-pc-linux-gnu/10.2.0/:/apps/ault/spack/opt/spack/linux-centos8-zen/gcc-8.4.1/gcc-10.2.0-fqf4ze2mfclmx6e7ehrjckznpoqnevmi/lib/gcc/x86_64-pc-linux-gnu/
LIBRARY_PATH=/apps/ault/spack/opt/spack/linux-centos8-zen/gcc-8.4.1/gcc-10.2.0-fqf4ze2mfclmx6e7ehrjckznpoqnevmi/lib/gcc/x86_64-pc-linux-gnu/10.2.0/:/apps/ault/spack/opt/spack/linux-centos8-zen/gcc-8.4.1/gcc-10.2.0-fqf4ze2mfclmx6e7ehrjckznpoqnevmi/lib/gcc/x86_64-pc-linux-gnu/10.2.0/../../../../lib64/:/lib/../lib64/:/usr/lib/../lib64/:/scratch/wbenjami/dafy/sdfg_gpu/spack/opt/spack/linux-centos8-zen2/gcc-10.2.0/netcdf-fortran-4.6.0-p7jdeag2groulzasdfqnokx2qiris3zh/lib/:/scratch/wbenjami/dafy/sdfg_gpu/spack/opt/spack/linux-centos8-zen2/gcc-10.2.0/netcdf-c-4.9.2-zynxjqlltpkunevnlaltrm7kfqlwjgpu/lib/:/scratch/wbenjami/dafy/sdfg_gpu/spack/opt/spack/linux-centos8-zen2/gcc-10.2.0/openblas-0.3.23-ara3inpfwh3myjbgqpaiqye5qc2b6wnc/lib/:/apps/ault/spack/opt/spack/linux-centos8-zen/gcc-8.4.1/gcc-10.2.0-fqf4ze2mfclmx6e7ehrjckznpoqnevmi/lib/gcc/x86_64-pc-linux-gnu/10.2.0/../../../:/lib/:/usr/lib/
COLLECT_GCC_OPTIONS='-D' 'DACE_SUBST_ENABLE' '-g' '-I' '/scratch/wbenjami/dafy/sdfg_gpu/spack/opt/spack/linux-centos8-zen2/gcc-10.2.0/netcdf-fortran-4.6.0-p7jdeag2groulzasdfqnokx2qiris3zh/include' '-I' '/scratch/wbenjami/dafy/sdfg_gpu/spack/opt/spack/linux-centos8-zen2/gcc-10.2.0/netcdf-c-4.9.2-zynxjqlltpkunevnlaltrm7kfqlwjgpu/include' '-O2' '-std=legacy' '-fopenmp' '-v' '-c' '-o' 'CMakeFiles/cmTC_fe428.dir/OpenMPTryFlag.f90.o' '-mtune=generic' '-march=x86-64' '-pthread'
Linking Fortran executable cmTC_fe428
/apps/ault/spack/opt/spack/linux-centos8-zen/gcc-8.4.1/cmake-3.21.3-zt24jfeuemvwweacziyho6ccdsdn2w4s/bin/cmake -E cmake_link_script CMakeFiles/cmTC_fe428.dir/link.txt --verbose=1
/apps/ault/spack/opt/spack/linux-centos8-zen/gcc-8.4.1/gcc-10.2.0-fqf4ze2mfclmx6e7ehrjckznpoqnevmi/bin/gfortran -L/scratch/pmazumde/gitspace/icon-artifacts/velocity/integrate_meh  -DDACE_SUBST_ENABLE -g -I/scratch/wbenjami/dafy/sdfg_gpu/spack/opt/spack/linux-centos8-zen2/gcc-10.2.0/netcdf-fortran-4.6.0-p7jdeag2groulzasdfqnokx2qiris3zh/include -I/scratch/wbenjami/dafy/sdfg_gpu/spack/opt/spack/linux-centos8-zen2/gcc-10.2.0/netcdf-c-4.9.2-zynxjqlltpkunevnlaltrm7kfqlwjgpu/include  -O2 -std=legacy -fopenmp -v CMakeFiles/cmTC_fe428.dir/OpenMPTryFlag.f90.o -o cmTC_fe428  -v 
Driving: /apps/ault/spack/opt/spack/linux-centos8-zen/gcc-8.4.1/gcc-10.2.0-fqf4ze2mfclmx6e7ehrjckznpoqnevmi/bin/gfortran -L/scratch/pmazumde/gitspace/icon-artifacts/velocity/integrate_meh -DDACE_SUBST_ENABLE -g -I/scratch/wbenjami/dafy/sdfg_gpu/spack/opt/spack/linux-centos8-zen2/gcc-10.2.0/netcdf-fortran-4.6.0-p7jdeag2groulzasdfqnokx2qiris3zh/include -I/scratch/wbenjami/dafy/sdfg_gpu/spack/opt/spack/linux-centos8-zen2/gcc-10.2.0/netcdf-c-4.9.2-zynxjqlltpkunevnlaltrm7kfqlwjgpu/include -O2 -std=legacy -fopenmp -v CMakeFiles/cmTC_fe428.dir/OpenMPTryFlag.f90.o -o cmTC_fe428 -v -l gfortran -l m -shared-libgcc
Reading specs from /apps/ault/spack/opt/spack/linux-centos8-zen/gcc-8.4.1/gcc-10.2.0-fqf4ze2mfclmx6e7ehrjckznpoqnevmi/lib/gcc/x86_64-pc-linux-gnu/10.2.0/specs
COLLECT_GCC=/apps/ault/spack/opt/spack/linux-centos8-zen/gcc-8.4.1/gcc-10.2.0-fqf4ze2mfclmx6e7ehrjckznpoqnevmi/bin/gfortran
COLLECT_LTO_WRAPPER=/apps/ault/spack/opt/spack/linux-centos8-zen/gcc-8.4.1/gcc-10.2.0-fqf4ze2mfclmx6e7ehrjckznpoqnevmi/libexec/gcc/x86_64-pc-linux-gnu/10.2.0/lto-wrapper
Target: x86_64-pc-linux-gnu
Configured with: /tmp/kleinm/spack-stage/spack-stage-gcc-10.2.0-fqf4ze2mfclmx6e7ehrjckznpoqnevmi/spack-src/configure --prefix=/apps/ault/spack/opt/spack/linux-centos8-zen/gcc-8.4.1/gcc-10.2.0-fqf4ze2mfclmx6e7ehrjckznpoqnevmi --with-pkgversion='Spack GCC' --with-bugurl=https://github.com/spack/spack/issues --disable-multilib --enable-languages=c,c++,fortran --disable-nls --with-system-zlib --with-zstd-include=/apps/ault/spack/opt/spack/linux-centos8-zen/gcc-8.4.1/zstd-1.5.0-tdqxudxfvvdg24qqzcthxofjxtwgjv2y/include --with-zstd-lib=/apps/ault/spack/opt/spack/linux-centos8-zen/gcc-8.4.1/zstd-1.5.0-tdqxudxfvvdg24qqzcthxofjxtwgjv2y/lib64 --enable-bootstrap --with-mpfr-include=/apps/ault/spack/opt/spack/linux-centos8-zen/gcc-8.4.1/mpfr-4.1.0-ncrm3oi3zq4czkrhtsppakzbathaz7nm/include --with-mpfr-lib=/apps/ault/spack/opt/spack/linux-centos8-zen/gcc-8.4.1/mpfr-4.1.0-ncrm3oi3zq4czkrhtsppakzbathaz7nm/lib --with-gmp-include=/apps/ault/spack/opt/spack/linux-centos8-zen/gcc-8.4.1/gmp-6.2.1-a4uy3yg5ypry4p44urpwhs64ngc26vtd/include --with-gmp-lib=/apps/ault/spack/opt/spack/linux-centos8-zen/gcc-8.4.1/gmp-6.2.1-a4uy3yg5ypry4p44urpwhs64ngc26vtd/lib --with-mpc-include=/apps/ault/spack/opt/spack/linux-centos8-zen/gcc-8.4.1/mpc-1.1.0-6z3raodvxfd6flyau7y4xnubnkohnz5k/include --with-mpc-lib=/apps/ault/spack/opt/spack/linux-centos8-zen/gcc-8.4.1/mpc-1.1.0-6z3raodvxfd6flyau7y4xnubnkohnz5k/lib --without-isl --with-stage1-ldflags='-Wl,-rpath,/apps/ault/spack/opt/spack/linux-centos8-zen/gcc-8.4.1/gcc-10.2.0-fqf4ze2mfclmx6e7ehrjckznpoqnevmi/lib -Wl,-rpath,/apps/ault/spack/opt/spack/linux-centos8-zen/gcc-8.4.1/gcc-10.2.0-fqf4ze2mfclmx6e7ehrjckznpoqnevmi/lib64 -Wl,-rpath,/apps/ault/spack/opt/spack/linux-centos8-zen/gcc-8.4.1/gmp-6.2.1-a4uy3yg5ypry4p44urpwhs64ngc26vtd/lib -Wl,-rpath,/apps/ault/spack/opt/spack/linux-centos8-zen/gcc-8.4.1/mpfr-4.1.0-ncrm3oi3zq4czkrhtsppakzbathaz7nm/lib -Wl,-rpath,/apps/ault/spack/opt/spack/linux-centos8-zen/gcc-8.4.1/mpc-1.1.0-6z3raodvxfd6flyau7y4xnubnkohnz5k/lib -Wl,-rpath,/apps/ault/spack/opt/spack/linux-centos8-zen/gcc-8.4.1/zlib-1.2.11-dif34johfqcbxxhctkbvqxo4uwbhoz4c/lib -Wl,-rpath,/apps/ault/spack/opt/spack/linux-centos8-zen/gcc-8.4.1/zstd-1.5.0-tdqxudxfvvdg24qqzcthxofjxtwgjv2y/lib64' --with-boot-ldflags='-Wl,-rpath,/apps/ault/spack/opt/spack/linux-centos8-zen/gcc-8.4.1/gcc-10.2.0-fqf4ze2mfclmx6e7ehrjckznpoqnevmi/lib -Wl,-rpath,/apps/ault/spack/opt/spack/linux-centos8-zen/gcc-8.4.1/gcc-10.2.0-fqf4ze2mfclmx6e7ehrjckznpoqnevmi/lib64 -Wl,-rpath,/apps/ault/spack/opt/spack/linux-centos8-zen/gcc-8.4.1/gmp-6.2.1-a4uy3yg5ypry4p44urpwhs64ngc26vtd/lib -Wl,-rpath,/apps/ault/spack/opt/spack/linux-centos8-zen/gcc-8.4.1/mpfr-4.1.0-ncrm3oi3zq4czkrhtsppakzbathaz7nm/lib -Wl,-rpath,/apps/ault/spack/opt/spack/linux-centos8-zen/gcc-8.4.1/mpc-1.1.0-6z3raodvxfd6flyau7y4xnubnkohnz5k/lib -Wl,-rpath,/apps/ault/spack/opt/spack/linux-centos8-zen/gcc-8.4.1/zlib-1.2.11-dif34johfqcbxxhctkbvqxo4uwbhoz4c/lib -Wl,-rpath,/apps/ault/spack/opt/spack/linux-centos8-zen/gcc-8.4.1/zstd-1.5.0-tdqxudxfvvdg24qqzcthxofjxtwgjv2y/lib64 -static-libstdc++ -static-libgcc'
Thread model: posix
Supported LTO compression algorithms: zlib zstd
gcc version 10.2.0 (Spack GCC) 
Reading specs from /apps/ault/spack/opt/spack/linux-centos8-zen/gcc-8.4.1/gcc-10.2.0-fqf4ze2mfclmx6e7ehrjckznpoqnevmi/lib/gcc/x86_64-pc-linux-gnu/10.2.0/../../../../lib64/libgfortran.spec
rename spec lib to liborig
COLLECT_GCC_OPTIONS='-L/scratch/pmazumde/gitspace/icon-artifacts/velocity/integrate_meh' '-D' 'DACE_SUBST_ENABLE' '-g' '-I' '/scratch/wbenjami/dafy/sdfg_gpu/spack/opt/spack/linux-centos8-zen2/gcc-10.2.0/netcdf-fortran-4.6.0-p7jdeag2groulzasdfqnokx2qiris3zh/include' '-I' '/scratch/wbenjami/dafy/sdfg_gpu/spack/opt/spack/linux-centos8-zen2/gcc-10.2.0/netcdf-c-4.9.2-zynxjqlltpkunevnlaltrm7kfqlwjgpu/include' '-O2' '-std=legacy' '-fopenmp' '-v' '-o' 'cmTC_fe428' '-v' '-shared-libgcc' '-mtune=generic' '-march=x86-64' '-pthread'
COMPILER_PATH=/apps/ault/spack/opt/spack/linux-centos8-zen/gcc-8.4.1/gcc-10.2.0-fqf4ze2mfclmx6e7ehrjckznpoqnevmi/libexec/gcc/x86_64-pc-linux-gnu/10.2.0/:/apps/ault/spack/opt/spack/linux-centos8-zen/gcc-8.4.1/gcc-10.2.0-fqf4ze2mfclmx6e7ehrjckznpoqnevmi/libexec/gcc/x86_64-pc-linux-gnu/10.2.0/:/apps/ault/spack/opt/spack/linux-centos8-zen/gcc-8.4.1/gcc-10.2.0-fqf4ze2mfclmx6e7ehrjckznpoqnevmi/libexec/gcc/x86_64-pc-linux-gnu/:/apps/ault/spack/opt/spack/linux-centos8-zen/gcc-8.4.1/gcc-10.2.0-fqf4ze2mfclmx6e7ehrjckznpoqnevmi/lib/gcc/x86_64-pc-linux-gnu/10.2.0/:/apps/ault/spack/opt/spack/linux-centos8-zen/gcc-8.4.1/gcc-10.2.0-fqf4ze2mfclmx6e7ehrjckznpoqnevmi/lib/gcc/x86_64-pc-linux-gnu/
LIBRARY_PATH=/apps/ault/spack/opt/spack/linux-centos8-zen/gcc-8.4.1/gcc-10.2.0-fqf4ze2mfclmx6e7ehrjckznpoqnevmi/lib/gcc/x86_64-pc-linux-gnu/10.2.0/:/apps/ault/spack/opt/spack/linux-centos8-zen/gcc-8.4.1/gcc-10.2.0-fqf4ze2mfclmx6e7ehrjckznpoqnevmi/lib/gcc/x86_64-pc-linux-gnu/10.2.0/../../../../lib64/:/lib/../lib64/:/usr/lib/../lib64/:/scratch/wbenjami/dafy/sdfg_gpu/spack/opt/spack/linux-centos8-zen2/gcc-10.2.0/netcdf-fortran-4.6.0-p7jdeag2groulzasdfqnokx2qiris3zh/lib/:/scratch/wbenjami/dafy/sdfg_gpu/spack/opt/spack/linux-centos8-zen2/gcc-10.2.0/netcdf-c-4.9.2-zynxjqlltpkunevnlaltrm7kfqlwjgpu/lib/:/scratch/wbenjami/dafy/sdfg_gpu/spack/opt/spack/linux-centos8-zen2/gcc-10.2.0/openblas-0.3.23-ara3inpfwh3myjbgqpaiqye5qc2b6wnc/lib/:/apps/ault/spack/opt/spack/linux-centos8-zen/gcc-8.4.1/gcc-10.2.0-fqf4ze2mfclmx6e7ehrjckznpoqnevmi/lib/gcc/x86_64-pc-linux-gnu/10.2.0/../../../:/lib/:/usr/lib/
Reading specs from /apps/ault/spack/opt/spack/linux-centos8-zen/gcc-8.4.1/gcc-10.2.0-fqf4ze2mfclmx6e7ehrjckznpoqnevmi/lib/gcc/x86_64-pc-linux-gnu/10.2.0/../../../../lib64/libgomp.spec
COLLECT_GCC_OPTIONS='-L/scratch/pmazumde/gitspace/icon-artifacts/velocity/integrate_meh' '-D' 'DACE_SUBST_ENABLE' '-g' '-I' '/scratch/wbenjami/dafy/sdfg_gpu/spack/opt/spack/linux-centos8-zen2/gcc-10.2.0/netcdf-fortran-4.6.0-p7jdeag2groulzasdfqnokx2qiris3zh/include' '-I' '/scratch/wbenjami/dafy/sdfg_gpu/spack/opt/spack/linux-centos8-zen2/gcc-10.2.0/netcdf-c-4.9.2-zynxjqlltpkunevnlaltrm7kfqlwjgpu/include' '-O2' '-std=legacy' '-fopenmp' '-v' '-o' 'cmTC_fe428' '-v' '-shared-libgcc' '-mtune=generic' '-march=x86-64' '-pthread'
 /apps/ault/spack/opt/spack/linux-centos8-zen/gcc-8.4.1/gcc-10.2.0-fqf4ze2mfclmx6e7ehrjckznpoqnevmi/libexec/gcc/x86_64-pc-linux-gnu/10.2.0/collect2 -plugin /apps/ault/spack/opt/spack/linux-centos8-zen/gcc-8.4.1/gcc-10.2.0-fqf4ze2mfclmx6e7ehrjckznpoqnevmi/libexec/gcc/x86_64-pc-linux-gnu/10.2.0/liblto_plugin.so -plugin-opt=/apps/ault/spack/opt/spack/linux-centos8-zen/gcc-8.4.1/gcc-10.2.0-fqf4ze2mfclmx6e7ehrjckznpoqnevmi/libexec/gcc/x86_64-pc-linux-gnu/10.2.0/lto-wrapper -plugin-opt=-fresolution=/tmp/ccoNAT8H.res -plugin-opt=-pass-through=-lgcc_s -plugin-opt=-pass-through=-lgcc -plugin-opt=-pass-through=-lquadmath -plugin-opt=-pass-through=-lm -plugin-opt=-pass-through=-lgcc_s -plugin-opt=-pass-through=-lgcc -plugin-opt=-pass-through=-lpthread -plugin-opt=-pass-through=-lc -plugin-opt=-pass-through=-lgcc_s -plugin-opt=-pass-through=-lgcc -rpath /apps/ault/spack/opt/spack/linux-centos8-zen/gcc-8.4.1/gcc-10.2.0-fqf4ze2mfclmx6e7ehrjckznpoqnevmi/lib:/apps/ault/spack/opt/spack/linux-centos8-zen/gcc-8.4.1/gcc-10.2.0-fqf4ze2mfclmx6e7ehrjckznpoqnevmi/lib64 --eh-frame-hdr -m elf_x86_64 -dynamic-linker /lib64/ld-linux-x86-64.so.2 -o cmTC_fe428 /lib/../lib64/crt1.o /lib/../lib64/crti.o /apps/ault/spack/opt/spack/linux-centos8-zen/gcc-8.4.1/gcc-10.2.0-fqf4ze2mfclmx6e7ehrjckznpoqnevmi/lib/gcc/x86_64-pc-linux-gnu/10.2.0/crtbegin.o -L/scratch/pmazumde/gitspace/icon-artifacts/velocity/integrate_meh -L/apps/ault/spack/opt/spack/linux-centos8-zen/gcc-8.4.1/gcc-10.2.0-fqf4ze2mfclmx6e7ehrjckznpoqnevmi/lib/gcc/x86_64-pc-linux-gnu/10.2.0 -L/apps/ault/spack/opt/spack/linux-centos8-zen/gcc-8.4.1/gcc-10.2.0-fqf4ze2mfclmx6e7ehrjckznpoqnevmi/lib/gcc/x86_64-pc-linux-gnu/10.2.0/../../../../lib64 -L/lib/../lib64 -L/usr/lib/../lib64 -L/scratch/wbenjami/dafy/sdfg_gpu/spack/opt/spack/linux-centos8-zen2/gcc-10.2.0/netcdf-fortran-4.6.0-p7jdeag2groulzasdfqnokx2qiris3zh/lib -L/scratch/wbenjami/dafy/sdfg_gpu/spack/opt/spack/linux-centos8-zen2/gcc-10.2.0/netcdf-c-4.9.2-zynxjqlltpkunevnlaltrm7kfqlwjgpu/lib -L/scratch/wbenjami/dafy/sdfg_gpu/spack/opt/spack/linux-centos8-zen2/gcc-10.2.0/openblas-0.3.23-ara3inpfwh3myjbgqpaiqye5qc2b6wnc/lib -L/apps/ault/spack/opt/spack/linux-centos8-zen/gcc-8.4.1/gcc-10.2.0-fqf4ze2mfclmx6e7ehrjckznpoqnevmi/lib/gcc/x86_64-pc-linux-gnu/10.2.0/../../.. CMakeFiles/cmTC_fe428.dir/OpenMPTryFlag.f90.o -lgfortran -lm -lgomp -lgcc_s -lgcc -lquadmath -lm -lgcc_s -lgcc -lpthread -lc -lgcc_s -lgcc /apps/ault/spack/opt/spack/linux-centos8-zen/gcc-8.4.1/gcc-10.2.0-fqf4ze2mfclmx6e7ehrjckznpoqnevmi/lib/gcc/x86_64-pc-linux-gnu/10.2.0/crtend.o /lib/../lib64/crtn.o
COLLECT_GCC_OPTIONS='-L/scratch/pmazumde/gitspace/icon-artifacts/velocity/integrate_meh' '-D' 'DACE_SUBST_ENABLE' '-g' '-I' '/scratch/wbenjami/dafy/sdfg_gpu/spack/opt/spack/linux-centos8-zen2/gcc-10.2.0/netcdf-fortran-4.6.0-p7jdeag2groulzasdfqnokx2qiris3zh/include' '-I' '/scratch/wbenjami/dafy/sdfg_gpu/spack/opt/spack/linux-centos8-zen2/gcc-10.2.0/netcdf-c-4.9.2-zynxjqlltpkunevnlaltrm7kfqlwjgpu/include' '-O2' '-std=legacy' '-fopenmp' '-v' '-o' 'cmTC_fe428' '-v' '-shared-libgcc' '-mtune=generic' '-march=x86-64' '-pthread'
gmake[3]: Leaving directory '/scratch/pmazumde/paper-icon-dace/icon-dace/build/externals/fortran-support/build/CMakeFiles/CMakeTmp'
gmake[2]: Leaving directory '/scratch/pmazumde/paper-icon-dace/icon-dace/build/externals/fortran-support/build/CMakeFiles/CMakeTmp'



Parsed Fortran OpenMP implicit link information from above output:
  link line regex: [^( *|.*[/\])(ld|CMAKE_LINK_STARTFILE-NOTFOUND|([^/\]+-)?ld|collect2)[^/\]*( |$)]
  ignore line: [Change Dir: /scratch/pmazumde/paper-icon-dace/icon-dace/build/externals/fortran-support/build/CMakeFiles/CMakeTmp]
  ignore line: []
  ignore line: [Run Build Command(s):/usr/bin/gmake -f Makefile cmTC_fe428/fast && gmake[2]: Entering directory '/scratch/pmazumde/paper-icon-dace/icon-dace/build/externals/fortran-support/build/CMakeFiles/CMakeTmp']
  ignore line: [/usr/bin/gmake  -f CMakeFiles/cmTC_fe428.dir/build.make CMakeFiles/cmTC_fe428.dir/build]
  ignore line: [gmake[3]: Entering directory '/scratch/pmazumde/paper-icon-dace/icon-dace/build/externals/fortran-support/build/CMakeFiles/CMakeTmp']
  ignore line: [Building Fortran object CMakeFiles/cmTC_fe428.dir/OpenMPTryFlag.f90.o]
  ignore line: [/apps/ault/spack/opt/spack/linux-centos8-zen/gcc-8.4.1/gcc-10.2.0-fqf4ze2mfclmx6e7ehrjckznpoqnevmi/bin/gfortran   -DDACE_SUBST_ENABLE -g -I/scratch/wbenjami/dafy/sdfg_gpu/spack/opt/spack/linux-centos8-zen2/gcc-10.2.0/netcdf-fortran-4.6.0-p7jdeag2groulzasdfqnokx2qiris3zh/include -I/scratch/wbenjami/dafy/sdfg_gpu/spack/opt/spack/linux-centos8-zen2/gcc-10.2.0/netcdf-c-4.9.2-zynxjqlltpkunevnlaltrm7kfqlwjgpu/include  -O2 -std=legacy -fopenmp -v -c /scratch/pmazumde/paper-icon-dace/icon-dace/build/externals/fortran-support/build/CMakeFiles/FindOpenMP/OpenMPTryFlag.f90 -o CMakeFiles/cmTC_fe428.dir/OpenMPTryFlag.f90.o]
  ignore line: [Reading specs from /apps/ault/spack/opt/spack/linux-centos8-zen/gcc-8.4.1/gcc-10.2.0-fqf4ze2mfclmx6e7ehrjckznpoqnevmi/lib/gcc/x86_64-pc-linux-gnu/10.2.0/specs]
  ignore line: [COLLECT_GCC=/apps/ault/spack/opt/spack/linux-centos8-zen/gcc-8.4.1/gcc-10.2.0-fqf4ze2mfclmx6e7ehrjckznpoqnevmi/bin/gfortran]
  ignore line: [Target: x86_64-pc-linux-gnu]
  ignore line: [Configured with: /tmp/kleinm/spack-stage/spack-stage-gcc-10.2.0-fqf4ze2mfclmx6e7ehrjckznpoqnevmi/spack-src/configure --prefix=/apps/ault/spack/opt/spack/linux-centos8-zen/gcc-8.4.1/gcc-10.2.0-fqf4ze2mfclmx6e7ehrjckznpoqnevmi --with-pkgversion='Spack GCC' --with-bugurl=https://github.com/spack/spack/issues --disable-multilib --enable-languages=c c++ fortran --disable-nls --with-system-zlib --with-zstd-include=/apps/ault/spack/opt/spack/linux-centos8-zen/gcc-8.4.1/zstd-1.5.0-tdqxudxfvvdg24qqzcthxofjxtwgjv2y/include --with-zstd-lib=/apps/ault/spack/opt/spack/linux-centos8-zen/gcc-8.4.1/zstd-1.5.0-tdqxudxfvvdg24qqzcthxofjxtwgjv2y/lib64 --enable-bootstrap --with-mpfr-include=/apps/ault/spack/opt/spack/linux-centos8-zen/gcc-8.4.1/mpfr-4.1.0-ncrm3oi3zq4czkrhtsppakzbathaz7nm/include --with-mpfr-lib=/apps/ault/spack/opt/spack/linux-centos8-zen/gcc-8.4.1/mpfr-4.1.0-ncrm3oi3zq4czkrhtsppakzbathaz7nm/lib --with-gmp-include=/apps/ault/spack/opt/spack/linux-centos8-zen/gcc-8.4.1/gmp-6.2.1-a4uy3yg5ypry4p44urpwhs64ngc26vtd/include --with-gmp-lib=/apps/ault/spack/opt/spack/linux-centos8-zen/gcc-8.4.1/gmp-6.2.1-a4uy3yg5ypry4p44urpwhs64ngc26vtd/lib --with-mpc-include=/apps/ault/spack/opt/spack/linux-centos8-zen/gcc-8.4.1/mpc-1.1.0-6z3raodvxfd6flyau7y4xnubnkohnz5k/include --with-mpc-lib=/apps/ault/spack/opt/spack/linux-centos8-zen/gcc-8.4.1/mpc-1.1.0-6z3raodvxfd6flyau7y4xnubnkohnz5k/lib --without-isl --with-stage1-ldflags='-Wl -rpath /apps/ault/spack/opt/spack/linux-centos8-zen/gcc-8.4.1/gcc-10.2.0-fqf4ze2mfclmx6e7ehrjckznpoqnevmi/lib -Wl -rpath /apps/ault/spack/opt/spack/linux-centos8-zen/gcc-8.4.1/gcc-10.2.0-fqf4ze2mfclmx6e7ehrjckznpoqnevmi/lib64 -Wl -rpath /apps/ault/spack/opt/spack/linux-centos8-zen/gcc-8.4.1/gmp-6.2.1-a4uy3yg5ypry4p44urpwhs64ngc26vtd/lib -Wl -rpath /apps/ault/spack/opt/spack/linux-centos8-zen/gcc-8.4.1/mpfr-4.1.0-ncrm3oi3zq4czkrhtsppakzbathaz7nm/lib -Wl -rpath /apps/ault/spack/opt/spack/linux-centos8-zen/gcc-8.4.1/mpc-1.1.0-6z3raodvxfd6flyau7y4xnubnkohnz5k/lib -Wl -rpath /apps/ault/spack/opt/spack/linux-centos8-zen/gcc-8.4.1/zlib-1.2.11-dif34johfqcbxxhctkbvqxo4uwbhoz4c/lib -Wl -rpath /apps/ault/spack/opt/spack/linux-centos8-zen/gcc-8.4.1/zstd-1.5.0-tdqxudxfvvdg24qqzcthxofjxtwgjv2y/lib64' --with-boot-ldflags='-Wl -rpath /apps/ault/spack/opt/spack/linux-centos8-zen/gcc-8.4.1/gcc-10.2.0-fqf4ze2mfclmx6e7ehrjckznpoqnevmi/lib -Wl -rpath /apps/ault/spack/opt/spack/linux-centos8-zen/gcc-8.4.1/gcc-10.2.0-fqf4ze2mfclmx6e7ehrjckznpoqnevmi/lib64 -Wl -rpath /apps/ault/spack/opt/spack/linux-centos8-zen/gcc-8.4.1/gmp-6.2.1-a4uy3yg5ypry4p44urpwhs64ngc26vtd/lib -Wl -rpath /apps/ault/spack/opt/spack/linux-centos8-zen/gcc-8.4.1/mpfr-4.1.0-ncrm3oi3zq4czkrhtsppakzbathaz7nm/lib -Wl -rpath /apps/ault/spack/opt/spack/linux-centos8-zen/gcc-8.4.1/mpc-1.1.0-6z3raodvxfd6flyau7y4xnubnkohnz5k/lib -Wl -rpath /apps/ault/spack/opt/spack/linux-centos8-zen/gcc-8.4.1/zlib-1.2.11-dif34johfqcbxxhctkbvqxo4uwbhoz4c/lib -Wl -rpath /apps/ault/spack/opt/spack/linux-centos8-zen/gcc-8.4.1/zstd-1.5.0-tdqxudxfvvdg24qqzcthxofjxtwgjv2y/lib64 -static-libstdc++ -static-libgcc']
  ignore line: [Thread model: posix]
  ignore line: [Supported LTO compression algorithms: zlib zstd]
  ignore line: [gcc version 10.2.0 (Spack GCC) ]
  ignore line: [COLLECT_GCC_OPTIONS='-D' 'DACE_SUBST_ENABLE' '-g' '-I' '/scratch/wbenjami/dafy/sdfg_gpu/spack/opt/spack/linux-centos8-zen2/gcc-10.2.0/netcdf-fortran-4.6.0-p7jdeag2groulzasdfqnokx2qiris3zh/include' '-I' '/scratch/wbenjami/dafy/sdfg_gpu/spack/opt/spack/linux-centos8-zen2/gcc-10.2.0/netcdf-c-4.9.2-zynxjqlltpkunevnlaltrm7kfqlwjgpu/include' '-O2' '-std=legacy' '-fopenmp' '-v' '-c' '-o' 'CMakeFiles/cmTC_fe428.dir/OpenMPTryFlag.f90.o' '-mtune=generic' '-march=x86-64' '-pthread']
  ignore line: [ /apps/ault/spack/opt/spack/linux-centos8-zen/gcc-8.4.1/gcc-10.2.0-fqf4ze2mfclmx6e7ehrjckznpoqnevmi/libexec/gcc/x86_64-pc-linux-gnu/10.2.0/f951 /scratch/pmazumde/paper-icon-dace/icon-dace/build/externals/fortran-support/build/CMakeFiles/FindOpenMP/OpenMPTryFlag.f90 -I /scratch/wbenjami/dafy/sdfg_gpu/spack/opt/spack/linux-centos8-zen2/gcc-10.2.0/netcdf-fortran-4.6.0-p7jdeag2groulzasdfqnokx2qiris3zh/include -I /scratch/wbenjami/dafy/sdfg_gpu/spack/opt/spack/linux-centos8-zen2/gcc-10.2.0/netcdf-c-4.9.2-zynxjqlltpkunevnlaltrm7kfqlwjgpu/include -quiet -dumpbase OpenMPTryFlag.f90 -mtune=generic -march=x86-64 -auxbase-strip CMakeFiles/cmTC_fe428.dir/OpenMPTryFlag.f90.o -g -O2 -std=legacy -version -fopenmp -fintrinsic-modules-path /apps/ault/spack/opt/spack/linux-centos8-zen/gcc-8.4.1/gcc-10.2.0-fqf4ze2mfclmx6e7ehrjckznpoqnevmi/lib/gcc/x86_64-pc-linux-gnu/10.2.0/finclude -fpre-include=/usr/include/finclude/math-vector-fortran.h -o /tmp/cc44cP3t.s]
  ignore line: [GNU Fortran (Spack GCC) version 10.2.0 (x86_64-pc-linux-gnu)]
  ignore line: [	compiled by GNU C version 10.2.0  GMP version 6.2.1  MPFR version 4.1.0  MPC version 1.1.0  isl version none]
  ignore line: [GGC heuristics: --param ggc-min-expand=100 --param ggc-min-heapsize=131072]
  ignore line: [GNU Fortran2008 (Spack GCC) version 10.2.0 (x86_64-pc-linux-gnu)]
  ignore line: [	compiled by GNU C version 10.2.0  GMP version 6.2.1  MPFR version 4.1.0  MPC version 1.1.0  isl version none]
  ignore line: [GGC heuristics: --param ggc-min-expand=100 --param ggc-min-heapsize=131072]
  ignore line: [COLLECT_GCC_OPTIONS='-D' 'DACE_SUBST_ENABLE' '-g' '-I' '/scratch/wbenjami/dafy/sdfg_gpu/spack/opt/spack/linux-centos8-zen2/gcc-10.2.0/netcdf-fortran-4.6.0-p7jdeag2groulzasdfqnokx2qiris3zh/include' '-I' '/scratch/wbenjami/dafy/sdfg_gpu/spack/opt/spack/linux-centos8-zen2/gcc-10.2.0/netcdf-c-4.9.2-zynxjqlltpkunevnlaltrm7kfqlwjgpu/include' '-O2' '-std=legacy' '-fopenmp' '-v' '-c' '-o' 'CMakeFiles/cmTC_fe428.dir/OpenMPTryFlag.f90.o' '-mtune=generic' '-march=x86-64' '-pthread']
  ignore line: [ as -v -I /scratch/wbenjami/dafy/sdfg_gpu/spack/opt/spack/linux-centos8-zen2/gcc-10.2.0/netcdf-fortran-4.6.0-p7jdeag2groulzasdfqnokx2qiris3zh/include -I /scratch/wbenjami/dafy/sdfg_gpu/spack/opt/spack/linux-centos8-zen2/gcc-10.2.0/netcdf-c-4.9.2-zynxjqlltpkunevnlaltrm7kfqlwjgpu/include --64 -o CMakeFiles/cmTC_fe428.dir/OpenMPTryFlag.f90.o /tmp/cc44cP3t.s]
  ignore line: [GNU assembler version 2.30 (x86_64-redhat-linux) using BFD version version 2.30-93.el8]
  ignore line: [COMPILER_PATH=/apps/ault/spack/opt/spack/linux-centos8-zen/gcc-8.4.1/gcc-10.2.0-fqf4ze2mfclmx6e7ehrjckznpoqnevmi/libexec/gcc/x86_64-pc-linux-gnu/10.2.0/:/apps/ault/spack/opt/spack/linux-centos8-zen/gcc-8.4.1/gcc-10.2.0-fqf4ze2mfclmx6e7ehrjckznpoqnevmi/libexec/gcc/x86_64-pc-linux-gnu/10.2.0/:/apps/ault/spack/opt/spack/linux-centos8-zen/gcc-8.4.1/gcc-10.2.0-fqf4ze2mfclmx6e7ehrjckznpoqnevmi/libexec/gcc/x86_64-pc-linux-gnu/:/apps/ault/spack/opt/spack/linux-centos8-zen/gcc-8.4.1/gcc-10.2.0-fqf4ze2mfclmx6e7ehrjckznpoqnevmi/lib/gcc/x86_64-pc-linux-gnu/10.2.0/:/apps/ault/spack/opt/spack/linux-centos8-zen/gcc-8.4.1/gcc-10.2.0-fqf4ze2mfclmx6e7ehrjckznpoqnevmi/lib/gcc/x86_64-pc-linux-gnu/]
  ignore line: [LIBRARY_PATH=/apps/ault/spack/opt/spack/linux-centos8-zen/gcc-8.4.1/gcc-10.2.0-fqf4ze2mfclmx6e7ehrjckznpoqnevmi/lib/gcc/x86_64-pc-linux-gnu/10.2.0/:/apps/ault/spack/opt/spack/linux-centos8-zen/gcc-8.4.1/gcc-10.2.0-fqf4ze2mfclmx6e7ehrjckznpoqnevmi/lib/gcc/x86_64-pc-linux-gnu/10.2.0/../../../../lib64/:/lib/../lib64/:/usr/lib/../lib64/:/scratch/wbenjami/dafy/sdfg_gpu/spack/opt/spack/linux-centos8-zen2/gcc-10.2.0/netcdf-fortran-4.6.0-p7jdeag2groulzasdfqnokx2qiris3zh/lib/:/scratch/wbenjami/dafy/sdfg_gpu/spack/opt/spack/linux-centos8-zen2/gcc-10.2.0/netcdf-c-4.9.2-zynxjqlltpkunevnlaltrm7kfqlwjgpu/lib/:/scratch/wbenjami/dafy/sdfg_gpu/spack/opt/spack/linux-centos8-zen2/gcc-10.2.0/openblas-0.3.23-ara3inpfwh3myjbgqpaiqye5qc2b6wnc/lib/:/apps/ault/spack/opt/spack/linux-centos8-zen/gcc-8.4.1/gcc-10.2.0-fqf4ze2mfclmx6e7ehrjckznpoqnevmi/lib/gcc/x86_64-pc-linux-gnu/10.2.0/../../../:/lib/:/usr/lib/]
  ignore line: [COLLECT_GCC_OPTIONS='-D' 'DACE_SUBST_ENABLE' '-g' '-I' '/scratch/wbenjami/dafy/sdfg_gpu/spack/opt/spack/linux-centos8-zen2/gcc-10.2.0/netcdf-fortran-4.6.0-p7jdeag2groulzasdfqnokx2qiris3zh/include' '-I' '/scratch/wbenjami/dafy/sdfg_gpu/spack/opt/spack/linux-centos8-zen2/gcc-10.2.0/netcdf-c-4.9.2-zynxjqlltpkunevnlaltrm7kfqlwjgpu/include' '-O2' '-std=legacy' '-fopenmp' '-v' '-c' '-o' 'CMakeFiles/cmTC_fe428.dir/OpenMPTryFlag.f90.o' '-mtune=generic' '-march=x86-64' '-pthread']
  ignore line: [Linking Fortran executable cmTC_fe428]
  ignore line: [/apps/ault/spack/opt/spack/linux-centos8-zen/gcc-8.4.1/cmake-3.21.3-zt24jfeuemvwweacziyho6ccdsdn2w4s/bin/cmake -E cmake_link_script CMakeFiles/cmTC_fe428.dir/link.txt --verbose=1]
  ignore line: [/apps/ault/spack/opt/spack/linux-centos8-zen/gcc-8.4.1/gcc-10.2.0-fqf4ze2mfclmx6e7ehrjckznpoqnevmi/bin/gfortran -L/scratch/pmazumde/gitspace/icon-artifacts/velocity/integrate_meh  -DDACE_SUBST_ENABLE -g -I/scratch/wbenjami/dafy/sdfg_gpu/spack/opt/spack/linux-centos8-zen2/gcc-10.2.0/netcdf-fortran-4.6.0-p7jdeag2groulzasdfqnokx2qiris3zh/include -I/scratch/wbenjami/dafy/sdfg_gpu/spack/opt/spack/linux-centos8-zen2/gcc-10.2.0/netcdf-c-4.9.2-zynxjqlltpkunevnlaltrm7kfqlwjgpu/include  -O2 -std=legacy -fopenmp -v CMakeFiles/cmTC_fe428.dir/OpenMPTryFlag.f90.o -o cmTC_fe428  -v ]
  ignore line: [Driving: /apps/ault/spack/opt/spack/linux-centos8-zen/gcc-8.4.1/gcc-10.2.0-fqf4ze2mfclmx6e7ehrjckznpoqnevmi/bin/gfortran -L/scratch/pmazumde/gitspace/icon-artifacts/velocity/integrate_meh -DDACE_SUBST_ENABLE -g -I/scratch/wbenjami/dafy/sdfg_gpu/spack/opt/spack/linux-centos8-zen2/gcc-10.2.0/netcdf-fortran-4.6.0-p7jdeag2groulzasdfqnokx2qiris3zh/include -I/scratch/wbenjami/dafy/sdfg_gpu/spack/opt/spack/linux-centos8-zen2/gcc-10.2.0/netcdf-c-4.9.2-zynxjqlltpkunevnlaltrm7kfqlwjgpu/include -O2 -std=legacy -fopenmp -v CMakeFiles/cmTC_fe428.dir/OpenMPTryFlag.f90.o -o cmTC_fe428 -v -l gfortran -l m -shared-libgcc]
  ignore line: [Reading specs from /apps/ault/spack/opt/spack/linux-centos8-zen/gcc-8.4.1/gcc-10.2.0-fqf4ze2mfclmx6e7ehrjckznpoqnevmi/lib/gcc/x86_64-pc-linux-gnu/10.2.0/specs]
  ignore line: [COLLECT_GCC=/apps/ault/spack/opt/spack/linux-centos8-zen/gcc-8.4.1/gcc-10.2.0-fqf4ze2mfclmx6e7ehrjckznpoqnevmi/bin/gfortran]
  ignore line: [COLLECT_LTO_WRAPPER=/apps/ault/spack/opt/spack/linux-centos8-zen/gcc-8.4.1/gcc-10.2.0-fqf4ze2mfclmx6e7ehrjckznpoqnevmi/libexec/gcc/x86_64-pc-linux-gnu/10.2.0/lto-wrapper]
  ignore line: [Target: x86_64-pc-linux-gnu]
  ignore line: [Configured with: /tmp/kleinm/spack-stage/spack-stage-gcc-10.2.0-fqf4ze2mfclmx6e7ehrjckznpoqnevmi/spack-src/configure --prefix=/apps/ault/spack/opt/spack/linux-centos8-zen/gcc-8.4.1/gcc-10.2.0-fqf4ze2mfclmx6e7ehrjckznpoqnevmi --with-pkgversion='Spack GCC' --with-bugurl=https://github.com/spack/spack/issues --disable-multilib --enable-languages=c c++ fortran --disable-nls --with-system-zlib --with-zstd-include=/apps/ault/spack/opt/spack/linux-centos8-zen/gcc-8.4.1/zstd-1.5.0-tdqxudxfvvdg24qqzcthxofjxtwgjv2y/include --with-zstd-lib=/apps/ault/spack/opt/spack/linux-centos8-zen/gcc-8.4.1/zstd-1.5.0-tdqxudxfvvdg24qqzcthxofjxtwgjv2y/lib64 --enable-bootstrap --with-mpfr-include=/apps/ault/spack/opt/spack/linux-centos8-zen/gcc-8.4.1/mpfr-4.1.0-ncrm3oi3zq4czkrhtsppakzbathaz7nm/include --with-mpfr-lib=/apps/ault/spack/opt/spack/linux-centos8-zen/gcc-8.4.1/mpfr-4.1.0-ncrm3oi3zq4czkrhtsppakzbathaz7nm/lib --with-gmp-include=/apps/ault/spack/opt/spack/linux-centos8-zen/gcc-8.4.1/gmp-6.2.1-a4uy3yg5ypry4p44urpwhs64ngc26vtd/include --with-gmp-lib=/apps/ault/spack/opt/spack/linux-centos8-zen/gcc-8.4.1/gmp-6.2.1-a4uy3yg5ypry4p44urpwhs64ngc26vtd/lib --with-mpc-include=/apps/ault/spack/opt/spack/linux-centos8-zen/gcc-8.4.1/mpc-1.1.0-6z3raodvxfd6flyau7y4xnubnkohnz5k/include --with-mpc-lib=/apps/ault/spack/opt/spack/linux-centos8-zen/gcc-8.4.1/mpc-1.1.0-6z3raodvxfd6flyau7y4xnubnkohnz5k/lib --without-isl --with-stage1-ldflags='-Wl -rpath /apps/ault/spack/opt/spack/linux-centos8-zen/gcc-8.4.1/gcc-10.2.0-fqf4ze2mfclmx6e7ehrjckznpoqnevmi/lib -Wl -rpath /apps/ault/spack/opt/spack/linux-centos8-zen/gcc-8.4.1/gcc-10.2.0-fqf4ze2mfclmx6e7ehrjckznpoqnevmi/lib64 -Wl -rpath /apps/ault/spack/opt/spack/linux-centos8-zen/gcc-8.4.1/gmp-6.2.1-a4uy3yg5ypry4p44urpwhs64ngc26vtd/lib -Wl -rpath /apps/ault/spack/opt/spack/linux-centos8-zen/gcc-8.4.1/mpfr-4.1.0-ncrm3oi3zq4czkrhtsppakzbathaz7nm/lib -Wl -rpath /apps/ault/spack/opt/spack/linux-centos8-zen/gcc-8.4.1/mpc-1.1.0-6z3raodvxfd6flyau7y4xnubnkohnz5k/lib -Wl -rpath /apps/ault/spack/opt/spack/linux-centos8-zen/gcc-8.4.1/zlib-1.2.11-dif34johfqcbxxhctkbvqxo4uwbhoz4c/lib -Wl -rpath /apps/ault/spack/opt/spack/linux-centos8-zen/gcc-8.4.1/zstd-1.5.0-tdqxudxfvvdg24qqzcthxofjxtwgjv2y/lib64' --with-boot-ldflags='-Wl -rpath /apps/ault/spack/opt/spack/linux-centos8-zen/gcc-8.4.1/gcc-10.2.0-fqf4ze2mfclmx6e7ehrjckznpoqnevmi/lib -Wl -rpath /apps/ault/spack/opt/spack/linux-centos8-zen/gcc-8.4.1/gcc-10.2.0-fqf4ze2mfclmx6e7ehrjckznpoqnevmi/lib64 -Wl -rpath /apps/ault/spack/opt/spack/linux-centos8-zen/gcc-8.4.1/gmp-6.2.1-a4uy3yg5ypry4p44urpwhs64ngc26vtd/lib -Wl -rpath /apps/ault/spack/opt/spack/linux-centos8-zen/gcc-8.4.1/mpfr-4.1.0-ncrm3oi3zq4czkrhtsppakzbathaz7nm/lib -Wl -rpath /apps/ault/spack/opt/spack/linux-centos8-zen/gcc-8.4.1/mpc-1.1.0-6z3raodvxfd6flyau7y4xnubnkohnz5k/lib -Wl -rpath /apps/ault/spack/opt/spack/linux-centos8-zen/gcc-8.4.1/zlib-1.2.11-dif34johfqcbxxhctkbvqxo4uwbhoz4c/lib -Wl -rpath /apps/ault/spack/opt/spack/linux-centos8-zen/gcc-8.4.1/zstd-1.5.0-tdqxudxfvvdg24qqzcthxofjxtwgjv2y/lib64 -static-libstdc++ -static-libgcc']
  ignore line: [Thread model: posix]
  ignore line: [Supported LTO compression algorithms: zlib zstd]
  ignore line: [gcc version 10.2.0 (Spack GCC) ]
  ignore line: [Reading specs from /apps/ault/spack/opt/spack/linux-centos8-zen/gcc-8.4.1/gcc-10.2.0-fqf4ze2mfclmx6e7ehrjckznpoqnevmi/lib/gcc/x86_64-pc-linux-gnu/10.2.0/../../../../lib64/libgfortran.spec]
  ignore line: [rename spec lib to liborig]
  ignore line: [COLLECT_GCC_OPTIONS='-L/scratch/pmazumde/gitspace/icon-artifacts/velocity/integrate_meh' '-D' 'DACE_SUBST_ENABLE' '-g' '-I' '/scratch/wbenjami/dafy/sdfg_gpu/spack/opt/spack/linux-centos8-zen2/gcc-10.2.0/netcdf-fortran-4.6.0-p7jdeag2groulzasdfqnokx2qiris3zh/include' '-I' '/scratch/wbenjami/dafy/sdfg_gpu/spack/opt/spack/linux-centos8-zen2/gcc-10.2.0/netcdf-c-4.9.2-zynxjqlltpkunevnlaltrm7kfqlwjgpu/include' '-O2' '-std=legacy' '-fopenmp' '-v' '-o' 'cmTC_fe428' '-v' '-shared-libgcc' '-mtune=generic' '-march=x86-64' '-pthread']
  ignore line: [COMPILER_PATH=/apps/ault/spack/opt/spack/linux-centos8-zen/gcc-8.4.1/gcc-10.2.0-fqf4ze2mfclmx6e7ehrjckznpoqnevmi/libexec/gcc/x86_64-pc-linux-gnu/10.2.0/:/apps/ault/spack/opt/spack/linux-centos8-zen/gcc-8.4.1/gcc-10.2.0-fqf4ze2mfclmx6e7ehrjckznpoqnevmi/libexec/gcc/x86_64-pc-linux-gnu/10.2.0/:/apps/ault/spack/opt/spack/linux-centos8-zen/gcc-8.4.1/gcc-10.2.0-fqf4ze2mfclmx6e7ehrjckznpoqnevmi/libexec/gcc/x86_64-pc-linux-gnu/:/apps/ault/spack/opt/spack/linux-centos8-zen/gcc-8.4.1/gcc-10.2.0-fqf4ze2mfclmx6e7ehrjckznpoqnevmi/lib/gcc/x86_64-pc-linux-gnu/10.2.0/:/apps/ault/spack/opt/spack/linux-centos8-zen/gcc-8.4.1/gcc-10.2.0-fqf4ze2mfclmx6e7ehrjckznpoqnevmi/lib/gcc/x86_64-pc-linux-gnu/]
  ignore line: [LIBRARY_PATH=/apps/ault/spack/opt/spack/linux-centos8-zen/gcc-8.4.1/gcc-10.2.0-fqf4ze2mfclmx6e7ehrjckznpoqnevmi/lib/gcc/x86_64-pc-linux-gnu/10.2.0/:/apps/ault/spack/opt/spack/linux-centos8-zen/gcc-8.4.1/gcc-10.2.0-fqf4ze2mfclmx6e7ehrjckznpoqnevmi/lib/gcc/x86_64-pc-linux-gnu/10.2.0/../../../../lib64/:/lib/../lib64/:/usr/lib/../lib64/:/scratch/wbenjami/dafy/sdfg_gpu/spack/opt/spack/linux-centos8-zen2/gcc-10.2.0/netcdf-fortran-4.6.0-p7jdeag2groulzasdfqnokx2qiris3zh/lib/:/scratch/wbenjami/dafy/sdfg_gpu/spack/opt/spack/linux-centos8-zen2/gcc-10.2.0/netcdf-c-4.9.2-zynxjqlltpkunevnlaltrm7kfqlwjgpu/lib/:/scratch/wbenjami/dafy/sdfg_gpu/spack/opt/spack/linux-centos8-zen2/gcc-10.2.0/openblas-0.3.23-ara3inpfwh3myjbgqpaiqye5qc2b6wnc/lib/:/apps/ault/spack/opt/spack/linux-centos8-zen/gcc-8.4.1/gcc-10.2.0-fqf4ze2mfclmx6e7ehrjckznpoqnevmi/lib/gcc/x86_64-pc-linux-gnu/10.2.0/../../../:/lib/:/usr/lib/]
  ignore line: [Reading specs from /apps/ault/spack/opt/spack/linux-centos8-zen/gcc-8.4.1/gcc-10.2.0-fqf4ze2mfclmx6e7ehrjckznpoqnevmi/lib/gcc/x86_64-pc-linux-gnu/10.2.0/../../../../lib64/libgomp.spec]
  ignore line: [COLLECT_GCC_OPTIONS='-L/scratch/pmazumde/gitspace/icon-artifacts/velocity/integrate_meh' '-D' 'DACE_SUBST_ENABLE' '-g' '-I' '/scratch/wbenjami/dafy/sdfg_gpu/spack/opt/spack/linux-centos8-zen2/gcc-10.2.0/netcdf-fortran-4.6.0-p7jdeag2groulzasdfqnokx2qiris3zh/include' '-I' '/scratch/wbenjami/dafy/sdfg_gpu/spack/opt/spack/linux-centos8-zen2/gcc-10.2.0/netcdf-c-4.9.2-zynxjqlltpkunevnlaltrm7kfqlwjgpu/include' '-O2' '-std=legacy' '-fopenmp' '-v' '-o' 'cmTC_fe428' '-v' '-shared-libgcc' '-mtune=generic' '-march=x86-64' '-pthread']
  link line: [ /apps/ault/spack/opt/spack/linux-centos8-zen/gcc-8.4.1/gcc-10.2.0-fqf4ze2mfclmx6e7ehrjckznpoqnevmi/libexec/gcc/x86_64-pc-linux-gnu/10.2.0/collect2 -plugin /apps/ault/spack/opt/spack/linux-centos8-zen/gcc-8.4.1/gcc-10.2.0-fqf4ze2mfclmx6e7ehrjckznpoqnevmi/libexec/gcc/x86_64-pc-linux-gnu/10.2.0/liblto_plugin.so -plugin-opt=/apps/ault/spack/opt/spack/linux-centos8-zen/gcc-8.4.1/gcc-10.2.0-fqf4ze2mfclmx6e7ehrjckznpoqnevmi/libexec/gcc/x86_64-pc-linux-gnu/10.2.0/lto-wrapper -plugin-opt=-fresolution=/tmp/ccoNAT8H.res -plugin-opt=-pass-through=-lgcc_s -plugin-opt=-pass-through=-lgcc -plugin-opt=-pass-through=-lquadmath -plugin-opt=-pass-through=-lm -plugin-opt=-pass-through=-lgcc_s -plugin-opt=-pass-through=-lgcc -plugin-opt=-pass-through=-lpthread -plugin-opt=-pass-through=-lc -plugin-opt=-pass-through=-lgcc_s -plugin-opt=-pass-through=-lgcc -rpath /apps/ault/spack/opt/spack/linux-centos8-zen/gcc-8.4.1/gcc-10.2.0-fqf4ze2mfclmx6e7ehrjckznpoqnevmi/lib:/apps/ault/spack/opt/spack/linux-centos8-zen/gcc-8.4.1/gcc-10.2.0-fqf4ze2mfclmx6e7ehrjckznpoqnevmi/lib64 --eh-frame-hdr -m elf_x86_64 -dynamic-linker /lib64/ld-linux-x86-64.so.2 -o cmTC_fe428 /lib/../lib64/crt1.o /lib/../lib64/crti.o /apps/ault/spack/opt/spack/linux-centos8-zen/gcc-8.4.1/gcc-10.2.0-fqf4ze2mfclmx6e7ehrjckznpoqnevmi/lib/gcc/x86_64-pc-linux-gnu/10.2.0/crtbegin.o -L/scratch/pmazumde/gitspace/icon-artifacts/velocity/integrate_meh -L/apps/ault/spack/opt/spack/linux-centos8-zen/gcc-8.4.1/gcc-10.2.0-fqf4ze2mfclmx6e7ehrjckznpoqnevmi/lib/gcc/x86_64-pc-linux-gnu/10.2.0 -L/apps/ault/spack/opt/spack/linux-centos8-zen/gcc-8.4.1/gcc-10.2.0-fqf4ze2mfclmx6e7ehrjckznpoqnevmi/lib/gcc/x86_64-pc-linux-gnu/10.2.0/../../../../lib64 -L/lib/../lib64 -L/usr/lib/../lib64 -L/scratch/wbenjami/dafy/sdfg_gpu/spack/opt/spack/linux-centos8-zen2/gcc-10.2.0/netcdf-fortran-4.6.0-p7jdeag2groulzasdfqnokx2qiris3zh/lib -L/scratch/wbenjami/dafy/sdfg_gpu/spack/opt/spack/linux-centos8-zen2/gcc-10.2.0/netcdf-c-4.9.2-zynxjqlltpkunevnlaltrm7kfqlwjgpu/lib -L/scratch/wbenjami/dafy/sdfg_gpu/spack/opt/spack/linux-centos8-zen2/gcc-10.2.0/openblas-0.3.23-ara3inpfwh3myjbgqpaiqye5qc2b6wnc/lib -L/apps/ault/spack/opt/spack/linux-centos8-zen/gcc-8.4.1/gcc-10.2.0-fqf4ze2mfclmx6e7ehrjckznpoqnevmi/lib/gcc/x86_64-pc-linux-gnu/10.2.0/../../.. CMakeFiles/cmTC_fe428.dir/OpenMPTryFlag.f90.o -lgfortran -lm -lgomp -lgcc_s -lgcc -lquadmath -lm -lgcc_s -lgcc -lpthread -lc -lgcc_s -lgcc /apps/ault/spack/opt/spack/linux-centos8-zen/gcc-8.4.1/gcc-10.2.0-fqf4ze2mfclmx6e7ehrjckznpoqnevmi/lib/gcc/x86_64-pc-linux-gnu/10.2.0/crtend.o /lib/../lib64/crtn.o]
    arg [/apps/ault/spack/opt/spack/linux-centos8-zen/gcc-8.4.1/gcc-10.2.0-fqf4ze2mfclmx6e7ehrjckznpoqnevmi/libexec/gcc/x86_64-pc-linux-gnu/10.2.0/collect2] ==> ignore
    arg [-plugin] ==> ignore
    arg [/apps/ault/spack/opt/spack/linux-centos8-zen/gcc-8.4.1/gcc-10.2.0-fqf4ze2mfclmx6e7ehrjckznpoqnevmi/libexec/gcc/x86_64-pc-linux-gnu/10.2.0/liblto_plugin.so] ==> ignore
    arg [-plugin-opt=/apps/ault/spack/opt/spack/linux-centos8-zen/gcc-8.4.1/gcc-10.2.0-fqf4ze2mfclmx6e7ehrjckznpoqnevmi/libexec/gcc/x86_64-pc-linux-gnu/10.2.0/lto-wrapper] ==> ignore
    arg [-plugin-opt=-fresolution=/tmp/ccoNAT8H.res] ==> ignore
    arg [-plugin-opt=-pass-through=-lgcc_s] ==> ignore
    arg [-plugin-opt=-pass-through=-lgcc] ==> ignore
    arg [-plugin-opt=-pass-through=-lquadmath] ==> ignore
    arg [-plugin-opt=-pass-through=-lm] ==> ignore
    arg [-plugin-opt=-pass-through=-lgcc_s] ==> ignore
    arg [-plugin-opt=-pass-through=-lgcc] ==> ignore
    arg [-plugin-opt=-pass-through=-lpthread] ==> ignore
    arg [-plugin-opt=-pass-through=-lc] ==> ignore
    arg [-plugin-opt=-pass-through=-lgcc_s] ==> ignore
    arg [-plugin-opt=-pass-through=-lgcc] ==> ignore
    arg [-rpath] ==> ignore
    arg [/apps/ault/spack/opt/spack/linux-centos8-zen/gcc-8.4.1/gcc-10.2.0-fqf4ze2mfclmx6e7ehrjckznpoqnevmi/lib:/apps/ault/spack/opt/spack/linux-centos8-zen/gcc-8.4.1/gcc-10.2.0-fqf4ze2mfclmx6e7ehrjckznpoqnevmi/lib64] ==> ignore
    arg [--eh-frame-hdr] ==> ignore
    arg [-m] ==> ignore
    arg [elf_x86_64] ==> ignore
    arg [-dynamic-linker] ==> ignore
    arg [/lib64/ld-linux-x86-64.so.2] ==> ignore
    arg [-o] ==> ignore
    arg [cmTC_fe428] ==> ignore
    arg [-L/scratch/pmazumde/gitspace/icon-artifacts/velocity/integrate_meh] ==> dir [/scratch/pmazumde/gitspace/icon-artifacts/velocity/integrate_meh]
    arg [-L/apps/ault/spack/opt/spack/linux-centos8-zen/gcc-8.4.1/gcc-10.2.0-fqf4ze2mfclmx6e7ehrjckznpoqnevmi/lib/gcc/x86_64-pc-linux-gnu/10.2.0] ==> dir [/apps/ault/spack/opt/spack/linux-centos8-zen/gcc-8.4.1/gcc-10.2.0-fqf4ze2mfclmx6e7ehrjckznpoqnevmi/lib/gcc/x86_64-pc-linux-gnu/10.2.0]
    arg [-L/apps/ault/spack/opt/spack/linux-centos8-zen/gcc-8.4.1/gcc-10.2.0-fqf4ze2mfclmx6e7ehrjckznpoqnevmi/lib/gcc/x86_64-pc-linux-gnu/10.2.0/../../../../lib64] ==> dir [/apps/ault/spack/opt/spack/linux-centos8-zen/gcc-8.4.1/gcc-10.2.0-fqf4ze2mfclmx6e7ehrjckznpoqnevmi/lib/gcc/x86_64-pc-linux-gnu/10.2.0/../../../../lib64]
    arg [-L/lib/../lib64] ==> dir [/lib/../lib64]
    arg [-L/usr/lib/../lib64] ==> dir [/usr/lib/../lib64]
    arg [-L/scratch/wbenjami/dafy/sdfg_gpu/spack/opt/spack/linux-centos8-zen2/gcc-10.2.0/netcdf-fortran-4.6.0-p7jdeag2groulzasdfqnokx2qiris3zh/lib] ==> dir [/scratch/wbenjami/dafy/sdfg_gpu/spack/opt/spack/linux-centos8-zen2/gcc-10.2.0/netcdf-fortran-4.6.0-p7jdeag2groulzasdfqnokx2qiris3zh/lib]
    arg [-L/scratch/wbenjami/dafy/sdfg_gpu/spack/opt/spack/linux-centos8-zen2/gcc-10.2.0/netcdf-c-4.9.2-zynxjqlltpkunevnlaltrm7kfqlwjgpu/lib] ==> dir [/scratch/wbenjami/dafy/sdfg_gpu/spack/opt/spack/linux-centos8-zen2/gcc-10.2.0/netcdf-c-4.9.2-zynxjqlltpkunevnlaltrm7kfqlwjgpu/lib]
    arg [-L/scratch/wbenjami/dafy/sdfg_gpu/spack/opt/spack/linux-centos8-zen2/gcc-10.2.0/openblas-0.3.23-ara3inpfwh3myjbgqpaiqye5qc2b6wnc/lib] ==> dir [/scratch/wbenjami/dafy/sdfg_gpu/spack/opt/spack/linux-centos8-zen2/gcc-10.2.0/openblas-0.3.23-ara3inpfwh3myjbgqpaiqye5qc2b6wnc/lib]
    arg [-L/apps/ault/spack/opt/spack/linux-centos8-zen/gcc-8.4.1/gcc-10.2.0-fqf4ze2mfclmx6e7ehrjckznpoqnevmi/lib/gcc/x86_64-pc-linux-gnu/10.2.0/../../..] ==> dir [/apps/ault/spack/opt/spack/linux-centos8-zen/gcc-8.4.1/gcc-10.2.0-fqf4ze2mfclmx6e7ehrjckznpoqnevmi/lib/gcc/x86_64-pc-linux-gnu/10.2.0/../../..]
    arg [CMakeFiles/cmTC_fe428.dir/OpenMPTryFlag.f90.o] ==> ignore
    arg [-lgfortran] ==> lib [gfortran]
    arg [-lm] ==> lib [m]
    arg [-lgomp] ==> lib [gomp]
    arg [-lgcc_s] ==> lib [gcc_s]
    arg [-lgcc] ==> lib [gcc]
    arg [-lquadmath] ==> lib [quadmath]
    arg [-lm] ==> lib [m]
    arg [-lgcc_s] ==> lib [gcc_s]
    arg [-lgcc] ==> lib [gcc]
    arg [-lpthread] ==> lib [pthread]
    arg [-lc] ==> lib [c]
    arg [-lgcc_s] ==> lib [gcc_s]
    arg [-lgcc] ==> lib [gcc]
  collapse library dir [/scratch/pmazumde/gitspace/icon-artifacts/velocity/integrate_meh] ==> [/scratch/pmazumde/gitspace/icon-artifacts/velocity/integrate_meh]
  collapse library dir [/apps/ault/spack/opt/spack/linux-centos8-zen/gcc-8.4.1/gcc-10.2.0-fqf4ze2mfclmx6e7ehrjckznpoqnevmi/lib/gcc/x86_64-pc-linux-gnu/10.2.0] ==> [/apps/ault/spack/opt/spack/linux-centos8-zen/gcc-8.4.1/gcc-10.2.0-fqf4ze2mfclmx6e7ehrjckznpoqnevmi/lib/gcc/x86_64-pc-linux-gnu/10.2.0]
  collapse library dir [/apps/ault/spack/opt/spack/linux-centos8-zen/gcc-8.4.1/gcc-10.2.0-fqf4ze2mfclmx6e7ehrjckznpoqnevmi/lib/gcc/x86_64-pc-linux-gnu/10.2.0/../../../../lib64] ==> [/apps/ault/spack/opt/spack/linux-centos8-zen/gcc-8.4.1/gcc-10.2.0-fqf4ze2mfclmx6e7ehrjckznpoqnevmi/lib64]
  collapse library dir [/lib/../lib64] ==> [/lib64]
  collapse library dir [/usr/lib/../lib64] ==> [/usr/lib64]
  collapse library dir [/scratch/wbenjami/dafy/sdfg_gpu/spack/opt/spack/linux-centos8-zen2/gcc-10.2.0/netcdf-fortran-4.6.0-p7jdeag2groulzasdfqnokx2qiris3zh/lib] ==> [/scratch/wbenjami/dafy/sdfg_gpu/spack/opt/spack/linux-centos8-zen2/gcc-10.2.0/netcdf-fortran-4.6.0-p7jdeag2groulzasdfqnokx2qiris3zh/lib]
  collapse library dir [/scratch/wbenjami/dafy/sdfg_gpu/spack/opt/spack/linux-centos8-zen2/gcc-10.2.0/netcdf-c-4.9.2-zynxjqlltpkunevnlaltrm7kfqlwjgpu/lib] ==> [/scratch/wbenjami/dafy/sdfg_gpu/spack/opt/spack/linux-centos8-zen2/gcc-10.2.0/netcdf-c-4.9.2-zynxjqlltpkunevnlaltrm7kfqlwjgpu/lib]
  collapse library dir [/scratch/wbenjami/dafy/sdfg_gpu/spack/opt/spack/linux-centos8-zen2/gcc-10.2.0/openblas-0.3.23-ara3inpfwh3myjbgqpaiqye5qc2b6wnc/lib] ==> [/scratch/wbenjami/dafy/sdfg_gpu/spack/opt/spack/linux-centos8-zen2/gcc-10.2.0/openblas-0.3.23-ara3inpfwh3myjbgqpaiqye5qc2b6wnc/lib]
  collapse library dir [/apps/ault/spack/opt/spack/linux-centos8-zen/gcc-8.4.1/gcc-10.2.0-fqf4ze2mfclmx6e7ehrjckznpoqnevmi/lib/gcc/x86_64-pc-linux-gnu/10.2.0/../../..] ==> [/apps/ault/spack/opt/spack/linux-centos8-zen/gcc-8.4.1/gcc-10.2.0-fqf4ze2mfclmx6e7ehrjckznpoqnevmi/lib]
  implicit libs: [gfortran;m;gomp;gcc_s;gcc;quadmath;m;gcc_s;gcc;pthread;c;gcc_s;gcc]
  implicit objs: []
  implicit dirs: [/scratch/pmazumde/gitspace/icon-artifacts/velocity/integrate_meh;/apps/ault/spack/opt/spack/linux-centos8-zen/gcc-8.4.1/gcc-10.2.0-fqf4ze2mfclmx6e7ehrjckznpoqnevmi/lib/gcc/x86_64-pc-linux-gnu/10.2.0;/apps/ault/spack/opt/spack/linux-centos8-zen/gcc-8.4.1/gcc-10.2.0-fqf4ze2mfclmx6e7ehrjckznpoqnevmi/lib64;/lib64;/usr/lib64;/scratch/wbenjami/dafy/sdfg_gpu/spack/opt/spack/linux-centos8-zen2/gcc-10.2.0/netcdf-fortran-4.6.0-p7jdeag2groulzasdfqnokx2qiris3zh/lib;/scratch/wbenjami/dafy/sdfg_gpu/spack/opt/spack/linux-centos8-zen2/gcc-10.2.0/netcdf-c-4.9.2-zynxjqlltpkunevnlaltrm7kfqlwjgpu/lib;/scratch/wbenjami/dafy/sdfg_gpu/spack/opt/spack/linux-centos8-zen2/gcc-10.2.0/openblas-0.3.23-ara3inpfwh3myjbgqpaiqye5qc2b6wnc/lib;/apps/ault/spack/opt/spack/linux-centos8-zen/gcc-8.4.1/gcc-10.2.0-fqf4ze2mfclmx6e7ehrjckznpoqnevmi/lib]
  implicit fwks: []


Detecting Fortran OpenMP compiler ABI info compiled with the following output:
Change Dir: /scratch/pmazumde/paper-icon-dace/icon-dace/build/externals/fortran-support/build/CMakeFiles/CMakeTmp

Run Build Command(s):/usr/bin/gmake -f Makefile cmTC_9935e/fast && gmake[2]: Entering directory '/scratch/pmazumde/paper-icon-dace/icon-dace/build/externals/fortran-support/build/CMakeFiles/CMakeTmp'
/usr/bin/gmake  -f CMakeFiles/cmTC_9935e.dir/build.make CMakeFiles/cmTC_9935e.dir/build
gmake[3]: Entering directory '/scratch/pmazumde/paper-icon-dace/icon-dace/build/externals/fortran-support/build/CMakeFiles/CMakeTmp'
Building Fortran object CMakeFiles/cmTC_9935e.dir/OpenMPTryFlag.f90.o
/apps/ault/spack/opt/spack/linux-centos8-zen/gcc-8.4.1/gcc-10.2.0-fqf4ze2mfclmx6e7ehrjckznpoqnevmi/bin/gfortran   -DDACE_SUBST_ENABLE -g -I/scratch/wbenjami/dafy/sdfg_gpu/spack/opt/spack/linux-centos8-zen2/gcc-10.2.0/netcdf-fortran-4.6.0-p7jdeag2groulzasdfqnokx2qiris3zh/include -I/scratch/wbenjami/dafy/sdfg_gpu/spack/opt/spack/linux-centos8-zen2/gcc-10.2.0/netcdf-c-4.9.2-zynxjqlltpkunevnlaltrm7kfqlwjgpu/include  -O2 -std=legacy -fopenmp -v -c /scratch/pmazumde/paper-icon-dace/icon-dace/build/externals/fortran-support/build/CMakeFiles/FindOpenMP/OpenMPTryFlag.f90 -o CMakeFiles/cmTC_9935e.dir/OpenMPTryFlag.f90.o
Reading specs from /apps/ault/spack/opt/spack/linux-centos8-zen/gcc-8.4.1/gcc-10.2.0-fqf4ze2mfclmx6e7ehrjckznpoqnevmi/lib/gcc/x86_64-pc-linux-gnu/10.2.0/specs
COLLECT_GCC=/apps/ault/spack/opt/spack/linux-centos8-zen/gcc-8.4.1/gcc-10.2.0-fqf4ze2mfclmx6e7ehrjckznpoqnevmi/bin/gfortran
Target: x86_64-pc-linux-gnu
Configured with: /tmp/kleinm/spack-stage/spack-stage-gcc-10.2.0-fqf4ze2mfclmx6e7ehrjckznpoqnevmi/spack-src/configure --prefix=/apps/ault/spack/opt/spack/linux-centos8-zen/gcc-8.4.1/gcc-10.2.0-fqf4ze2mfclmx6e7ehrjckznpoqnevmi --with-pkgversion='Spack GCC' --with-bugurl=https://github.com/spack/spack/issues --disable-multilib --enable-languages=c,c++,fortran --disable-nls --with-system-zlib --with-zstd-include=/apps/ault/spack/opt/spack/linux-centos8-zen/gcc-8.4.1/zstd-1.5.0-tdqxudxfvvdg24qqzcthxofjxtwgjv2y/include --with-zstd-lib=/apps/ault/spack/opt/spack/linux-centos8-zen/gcc-8.4.1/zstd-1.5.0-tdqxudxfvvdg24qqzcthxofjxtwgjv2y/lib64 --enable-bootstrap --with-mpfr-include=/apps/ault/spack/opt/spack/linux-centos8-zen/gcc-8.4.1/mpfr-4.1.0-ncrm3oi3zq4czkrhtsppakzbathaz7nm/include --with-mpfr-lib=/apps/ault/spack/opt/spack/linux-centos8-zen/gcc-8.4.1/mpfr-4.1.0-ncrm3oi3zq4czkrhtsppakzbathaz7nm/lib --with-gmp-include=/apps/ault/spack/opt/spack/linux-centos8-zen/gcc-8.4.1/gmp-6.2.1-a4uy3yg5ypry4p44urpwhs64ngc26vtd/include --with-gmp-lib=/apps/ault/spack/opt/spack/linux-centos8-zen/gcc-8.4.1/gmp-6.2.1-a4uy3yg5ypry4p44urpwhs64ngc26vtd/lib --with-mpc-include=/apps/ault/spack/opt/spack/linux-centos8-zen/gcc-8.4.1/mpc-1.1.0-6z3raodvxfd6flyau7y4xnubnkohnz5k/include --with-mpc-lib=/apps/ault/spack/opt/spack/linux-centos8-zen/gcc-8.4.1/mpc-1.1.0-6z3raodvxfd6flyau7y4xnubnkohnz5k/lib --without-isl --with-stage1-ldflags='-Wl,-rpath,/apps/ault/spack/opt/spack/linux-centos8-zen/gcc-8.4.1/gcc-10.2.0-fqf4ze2mfclmx6e7ehrjckznpoqnevmi/lib -Wl,-rpath,/apps/ault/spack/opt/spack/linux-centos8-zen/gcc-8.4.1/gcc-10.2.0-fqf4ze2mfclmx6e7ehrjckznpoqnevmi/lib64 -Wl,-rpath,/apps/ault/spack/opt/spack/linux-centos8-zen/gcc-8.4.1/gmp-6.2.1-a4uy3yg5ypry4p44urpwhs64ngc26vtd/lib -Wl,-rpath,/apps/ault/spack/opt/spack/linux-centos8-zen/gcc-8.4.1/mpfr-4.1.0-ncrm3oi3zq4czkrhtsppakzbathaz7nm/lib -Wl,-rpath,/apps/ault/spack/opt/spack/linux-centos8-zen/gcc-8.4.1/mpc-1.1.0-6z3raodvxfd6flyau7y4xnubnkohnz5k/lib -Wl,-rpath,/apps/ault/spack/opt/spack/linux-centos8-zen/gcc-8.4.1/zlib-1.2.11-dif34johfqcbxxhctkbvqxo4uwbhoz4c/lib -Wl,-rpath,/apps/ault/spack/opt/spack/linux-centos8-zen/gcc-8.4.1/zstd-1.5.0-tdqxudxfvvdg24qqzcthxofjxtwgjv2y/lib64' --with-boot-ldflags='-Wl,-rpath,/apps/ault/spack/opt/spack/linux-centos8-zen/gcc-8.4.1/gcc-10.2.0-fqf4ze2mfclmx6e7ehrjckznpoqnevmi/lib -Wl,-rpath,/apps/ault/spack/opt/spack/linux-centos8-zen/gcc-8.4.1/gcc-10.2.0-fqf4ze2mfclmx6e7ehrjckznpoqnevmi/lib64 -Wl,-rpath,/apps/ault/spack/opt/spack/linux-centos8-zen/gcc-8.4.1/gmp-6.2.1-a4uy3yg5ypry4p44urpwhs64ngc26vtd/lib -Wl,-rpath,/apps/ault/spack/opt/spack/linux-centos8-zen/gcc-8.4.1/mpfr-4.1.0-ncrm3oi3zq4czkrhtsppakzbathaz7nm/lib -Wl,-rpath,/apps/ault/spack/opt/spack/linux-centos8-zen/gcc-8.4.1/mpc-1.1.0-6z3raodvxfd6flyau7y4xnubnkohnz5k/lib -Wl,-rpath,/apps/ault/spack/opt/spack/linux-centos8-zen/gcc-8.4.1/zlib-1.2.11-dif34johfqcbxxhctkbvqxo4uwbhoz4c/lib -Wl,-rpath,/apps/ault/spack/opt/spack/linux-centos8-zen/gcc-8.4.1/zstd-1.5.0-tdqxudxfvvdg24qqzcthxofjxtwgjv2y/lib64 -static-libstdc++ -static-libgcc'
Thread model: posix
Supported LTO compression algorithms: zlib zstd
gcc version 10.2.0 (Spack GCC) 
COLLECT_GCC_OPTIONS='-D' 'DACE_SUBST_ENABLE' '-g' '-I' '/scratch/wbenjami/dafy/sdfg_gpu/spack/opt/spack/linux-centos8-zen2/gcc-10.2.0/netcdf-fortran-4.6.0-p7jdeag2groulzasdfqnokx2qiris3zh/include' '-I' '/scratch/wbenjami/dafy/sdfg_gpu/spack/opt/spack/linux-centos8-zen2/gcc-10.2.0/netcdf-c-4.9.2-zynxjqlltpkunevnlaltrm7kfqlwjgpu/include' '-O2' '-std=legacy' '-fopenmp' '-v' '-c' '-o' 'CMakeFiles/cmTC_9935e.dir/OpenMPTryFlag.f90.o' '-mtune=generic' '-march=x86-64' '-pthread'
 /apps/ault/spack/opt/spack/linux-centos8-zen/gcc-8.4.1/gcc-10.2.0-fqf4ze2mfclmx6e7ehrjckznpoqnevmi/libexec/gcc/x86_64-pc-linux-gnu/10.2.0/f951 /scratch/pmazumde/paper-icon-dace/icon-dace/build/externals/fortran-support/build/CMakeFiles/FindOpenMP/OpenMPTryFlag.f90 -I /scratch/wbenjami/dafy/sdfg_gpu/spack/opt/spack/linux-centos8-zen2/gcc-10.2.0/netcdf-fortran-4.6.0-p7jdeag2groulzasdfqnokx2qiris3zh/include -I /scratch/wbenjami/dafy/sdfg_gpu/spack/opt/spack/linux-centos8-zen2/gcc-10.2.0/netcdf-c-4.9.2-zynxjqlltpkunevnlaltrm7kfqlwjgpu/include -quiet -dumpbase OpenMPTryFlag.f90 -mtune=generic -march=x86-64 -auxbase-strip CMakeFiles/cmTC_9935e.dir/OpenMPTryFlag.f90.o -g -O2 -std=legacy -version -fopenmp -fintrinsic-modules-path /apps/ault/spack/opt/spack/linux-centos8-zen/gcc-8.4.1/gcc-10.2.0-fqf4ze2mfclmx6e7ehrjckznpoqnevmi/lib/gcc/x86_64-pc-linux-gnu/10.2.0/finclude -fpre-include=/usr/include/finclude/math-vector-fortran.h -o /tmp/cczvi0rY.s
GNU Fortran (Spack GCC) version 10.2.0 (x86_64-pc-linux-gnu)
	compiled by GNU C version 10.2.0, GMP version 6.2.1, MPFR version 4.1.0, MPC version 1.1.0, isl version none
GGC heuristics: --param ggc-min-expand=100 --param ggc-min-heapsize=131072
GNU Fortran2008 (Spack GCC) version 10.2.0 (x86_64-pc-linux-gnu)
	compiled by GNU C version 10.2.0, GMP version 6.2.1, MPFR version 4.1.0, MPC version 1.1.0, isl version none
GGC heuristics: --param ggc-min-expand=100 --param ggc-min-heapsize=131072
COLLECT_GCC_OPTIONS='-D' 'DACE_SUBST_ENABLE' '-g' '-I' '/scratch/wbenjami/dafy/sdfg_gpu/spack/opt/spack/linux-centos8-zen2/gcc-10.2.0/netcdf-fortran-4.6.0-p7jdeag2groulzasdfqnokx2qiris3zh/include' '-I' '/scratch/wbenjami/dafy/sdfg_gpu/spack/opt/spack/linux-centos8-zen2/gcc-10.2.0/netcdf-c-4.9.2-zynxjqlltpkunevnlaltrm7kfqlwjgpu/include' '-O2' '-std=legacy' '-fopenmp' '-v' '-c' '-o' 'CMakeFiles/cmTC_9935e.dir/OpenMPTryFlag.f90.o' '-mtune=generic' '-march=x86-64' '-pthread'
 as -v -I /scratch/wbenjami/dafy/sdfg_gpu/spack/opt/spack/linux-centos8-zen2/gcc-10.2.0/netcdf-fortran-4.6.0-p7jdeag2groulzasdfqnokx2qiris3zh/include -I /scratch/wbenjami/dafy/sdfg_gpu/spack/opt/spack/linux-centos8-zen2/gcc-10.2.0/netcdf-c-4.9.2-zynxjqlltpkunevnlaltrm7kfqlwjgpu/include --64 -o CMakeFiles/cmTC_9935e.dir/OpenMPTryFlag.f90.o /tmp/cczvi0rY.s
GNU assembler version 2.30 (x86_64-redhat-linux) using BFD version version 2.30-93.el8
COMPILER_PATH=/apps/ault/spack/opt/spack/linux-centos8-zen/gcc-8.4.1/gcc-10.2.0-fqf4ze2mfclmx6e7ehrjckznpoqnevmi/libexec/gcc/x86_64-pc-linux-gnu/10.2.0/:/apps/ault/spack/opt/spack/linux-centos8-zen/gcc-8.4.1/gcc-10.2.0-fqf4ze2mfclmx6e7ehrjckznpoqnevmi/libexec/gcc/x86_64-pc-linux-gnu/10.2.0/:/apps/ault/spack/opt/spack/linux-centos8-zen/gcc-8.4.1/gcc-10.2.0-fqf4ze2mfclmx6e7ehrjckznpoqnevmi/libexec/gcc/x86_64-pc-linux-gnu/:/apps/ault/spack/opt/spack/linux-centos8-zen/gcc-8.4.1/gcc-10.2.0-fqf4ze2mfclmx6e7ehrjckznpoqnevmi/lib/gcc/x86_64-pc-linux-gnu/10.2.0/:/apps/ault/spack/opt/spack/linux-centos8-zen/gcc-8.4.1/gcc-10.2.0-fqf4ze2mfclmx6e7ehrjckznpoqnevmi/lib/gcc/x86_64-pc-linux-gnu/
LIBRARY_PATH=/apps/ault/spack/opt/spack/linux-centos8-zen/gcc-8.4.1/gcc-10.2.0-fqf4ze2mfclmx6e7ehrjckznpoqnevmi/lib/gcc/x86_64-pc-linux-gnu/10.2.0/:/apps/ault/spack/opt/spack/linux-centos8-zen/gcc-8.4.1/gcc-10.2.0-fqf4ze2mfclmx6e7ehrjckznpoqnevmi/lib/gcc/x86_64-pc-linux-gnu/10.2.0/../../../../lib64/:/lib/../lib64/:/usr/lib/../lib64/:/scratch/wbenjami/dafy/sdfg_gpu/spack/opt/spack/linux-centos8-zen2/gcc-10.2.0/netcdf-fortran-4.6.0-p7jdeag2groulzasdfqnokx2qiris3zh/lib/:/scratch/wbenjami/dafy/sdfg_gpu/spack/opt/spack/linux-centos8-zen2/gcc-10.2.0/netcdf-c-4.9.2-zynxjqlltpkunevnlaltrm7kfqlwjgpu/lib/:/scratch/wbenjami/dafy/sdfg_gpu/spack/opt/spack/linux-centos8-zen2/gcc-10.2.0/openblas-0.3.23-ara3inpfwh3myjbgqpaiqye5qc2b6wnc/lib/:/apps/ault/spack/opt/spack/linux-centos8-zen/gcc-8.4.1/gcc-10.2.0-fqf4ze2mfclmx6e7ehrjckznpoqnevmi/lib/gcc/x86_64-pc-linux-gnu/10.2.0/../../../:/lib/:/usr/lib/
COLLECT_GCC_OPTIONS='-D' 'DACE_SUBST_ENABLE' '-g' '-I' '/scratch/wbenjami/dafy/sdfg_gpu/spack/opt/spack/linux-centos8-zen2/gcc-10.2.0/netcdf-fortran-4.6.0-p7jdeag2groulzasdfqnokx2qiris3zh/include' '-I' '/scratch/wbenjami/dafy/sdfg_gpu/spack/opt/spack/linux-centos8-zen2/gcc-10.2.0/netcdf-c-4.9.2-zynxjqlltpkunevnlaltrm7kfqlwjgpu/include' '-O2' '-std=legacy' '-fopenmp' '-v' '-c' '-o' 'CMakeFiles/cmTC_9935e.dir/OpenMPTryFlag.f90.o' '-mtune=generic' '-march=x86-64' '-pthread'
Linking Fortran executable cmTC_9935e
/apps/ault/spack/opt/spack/linux-centos8-zen/gcc-8.4.1/cmake-3.21.3-zt24jfeuemvwweacziyho6ccdsdn2w4s/bin/cmake -E cmake_link_script CMakeFiles/cmTC_9935e.dir/link.txt --verbose=1
/apps/ault/spack/opt/spack/linux-centos8-zen/gcc-8.4.1/gcc-10.2.0-fqf4ze2mfclmx6e7ehrjckznpoqnevmi/bin/gfortran -L/scratch/pmazumde/gitspace/icon-artifacts/velocity/integrate_meh  -DDACE_SUBST_ENABLE -g -I/scratch/wbenjami/dafy/sdfg_gpu/spack/opt/spack/linux-centos8-zen2/gcc-10.2.0/netcdf-fortran-4.6.0-p7jdeag2groulzasdfqnokx2qiris3zh/include -I/scratch/wbenjami/dafy/sdfg_gpu/spack/opt/spack/linux-centos8-zen2/gcc-10.2.0/netcdf-c-4.9.2-zynxjqlltpkunevnlaltrm7kfqlwjgpu/include  -O2 -std=legacy -fopenmp -v CMakeFiles/cmTC_9935e.dir/OpenMPTryFlag.f90.o -o cmTC_9935e  -v 
Driving: /apps/ault/spack/opt/spack/linux-centos8-zen/gcc-8.4.1/gcc-10.2.0-fqf4ze2mfclmx6e7ehrjckznpoqnevmi/bin/gfortran -L/scratch/pmazumde/gitspace/icon-artifacts/velocity/integrate_meh -DDACE_SUBST_ENABLE -g -I/scratch/wbenjami/dafy/sdfg_gpu/spack/opt/spack/linux-centos8-zen2/gcc-10.2.0/netcdf-fortran-4.6.0-p7jdeag2groulzasdfqnokx2qiris3zh/include -I/scratch/wbenjami/dafy/sdfg_gpu/spack/opt/spack/linux-centos8-zen2/gcc-10.2.0/netcdf-c-4.9.2-zynxjqlltpkunevnlaltrm7kfqlwjgpu/include -O2 -std=legacy -fopenmp -v CMakeFiles/cmTC_9935e.dir/OpenMPTryFlag.f90.o -o cmTC_9935e -v -l gfortran -l m -shared-libgcc
Reading specs from /apps/ault/spack/opt/spack/linux-centos8-zen/gcc-8.4.1/gcc-10.2.0-fqf4ze2mfclmx6e7ehrjckznpoqnevmi/lib/gcc/x86_64-pc-linux-gnu/10.2.0/specs
COLLECT_GCC=/apps/ault/spack/opt/spack/linux-centos8-zen/gcc-8.4.1/gcc-10.2.0-fqf4ze2mfclmx6e7ehrjckznpoqnevmi/bin/gfortran
COLLECT_LTO_WRAPPER=/apps/ault/spack/opt/spack/linux-centos8-zen/gcc-8.4.1/gcc-10.2.0-fqf4ze2mfclmx6e7ehrjckznpoqnevmi/libexec/gcc/x86_64-pc-linux-gnu/10.2.0/lto-wrapper
Target: x86_64-pc-linux-gnu
Configured with: /tmp/kleinm/spack-stage/spack-stage-gcc-10.2.0-fqf4ze2mfclmx6e7ehrjckznpoqnevmi/spack-src/configure --prefix=/apps/ault/spack/opt/spack/linux-centos8-zen/gcc-8.4.1/gcc-10.2.0-fqf4ze2mfclmx6e7ehrjckznpoqnevmi --with-pkgversion='Spack GCC' --with-bugurl=https://github.com/spack/spack/issues --disable-multilib --enable-languages=c,c++,fortran --disable-nls --with-system-zlib --with-zstd-include=/apps/ault/spack/opt/spack/linux-centos8-zen/gcc-8.4.1/zstd-1.5.0-tdqxudxfvvdg24qqzcthxofjxtwgjv2y/include --with-zstd-lib=/apps/ault/spack/opt/spack/linux-centos8-zen/gcc-8.4.1/zstd-1.5.0-tdqxudxfvvdg24qqzcthxofjxtwgjv2y/lib64 --enable-bootstrap --with-mpfr-include=/apps/ault/spack/opt/spack/linux-centos8-zen/gcc-8.4.1/mpfr-4.1.0-ncrm3oi3zq4czkrhtsppakzbathaz7nm/include --with-mpfr-lib=/apps/ault/spack/opt/spack/linux-centos8-zen/gcc-8.4.1/mpfr-4.1.0-ncrm3oi3zq4czkrhtsppakzbathaz7nm/lib --with-gmp-include=/apps/ault/spack/opt/spack/linux-centos8-zen/gcc-8.4.1/gmp-6.2.1-a4uy3yg5ypry4p44urpwhs64ngc26vtd/include --with-gmp-lib=/apps/ault/spack/opt/spack/linux-centos8-zen/gcc-8.4.1/gmp-6.2.1-a4uy3yg5ypry4p44urpwhs64ngc26vtd/lib --with-mpc-include=/apps/ault/spack/opt/spack/linux-centos8-zen/gcc-8.4.1/mpc-1.1.0-6z3raodvxfd6flyau7y4xnubnkohnz5k/include --with-mpc-lib=/apps/ault/spack/opt/spack/linux-centos8-zen/gcc-8.4.1/mpc-1.1.0-6z3raodvxfd6flyau7y4xnubnkohnz5k/lib --without-isl --with-stage1-ldflags='-Wl,-rpath,/apps/ault/spack/opt/spack/linux-centos8-zen/gcc-8.4.1/gcc-10.2.0-fqf4ze2mfclmx6e7ehrjckznpoqnevmi/lib -Wl,-rpath,/apps/ault/spack/opt/spack/linux-centos8-zen/gcc-8.4.1/gcc-10.2.0-fqf4ze2mfclmx6e7ehrjckznpoqnevmi/lib64 -Wl,-rpath,/apps/ault/spack/opt/spack/linux-centos8-zen/gcc-8.4.1/gmp-6.2.1-a4uy3yg5ypry4p44urpwhs64ngc26vtd/lib -Wl,-rpath,/apps/ault/spack/opt/spack/linux-centos8-zen/gcc-8.4.1/mpfr-4.1.0-ncrm3oi3zq4czkrhtsppakzbathaz7nm/lib -Wl,-rpath,/apps/ault/spack/opt/spack/linux-centos8-zen/gcc-8.4.1/mpc-1.1.0-6z3raodvxfd6flyau7y4xnubnkohnz5k/lib -Wl,-rpath,/apps/ault/spack/opt/spack/linux-centos8-zen/gcc-8.4.1/zlib-1.2.11-dif34johfqcbxxhctkbvqxo4uwbhoz4c/lib -Wl,-rpath,/apps/ault/spack/opt/spack/linux-centos8-zen/gcc-8.4.1/zstd-1.5.0-tdqxudxfvvdg24qqzcthxofjxtwgjv2y/lib64' --with-boot-ldflags='-Wl,-rpath,/apps/ault/spack/opt/spack/linux-centos8-zen/gcc-8.4.1/gcc-10.2.0-fqf4ze2mfclmx6e7ehrjckznpoqnevmi/lib -Wl,-rpath,/apps/ault/spack/opt/spack/linux-centos8-zen/gcc-8.4.1/gcc-10.2.0-fqf4ze2mfclmx6e7ehrjckznpoqnevmi/lib64 -Wl,-rpath,/apps/ault/spack/opt/spack/linux-centos8-zen/gcc-8.4.1/gmp-6.2.1-a4uy3yg5ypry4p44urpwhs64ngc26vtd/lib -Wl,-rpath,/apps/ault/spack/opt/spack/linux-centos8-zen/gcc-8.4.1/mpfr-4.1.0-ncrm3oi3zq4czkrhtsppakzbathaz7nm/lib -Wl,-rpath,/apps/ault/spack/opt/spack/linux-centos8-zen/gcc-8.4.1/mpc-1.1.0-6z3raodvxfd6flyau7y4xnubnkohnz5k/lib -Wl,-rpath,/apps/ault/spack/opt/spack/linux-centos8-zen/gcc-8.4.1/zlib-1.2.11-dif34johfqcbxxhctkbvqxo4uwbhoz4c/lib -Wl,-rpath,/apps/ault/spack/opt/spack/linux-centos8-zen/gcc-8.4.1/zstd-1.5.0-tdqxudxfvvdg24qqzcthxofjxtwgjv2y/lib64 -static-libstdc++ -static-libgcc'
Thread model: posix
Supported LTO compression algorithms: zlib zstd
gcc version 10.2.0 (Spack GCC) 
Reading specs from /apps/ault/spack/opt/spack/linux-centos8-zen/gcc-8.4.1/gcc-10.2.0-fqf4ze2mfclmx6e7ehrjckznpoqnevmi/lib/gcc/x86_64-pc-linux-gnu/10.2.0/../../../../lib64/libgfortran.spec
rename spec lib to liborig
COLLECT_GCC_OPTIONS='-L/scratch/pmazumde/gitspace/icon-artifacts/velocity/integrate_meh' '-D' 'DACE_SUBST_ENABLE' '-g' '-I' '/scratch/wbenjami/dafy/sdfg_gpu/spack/opt/spack/linux-centos8-zen2/gcc-10.2.0/netcdf-fortran-4.6.0-p7jdeag2groulzasdfqnokx2qiris3zh/include' '-I' '/scratch/wbenjami/dafy/sdfg_gpu/spack/opt/spack/linux-centos8-zen2/gcc-10.2.0/netcdf-c-4.9.2-zynxjqlltpkunevnlaltrm7kfqlwjgpu/include' '-O2' '-std=legacy' '-fopenmp' '-v' '-o' 'cmTC_9935e' '-v' '-shared-libgcc' '-mtune=generic' '-march=x86-64' '-pthread'
COMPILER_PATH=/apps/ault/spack/opt/spack/linux-centos8-zen/gcc-8.4.1/gcc-10.2.0-fqf4ze2mfclmx6e7ehrjckznpoqnevmi/libexec/gcc/x86_64-pc-linux-gnu/10.2.0/:/apps/ault/spack/opt/spack/linux-centos8-zen/gcc-8.4.1/gcc-10.2.0-fqf4ze2mfclmx6e7ehrjckznpoqnevmi/libexec/gcc/x86_64-pc-linux-gnu/10.2.0/:/apps/ault/spack/opt/spack/linux-centos8-zen/gcc-8.4.1/gcc-10.2.0-fqf4ze2mfclmx6e7ehrjckznpoqnevmi/libexec/gcc/x86_64-pc-linux-gnu/:/apps/ault/spack/opt/spack/linux-centos8-zen/gcc-8.4.1/gcc-10.2.0-fqf4ze2mfclmx6e7ehrjckznpoqnevmi/lib/gcc/x86_64-pc-linux-gnu/10.2.0/:/apps/ault/spack/opt/spack/linux-centos8-zen/gcc-8.4.1/gcc-10.2.0-fqf4ze2mfclmx6e7ehrjckznpoqnevmi/lib/gcc/x86_64-pc-linux-gnu/
LIBRARY_PATH=/apps/ault/spack/opt/spack/linux-centos8-zen/gcc-8.4.1/gcc-10.2.0-fqf4ze2mfclmx6e7ehrjckznpoqnevmi/lib/gcc/x86_64-pc-linux-gnu/10.2.0/:/apps/ault/spack/opt/spack/linux-centos8-zen/gcc-8.4.1/gcc-10.2.0-fqf4ze2mfclmx6e7ehrjckznpoqnevmi/lib/gcc/x86_64-pc-linux-gnu/10.2.0/../../../../lib64/:/lib/../lib64/:/usr/lib/../lib64/:/scratch/wbenjami/dafy/sdfg_gpu/spack/opt/spack/linux-centos8-zen2/gcc-10.2.0/netcdf-fortran-4.6.0-p7jdeag2groulzasdfqnokx2qiris3zh/lib/:/scratch/wbenjami/dafy/sdfg_gpu/spack/opt/spack/linux-centos8-zen2/gcc-10.2.0/netcdf-c-4.9.2-zynxjqlltpkunevnlaltrm7kfqlwjgpu/lib/:/scratch/wbenjami/dafy/sdfg_gpu/spack/opt/spack/linux-centos8-zen2/gcc-10.2.0/openblas-0.3.23-ara3inpfwh3myjbgqpaiqye5qc2b6wnc/lib/:/apps/ault/spack/opt/spack/linux-centos8-zen/gcc-8.4.1/gcc-10.2.0-fqf4ze2mfclmx6e7ehrjckznpoqnevmi/lib/gcc/x86_64-pc-linux-gnu/10.2.0/../../../:/lib/:/usr/lib/
Reading specs from /apps/ault/spack/opt/spack/linux-centos8-zen/gcc-8.4.1/gcc-10.2.0-fqf4ze2mfclmx6e7ehrjckznpoqnevmi/lib/gcc/x86_64-pc-linux-gnu/10.2.0/../../../../lib64/libgomp.spec
COLLECT_GCC_OPTIONS='-L/scratch/pmazumde/gitspace/icon-artifacts/velocity/integrate_meh' '-D' 'DACE_SUBST_ENABLE' '-g' '-I' '/scratch/wbenjami/dafy/sdfg_gpu/spack/opt/spack/linux-centos8-zen2/gcc-10.2.0/netcdf-fortran-4.6.0-p7jdeag2groulzasdfqnokx2qiris3zh/include' '-I' '/scratch/wbenjami/dafy/sdfg_gpu/spack/opt/spack/linux-centos8-zen2/gcc-10.2.0/netcdf-c-4.9.2-zynxjqlltpkunevnlaltrm7kfqlwjgpu/include' '-O2' '-std=legacy' '-fopenmp' '-v' '-o' 'cmTC_9935e' '-v' '-shared-libgcc' '-mtune=generic' '-march=x86-64' '-pthread'
 /apps/ault/spack/opt/spack/linux-centos8-zen/gcc-8.4.1/gcc-10.2.0-fqf4ze2mfclmx6e7ehrjckznpoqnevmi/libexec/gcc/x86_64-pc-linux-gnu/10.2.0/collect2 -plugin /apps/ault/spack/opt/spack/linux-centos8-zen/gcc-8.4.1/gcc-10.2.0-fqf4ze2mfclmx6e7ehrjckznpoqnevmi/libexec/gcc/x86_64-pc-linux-gnu/10.2.0/liblto_plugin.so -plugin-opt=/apps/ault/spack/opt/spack/linux-centos8-zen/gcc-8.4.1/gcc-10.2.0-fqf4ze2mfclmx6e7ehrjckznpoqnevmi/libexec/gcc/x86_64-pc-linux-gnu/10.2.0/lto-wrapper -plugin-opt=-fresolution=/tmp/cc81SaUA.res -plugin-opt=-pass-through=-lgcc_s -plugin-opt=-pass-through=-lgcc -plugin-opt=-pass-through=-lquadmath -plugin-opt=-pass-through=-lm -plugin-opt=-pass-through=-lgcc_s -plugin-opt=-pass-through=-lgcc -plugin-opt=-pass-through=-lpthread -plugin-opt=-pass-through=-lc -plugin-opt=-pass-through=-lgcc_s -plugin-opt=-pass-through=-lgcc -rpath /apps/ault/spack/opt/spack/linux-centos8-zen/gcc-8.4.1/gcc-10.2.0-fqf4ze2mfclmx6e7ehrjckznpoqnevmi/lib:/apps/ault/spack/opt/spack/linux-centos8-zen/gcc-8.4.1/gcc-10.2.0-fqf4ze2mfclmx6e7ehrjckznpoqnevmi/lib64 --eh-frame-hdr -m elf_x86_64 -dynamic-linker /lib64/ld-linux-x86-64.so.2 -o cmTC_9935e /lib/../lib64/crt1.o /lib/../lib64/crti.o /apps/ault/spack/opt/spack/linux-centos8-zen/gcc-8.4.1/gcc-10.2.0-fqf4ze2mfclmx6e7ehrjckznpoqnevmi/lib/gcc/x86_64-pc-linux-gnu/10.2.0/crtbegin.o -L/scratch/pmazumde/gitspace/icon-artifacts/velocity/integrate_meh -L/apps/ault/spack/opt/spack/linux-centos8-zen/gcc-8.4.1/gcc-10.2.0-fqf4ze2mfclmx6e7ehrjckznpoqnevmi/lib/gcc/x86_64-pc-linux-gnu/10.2.0 -L/apps/ault/spack/opt/spack/linux-centos8-zen/gcc-8.4.1/gcc-10.2.0-fqf4ze2mfclmx6e7ehrjckznpoqnevmi/lib/gcc/x86_64-pc-linux-gnu/10.2.0/../../../../lib64 -L/lib/../lib64 -L/usr/lib/../lib64 -L/scratch/wbenjami/dafy/sdfg_gpu/spack/opt/spack/linux-centos8-zen2/gcc-10.2.0/netcdf-fortran-4.6.0-p7jdeag2groulzasdfqnokx2qiris3zh/lib -L/scratch/wbenjami/dafy/sdfg_gpu/spack/opt/spack/linux-centos8-zen2/gcc-10.2.0/netcdf-c-4.9.2-zynxjqlltpkunevnlaltrm7kfqlwjgpu/lib -L/scratch/wbenjami/dafy/sdfg_gpu/spack/opt/spack/linux-centos8-zen2/gcc-10.2.0/openblas-0.3.23-ara3inpfwh3myjbgqpaiqye5qc2b6wnc/lib -L/apps/ault/spack/opt/spack/linux-centos8-zen/gcc-8.4.1/gcc-10.2.0-fqf4ze2mfclmx6e7ehrjckznpoqnevmi/lib/gcc/x86_64-pc-linux-gnu/10.2.0/../../.. CMakeFiles/cmTC_9935e.dir/OpenMPTryFlag.f90.o -lgfortran -lm -lgomp -lgcc_s -lgcc -lquadmath -lm -lgcc_s -lgcc -lpthread -lc -lgcc_s -lgcc /apps/ault/spack/opt/spack/linux-centos8-zen/gcc-8.4.1/gcc-10.2.0-fqf4ze2mfclmx6e7ehrjckznpoqnevmi/lib/gcc/x86_64-pc-linux-gnu/10.2.0/crtend.o /lib/../lib64/crtn.o
COLLECT_GCC_OPTIONS='-L/scratch/pmazumde/gitspace/icon-artifacts/velocity/integrate_meh' '-D' 'DACE_SUBST_ENABLE' '-g' '-I' '/scratch/wbenjami/dafy/sdfg_gpu/spack/opt/spack/linux-centos8-zen2/gcc-10.2.0/netcdf-fortran-4.6.0-p7jdeag2groulzasdfqnokx2qiris3zh/include' '-I' '/scratch/wbenjami/dafy/sdfg_gpu/spack/opt/spack/linux-centos8-zen2/gcc-10.2.0/netcdf-c-4.9.2-zynxjqlltpkunevnlaltrm7kfqlwjgpu/include' '-O2' '-std=legacy' '-fopenmp' '-v' '-o' 'cmTC_9935e' '-v' '-shared-libgcc' '-mtune=generic' '-march=x86-64' '-pthread'
gmake[3]: Leaving directory '/scratch/pmazumde/paper-icon-dace/icon-dace/build/externals/fortran-support/build/CMakeFiles/CMakeTmp'
gmake[2]: Leaving directory '/scratch/pmazumde/paper-icon-dace/icon-dace/build/externals/fortran-support/build/CMakeFiles/CMakeTmp'



Parsed Fortran OpenMP implicit link information from above output:
  link line regex: [^( *|.*[/\])(ld|CMAKE_LINK_STARTFILE-NOTFOUND|([^/\]+-)?ld|collect2)[^/\]*( |$)]
  ignore line: [Change Dir: /scratch/pmazumde/paper-icon-dace/icon-dace/build/externals/fortran-support/build/CMakeFiles/CMakeTmp]
  ignore line: []
  ignore line: [Run Build Command(s):/usr/bin/gmake -f Makefile cmTC_9935e/fast && gmake[2]: Entering directory '/scratch/pmazumde/paper-icon-dace/icon-dace/build/externals/fortran-support/build/CMakeFiles/CMakeTmp']
  ignore line: [/usr/bin/gmake  -f CMakeFiles/cmTC_9935e.dir/build.make CMakeFiles/cmTC_9935e.dir/build]
  ignore line: [gmake[3]: Entering directory '/scratch/pmazumde/paper-icon-dace/icon-dace/build/externals/fortran-support/build/CMakeFiles/CMakeTmp']
  ignore line: [Building Fortran object CMakeFiles/cmTC_9935e.dir/OpenMPTryFlag.f90.o]
  ignore line: [/apps/ault/spack/opt/spack/linux-centos8-zen/gcc-8.4.1/gcc-10.2.0-fqf4ze2mfclmx6e7ehrjckznpoqnevmi/bin/gfortran   -DDACE_SUBST_ENABLE -g -I/scratch/wbenjami/dafy/sdfg_gpu/spack/opt/spack/linux-centos8-zen2/gcc-10.2.0/netcdf-fortran-4.6.0-p7jdeag2groulzasdfqnokx2qiris3zh/include -I/scratch/wbenjami/dafy/sdfg_gpu/spack/opt/spack/linux-centos8-zen2/gcc-10.2.0/netcdf-c-4.9.2-zynxjqlltpkunevnlaltrm7kfqlwjgpu/include  -O2 -std=legacy -fopenmp -v -c /scratch/pmazumde/paper-icon-dace/icon-dace/build/externals/fortran-support/build/CMakeFiles/FindOpenMP/OpenMPTryFlag.f90 -o CMakeFiles/cmTC_9935e.dir/OpenMPTryFlag.f90.o]
  ignore line: [Reading specs from /apps/ault/spack/opt/spack/linux-centos8-zen/gcc-8.4.1/gcc-10.2.0-fqf4ze2mfclmx6e7ehrjckznpoqnevmi/lib/gcc/x86_64-pc-linux-gnu/10.2.0/specs]
  ignore line: [COLLECT_GCC=/apps/ault/spack/opt/spack/linux-centos8-zen/gcc-8.4.1/gcc-10.2.0-fqf4ze2mfclmx6e7ehrjckznpoqnevmi/bin/gfortran]
  ignore line: [Target: x86_64-pc-linux-gnu]
  ignore line: [Configured with: /tmp/kleinm/spack-stage/spack-stage-gcc-10.2.0-fqf4ze2mfclmx6e7ehrjckznpoqnevmi/spack-src/configure --prefix=/apps/ault/spack/opt/spack/linux-centos8-zen/gcc-8.4.1/gcc-10.2.0-fqf4ze2mfclmx6e7ehrjckznpoqnevmi --with-pkgversion='Spack GCC' --with-bugurl=https://github.com/spack/spack/issues --disable-multilib --enable-languages=c c++ fortran --disable-nls --with-system-zlib --with-zstd-include=/apps/ault/spack/opt/spack/linux-centos8-zen/gcc-8.4.1/zstd-1.5.0-tdqxudxfvvdg24qqzcthxofjxtwgjv2y/include --with-zstd-lib=/apps/ault/spack/opt/spack/linux-centos8-zen/gcc-8.4.1/zstd-1.5.0-tdqxudxfvvdg24qqzcthxofjxtwgjv2y/lib64 --enable-bootstrap --with-mpfr-include=/apps/ault/spack/opt/spack/linux-centos8-zen/gcc-8.4.1/mpfr-4.1.0-ncrm3oi3zq4czkrhtsppakzbathaz7nm/include --with-mpfr-lib=/apps/ault/spack/opt/spack/linux-centos8-zen/gcc-8.4.1/mpfr-4.1.0-ncrm3oi3zq4czkrhtsppakzbathaz7nm/lib --with-gmp-include=/apps/ault/spack/opt/spack/linux-centos8-zen/gcc-8.4.1/gmp-6.2.1-a4uy3yg5ypry4p44urpwhs64ngc26vtd/include --with-gmp-lib=/apps/ault/spack/opt/spack/linux-centos8-zen/gcc-8.4.1/gmp-6.2.1-a4uy3yg5ypry4p44urpwhs64ngc26vtd/lib --with-mpc-include=/apps/ault/spack/opt/spack/linux-centos8-zen/gcc-8.4.1/mpc-1.1.0-6z3raodvxfd6flyau7y4xnubnkohnz5k/include --with-mpc-lib=/apps/ault/spack/opt/spack/linux-centos8-zen/gcc-8.4.1/mpc-1.1.0-6z3raodvxfd6flyau7y4xnubnkohnz5k/lib --without-isl --with-stage1-ldflags='-Wl -rpath /apps/ault/spack/opt/spack/linux-centos8-zen/gcc-8.4.1/gcc-10.2.0-fqf4ze2mfclmx6e7ehrjckznpoqnevmi/lib -Wl -rpath /apps/ault/spack/opt/spack/linux-centos8-zen/gcc-8.4.1/gcc-10.2.0-fqf4ze2mfclmx6e7ehrjckznpoqnevmi/lib64 -Wl -rpath /apps/ault/spack/opt/spack/linux-centos8-zen/gcc-8.4.1/gmp-6.2.1-a4uy3yg5ypry4p44urpwhs64ngc26vtd/lib -Wl -rpath /apps/ault/spack/opt/spack/linux-centos8-zen/gcc-8.4.1/mpfr-4.1.0-ncrm3oi3zq4czkrhtsppakzbathaz7nm/lib -Wl -rpath /apps/ault/spack/opt/spack/linux-centos8-zen/gcc-8.4.1/mpc-1.1.0-6z3raodvxfd6flyau7y4xnubnkohnz5k/lib -Wl -rpath /apps/ault/spack/opt/spack/linux-centos8-zen/gcc-8.4.1/zlib-1.2.11-dif34johfqcbxxhctkbvqxo4uwbhoz4c/lib -Wl -rpath /apps/ault/spack/opt/spack/linux-centos8-zen/gcc-8.4.1/zstd-1.5.0-tdqxudxfvvdg24qqzcthxofjxtwgjv2y/lib64' --with-boot-ldflags='-Wl -rpath /apps/ault/spack/opt/spack/linux-centos8-zen/gcc-8.4.1/gcc-10.2.0-fqf4ze2mfclmx6e7ehrjckznpoqnevmi/lib -Wl -rpath /apps/ault/spack/opt/spack/linux-centos8-zen/gcc-8.4.1/gcc-10.2.0-fqf4ze2mfclmx6e7ehrjckznpoqnevmi/lib64 -Wl -rpath /apps/ault/spack/opt/spack/linux-centos8-zen/gcc-8.4.1/gmp-6.2.1-a4uy3yg5ypry4p44urpwhs64ngc26vtd/lib -Wl -rpath /apps/ault/spack/opt/spack/linux-centos8-zen/gcc-8.4.1/mpfr-4.1.0-ncrm3oi3zq4czkrhtsppakzbathaz7nm/lib -Wl -rpath /apps/ault/spack/opt/spack/linux-centos8-zen/gcc-8.4.1/mpc-1.1.0-6z3raodvxfd6flyau7y4xnubnkohnz5k/lib -Wl -rpath /apps/ault/spack/opt/spack/linux-centos8-zen/gcc-8.4.1/zlib-1.2.11-dif34johfqcbxxhctkbvqxo4uwbhoz4c/lib -Wl -rpath /apps/ault/spack/opt/spack/linux-centos8-zen/gcc-8.4.1/zstd-1.5.0-tdqxudxfvvdg24qqzcthxofjxtwgjv2y/lib64 -static-libstdc++ -static-libgcc']
  ignore line: [Thread model: posix]
  ignore line: [Supported LTO compression algorithms: zlib zstd]
  ignore line: [gcc version 10.2.0 (Spack GCC) ]
  ignore line: [COLLECT_GCC_OPTIONS='-D' 'DACE_SUBST_ENABLE' '-g' '-I' '/scratch/wbenjami/dafy/sdfg_gpu/spack/opt/spack/linux-centos8-zen2/gcc-10.2.0/netcdf-fortran-4.6.0-p7jdeag2groulzasdfqnokx2qiris3zh/include' '-I' '/scratch/wbenjami/dafy/sdfg_gpu/spack/opt/spack/linux-centos8-zen2/gcc-10.2.0/netcdf-c-4.9.2-zynxjqlltpkunevnlaltrm7kfqlwjgpu/include' '-O2' '-std=legacy' '-fopenmp' '-v' '-c' '-o' 'CMakeFiles/cmTC_9935e.dir/OpenMPTryFlag.f90.o' '-mtune=generic' '-march=x86-64' '-pthread']
  ignore line: [ /apps/ault/spack/opt/spack/linux-centos8-zen/gcc-8.4.1/gcc-10.2.0-fqf4ze2mfclmx6e7ehrjckznpoqnevmi/libexec/gcc/x86_64-pc-linux-gnu/10.2.0/f951 /scratch/pmazumde/paper-icon-dace/icon-dace/build/externals/fortran-support/build/CMakeFiles/FindOpenMP/OpenMPTryFlag.f90 -I /scratch/wbenjami/dafy/sdfg_gpu/spack/opt/spack/linux-centos8-zen2/gcc-10.2.0/netcdf-fortran-4.6.0-p7jdeag2groulzasdfqnokx2qiris3zh/include -I /scratch/wbenjami/dafy/sdfg_gpu/spack/opt/spack/linux-centos8-zen2/gcc-10.2.0/netcdf-c-4.9.2-zynxjqlltpkunevnlaltrm7kfqlwjgpu/include -quiet -dumpbase OpenMPTryFlag.f90 -mtune=generic -march=x86-64 -auxbase-strip CMakeFiles/cmTC_9935e.dir/OpenMPTryFlag.f90.o -g -O2 -std=legacy -version -fopenmp -fintrinsic-modules-path /apps/ault/spack/opt/spack/linux-centos8-zen/gcc-8.4.1/gcc-10.2.0-fqf4ze2mfclmx6e7ehrjckznpoqnevmi/lib/gcc/x86_64-pc-linux-gnu/10.2.0/finclude -fpre-include=/usr/include/finclude/math-vector-fortran.h -o /tmp/cczvi0rY.s]
  ignore line: [GNU Fortran (Spack GCC) version 10.2.0 (x86_64-pc-linux-gnu)]
  ignore line: [	compiled by GNU C version 10.2.0  GMP version 6.2.1  MPFR version 4.1.0  MPC version 1.1.0  isl version none]
  ignore line: [GGC heuristics: --param ggc-min-expand=100 --param ggc-min-heapsize=131072]
  ignore line: [GNU Fortran2008 (Spack GCC) version 10.2.0 (x86_64-pc-linux-gnu)]
  ignore line: [	compiled by GNU C version 10.2.0  GMP version 6.2.1  MPFR version 4.1.0  MPC version 1.1.0  isl version none]
  ignore line: [GGC heuristics: --param ggc-min-expand=100 --param ggc-min-heapsize=131072]
  ignore line: [COLLECT_GCC_OPTIONS='-D' 'DACE_SUBST_ENABLE' '-g' '-I' '/scratch/wbenjami/dafy/sdfg_gpu/spack/opt/spack/linux-centos8-zen2/gcc-10.2.0/netcdf-fortran-4.6.0-p7jdeag2groulzasdfqnokx2qiris3zh/include' '-I' '/scratch/wbenjami/dafy/sdfg_gpu/spack/opt/spack/linux-centos8-zen2/gcc-10.2.0/netcdf-c-4.9.2-zynxjqlltpkunevnlaltrm7kfqlwjgpu/include' '-O2' '-std=legacy' '-fopenmp' '-v' '-c' '-o' 'CMakeFiles/cmTC_9935e.dir/OpenMPTryFlag.f90.o' '-mtune=generic' '-march=x86-64' '-pthread']
  ignore line: [ as -v -I /scratch/wbenjami/dafy/sdfg_gpu/spack/opt/spack/linux-centos8-zen2/gcc-10.2.0/netcdf-fortran-4.6.0-p7jdeag2groulzasdfqnokx2qiris3zh/include -I /scratch/wbenjami/dafy/sdfg_gpu/spack/opt/spack/linux-centos8-zen2/gcc-10.2.0/netcdf-c-4.9.2-zynxjqlltpkunevnlaltrm7kfqlwjgpu/include --64 -o CMakeFiles/cmTC_9935e.dir/OpenMPTryFlag.f90.o /tmp/cczvi0rY.s]
  ignore line: [GNU assembler version 2.30 (x86_64-redhat-linux) using BFD version version 2.30-93.el8]
  ignore line: [COMPILER_PATH=/apps/ault/spack/opt/spack/linux-centos8-zen/gcc-8.4.1/gcc-10.2.0-fqf4ze2mfclmx6e7ehrjckznpoqnevmi/libexec/gcc/x86_64-pc-linux-gnu/10.2.0/:/apps/ault/spack/opt/spack/linux-centos8-zen/gcc-8.4.1/gcc-10.2.0-fqf4ze2mfclmx6e7ehrjckznpoqnevmi/libexec/gcc/x86_64-pc-linux-gnu/10.2.0/:/apps/ault/spack/opt/spack/linux-centos8-zen/gcc-8.4.1/gcc-10.2.0-fqf4ze2mfclmx6e7ehrjckznpoqnevmi/libexec/gcc/x86_64-pc-linux-gnu/:/apps/ault/spack/opt/spack/linux-centos8-zen/gcc-8.4.1/gcc-10.2.0-fqf4ze2mfclmx6e7ehrjckznpoqnevmi/lib/gcc/x86_64-pc-linux-gnu/10.2.0/:/apps/ault/spack/opt/spack/linux-centos8-zen/gcc-8.4.1/gcc-10.2.0-fqf4ze2mfclmx6e7ehrjckznpoqnevmi/lib/gcc/x86_64-pc-linux-gnu/]
  ignore line: [LIBRARY_PATH=/apps/ault/spack/opt/spack/linux-centos8-zen/gcc-8.4.1/gcc-10.2.0-fqf4ze2mfclmx6e7ehrjckznpoqnevmi/lib/gcc/x86_64-pc-linux-gnu/10.2.0/:/apps/ault/spack/opt/spack/linux-centos8-zen/gcc-8.4.1/gcc-10.2.0-fqf4ze2mfclmx6e7ehrjckznpoqnevmi/lib/gcc/x86_64-pc-linux-gnu/10.2.0/../../../../lib64/:/lib/../lib64/:/usr/lib/../lib64/:/scratch/wbenjami/dafy/sdfg_gpu/spack/opt/spack/linux-centos8-zen2/gcc-10.2.0/netcdf-fortran-4.6.0-p7jdeag2groulzasdfqnokx2qiris3zh/lib/:/scratch/wbenjami/dafy/sdfg_gpu/spack/opt/spack/linux-centos8-zen2/gcc-10.2.0/netcdf-c-4.9.2-zynxjqlltpkunevnlaltrm7kfqlwjgpu/lib/:/scratch/wbenjami/dafy/sdfg_gpu/spack/opt/spack/linux-centos8-zen2/gcc-10.2.0/openblas-0.3.23-ara3inpfwh3myjbgqpaiqye5qc2b6wnc/lib/:/apps/ault/spack/opt/spack/linux-centos8-zen/gcc-8.4.1/gcc-10.2.0-fqf4ze2mfclmx6e7ehrjckznpoqnevmi/lib/gcc/x86_64-pc-linux-gnu/10.2.0/../../../:/lib/:/usr/lib/]
  ignore line: [COLLECT_GCC_OPTIONS='-D' 'DACE_SUBST_ENABLE' '-g' '-I' '/scratch/wbenjami/dafy/sdfg_gpu/spack/opt/spack/linux-centos8-zen2/gcc-10.2.0/netcdf-fortran-4.6.0-p7jdeag2groulzasdfqnokx2qiris3zh/include' '-I' '/scratch/wbenjami/dafy/sdfg_gpu/spack/opt/spack/linux-centos8-zen2/gcc-10.2.0/netcdf-c-4.9.2-zynxjqlltpkunevnlaltrm7kfqlwjgpu/include' '-O2' '-std=legacy' '-fopenmp' '-v' '-c' '-o' 'CMakeFiles/cmTC_9935e.dir/OpenMPTryFlag.f90.o' '-mtune=generic' '-march=x86-64' '-pthread']
  ignore line: [Linking Fortran executable cmTC_9935e]
  ignore line: [/apps/ault/spack/opt/spack/linux-centos8-zen/gcc-8.4.1/cmake-3.21.3-zt24jfeuemvwweacziyho6ccdsdn2w4s/bin/cmake -E cmake_link_script CMakeFiles/cmTC_9935e.dir/link.txt --verbose=1]
  ignore line: [/apps/ault/spack/opt/spack/linux-centos8-zen/gcc-8.4.1/gcc-10.2.0-fqf4ze2mfclmx6e7ehrjckznpoqnevmi/bin/gfortran -L/scratch/pmazumde/gitspace/icon-artifacts/velocity/integrate_meh  -DDACE_SUBST_ENABLE -g -I/scratch/wbenjami/dafy/sdfg_gpu/spack/opt/spack/linux-centos8-zen2/gcc-10.2.0/netcdf-fortran-4.6.0-p7jdeag2groulzasdfqnokx2qiris3zh/include -I/scratch/wbenjami/dafy/sdfg_gpu/spack/opt/spack/linux-centos8-zen2/gcc-10.2.0/netcdf-c-4.9.2-zynxjqlltpkunevnlaltrm7kfqlwjgpu/include  -O2 -std=legacy -fopenmp -v CMakeFiles/cmTC_9935e.dir/OpenMPTryFlag.f90.o -o cmTC_9935e  -v ]
  ignore line: [Driving: /apps/ault/spack/opt/spack/linux-centos8-zen/gcc-8.4.1/gcc-10.2.0-fqf4ze2mfclmx6e7ehrjckznpoqnevmi/bin/gfortran -L/scratch/pmazumde/gitspace/icon-artifacts/velocity/integrate_meh -DDACE_SUBST_ENABLE -g -I/scratch/wbenjami/dafy/sdfg_gpu/spack/opt/spack/linux-centos8-zen2/gcc-10.2.0/netcdf-fortran-4.6.0-p7jdeag2groulzasdfqnokx2qiris3zh/include -I/scratch/wbenjami/dafy/sdfg_gpu/spack/opt/spack/linux-centos8-zen2/gcc-10.2.0/netcdf-c-4.9.2-zynxjqlltpkunevnlaltrm7kfqlwjgpu/include -O2 -std=legacy -fopenmp -v CMakeFiles/cmTC_9935e.dir/OpenMPTryFlag.f90.o -o cmTC_9935e -v -l gfortran -l m -shared-libgcc]
  ignore line: [Reading specs from /apps/ault/spack/opt/spack/linux-centos8-zen/gcc-8.4.1/gcc-10.2.0-fqf4ze2mfclmx6e7ehrjckznpoqnevmi/lib/gcc/x86_64-pc-linux-gnu/10.2.0/specs]
  ignore line: [COLLECT_GCC=/apps/ault/spack/opt/spack/linux-centos8-zen/gcc-8.4.1/gcc-10.2.0-fqf4ze2mfclmx6e7ehrjckznpoqnevmi/bin/gfortran]
  ignore line: [COLLECT_LTO_WRAPPER=/apps/ault/spack/opt/spack/linux-centos8-zen/gcc-8.4.1/gcc-10.2.0-fqf4ze2mfclmx6e7ehrjckznpoqnevmi/libexec/gcc/x86_64-pc-linux-gnu/10.2.0/lto-wrapper]
  ignore line: [Target: x86_64-pc-linux-gnu]
  ignore line: [Configured with: /tmp/kleinm/spack-stage/spack-stage-gcc-10.2.0-fqf4ze2mfclmx6e7ehrjckznpoqnevmi/spack-src/configure --prefix=/apps/ault/spack/opt/spack/linux-centos8-zen/gcc-8.4.1/gcc-10.2.0-fqf4ze2mfclmx6e7ehrjckznpoqnevmi --with-pkgversion='Spack GCC' --with-bugurl=https://github.com/spack/spack/issues --disable-multilib --enable-languages=c c++ fortran --disable-nls --with-system-zlib --with-zstd-include=/apps/ault/spack/opt/spack/linux-centos8-zen/gcc-8.4.1/zstd-1.5.0-tdqxudxfvvdg24qqzcthxofjxtwgjv2y/include --with-zstd-lib=/apps/ault/spack/opt/spack/linux-centos8-zen/gcc-8.4.1/zstd-1.5.0-tdqxudxfvvdg24qqzcthxofjxtwgjv2y/lib64 --enable-bootstrap --with-mpfr-include=/apps/ault/spack/opt/spack/linux-centos8-zen/gcc-8.4.1/mpfr-4.1.0-ncrm3oi3zq4czkrhtsppakzbathaz7nm/include --with-mpfr-lib=/apps/ault/spack/opt/spack/linux-centos8-zen/gcc-8.4.1/mpfr-4.1.0-ncrm3oi3zq4czkrhtsppakzbathaz7nm/lib --with-gmp-include=/apps/ault/spack/opt/spack/linux-centos8-zen/gcc-8.4.1/gmp-6.2.1-a4uy3yg5ypry4p44urpwhs64ngc26vtd/include --with-gmp-lib=/apps/ault/spack/opt/spack/linux-centos8-zen/gcc-8.4.1/gmp-6.2.1-a4uy3yg5ypry4p44urpwhs64ngc26vtd/lib --with-mpc-include=/apps/ault/spack/opt/spack/linux-centos8-zen/gcc-8.4.1/mpc-1.1.0-6z3raodvxfd6flyau7y4xnubnkohnz5k/include --with-mpc-lib=/apps/ault/spack/opt/spack/linux-centos8-zen/gcc-8.4.1/mpc-1.1.0-6z3raodvxfd6flyau7y4xnubnkohnz5k/lib --without-isl --with-stage1-ldflags='-Wl -rpath /apps/ault/spack/opt/spack/linux-centos8-zen/gcc-8.4.1/gcc-10.2.0-fqf4ze2mfclmx6e7ehrjckznpoqnevmi/lib -Wl -rpath /apps/ault/spack/opt/spack/linux-centos8-zen/gcc-8.4.1/gcc-10.2.0-fqf4ze2mfclmx6e7ehrjckznpoqnevmi/lib64 -Wl -rpath /apps/ault/spack/opt/spack/linux-centos8-zen/gcc-8.4.1/gmp-6.2.1-a4uy3yg5ypry4p44urpwhs64ngc26vtd/lib -Wl -rpath /apps/ault/spack/opt/spack/linux-centos8-zen/gcc-8.4.1/mpfr-4.1.0-ncrm3oi3zq4czkrhtsppakzbathaz7nm/lib -Wl -rpath /apps/ault/spack/opt/spack/linux-centos8-zen/gcc-8.4.1/mpc-1.1.0-6z3raodvxfd6flyau7y4xnubnkohnz5k/lib -Wl -rpath /apps/ault/spack/opt/spack/linux-centos8-zen/gcc-8.4.1/zlib-1.2.11-dif34johfqcbxxhctkbvqxo4uwbhoz4c/lib -Wl -rpath /apps/ault/spack/opt/spack/linux-centos8-zen/gcc-8.4.1/zstd-1.5.0-tdqxudxfvvdg24qqzcthxofjxtwgjv2y/lib64' --with-boot-ldflags='-Wl -rpath /apps/ault/spack/opt/spack/linux-centos8-zen/gcc-8.4.1/gcc-10.2.0-fqf4ze2mfclmx6e7ehrjckznpoqnevmi/lib -Wl -rpath /apps/ault/spack/opt/spack/linux-centos8-zen/gcc-8.4.1/gcc-10.2.0-fqf4ze2mfclmx6e7ehrjckznpoqnevmi/lib64 -Wl -rpath /apps/ault/spack/opt/spack/linux-centos8-zen/gcc-8.4.1/gmp-6.2.1-a4uy3yg5ypry4p44urpwhs64ngc26vtd/lib -Wl -rpath /apps/ault/spack/opt/spack/linux-centos8-zen/gcc-8.4.1/mpfr-4.1.0-ncrm3oi3zq4czkrhtsppakzbathaz7nm/lib -Wl -rpath /apps/ault/spack/opt/spack/linux-centos8-zen/gcc-8.4.1/mpc-1.1.0-6z3raodvxfd6flyau7y4xnubnkohnz5k/lib -Wl -rpath /apps/ault/spack/opt/spack/linux-centos8-zen/gcc-8.4.1/zlib-1.2.11-dif34johfqcbxxhctkbvqxo4uwbhoz4c/lib -Wl -rpath /apps/ault/spack/opt/spack/linux-centos8-zen/gcc-8.4.1/zstd-1.5.0-tdqxudxfvvdg24qqzcthxofjxtwgjv2y/lib64 -static-libstdc++ -static-libgcc']
  ignore line: [Thread model: posix]
  ignore line: [Supported LTO compression algorithms: zlib zstd]
  ignore line: [gcc version 10.2.0 (Spack GCC) ]
  ignore line: [Reading specs from /apps/ault/spack/opt/spack/linux-centos8-zen/gcc-8.4.1/gcc-10.2.0-fqf4ze2mfclmx6e7ehrjckznpoqnevmi/lib/gcc/x86_64-pc-linux-gnu/10.2.0/../../../../lib64/libgfortran.spec]
  ignore line: [rename spec lib to liborig]
  ignore line: [COLLECT_GCC_OPTIONS='-L/scratch/pmazumde/gitspace/icon-artifacts/velocity/integrate_meh' '-D' 'DACE_SUBST_ENABLE' '-g' '-I' '/scratch/wbenjami/dafy/sdfg_gpu/spack/opt/spack/linux-centos8-zen2/gcc-10.2.0/netcdf-fortran-4.6.0-p7jdeag2groulzasdfqnokx2qiris3zh/include' '-I' '/scratch/wbenjami/dafy/sdfg_gpu/spack/opt/spack/linux-centos8-zen2/gcc-10.2.0/netcdf-c-4.9.2-zynxjqlltpkunevnlaltrm7kfqlwjgpu/include' '-O2' '-std=legacy' '-fopenmp' '-v' '-o' 'cmTC_9935e' '-v' '-shared-libgcc' '-mtune=generic' '-march=x86-64' '-pthread']
  ignore line: [COMPILER_PATH=/apps/ault/spack/opt/spack/linux-centos8-zen/gcc-8.4.1/gcc-10.2.0-fqf4ze2mfclmx6e7ehrjckznpoqnevmi/libexec/gcc/x86_64-pc-linux-gnu/10.2.0/:/apps/ault/spack/opt/spack/linux-centos8-zen/gcc-8.4.1/gcc-10.2.0-fqf4ze2mfclmx6e7ehrjckznpoqnevmi/libexec/gcc/x86_64-pc-linux-gnu/10.2.0/:/apps/ault/spack/opt/spack/linux-centos8-zen/gcc-8.4.1/gcc-10.2.0-fqf4ze2mfclmx6e7ehrjckznpoqnevmi/libexec/gcc/x86_64-pc-linux-gnu/:/apps/ault/spack/opt/spack/linux-centos8-zen/gcc-8.4.1/gcc-10.2.0-fqf4ze2mfclmx6e7ehrjckznpoqnevmi/lib/gcc/x86_64-pc-linux-gnu/10.2.0/:/apps/ault/spack/opt/spack/linux-centos8-zen/gcc-8.4.1/gcc-10.2.0-fqf4ze2mfclmx6e7ehrjckznpoqnevmi/lib/gcc/x86_64-pc-linux-gnu/]
  ignore line: [LIBRARY_PATH=/apps/ault/spack/opt/spack/linux-centos8-zen/gcc-8.4.1/gcc-10.2.0-fqf4ze2mfclmx6e7ehrjckznpoqnevmi/lib/gcc/x86_64-pc-linux-gnu/10.2.0/:/apps/ault/spack/opt/spack/linux-centos8-zen/gcc-8.4.1/gcc-10.2.0-fqf4ze2mfclmx6e7ehrjckznpoqnevmi/lib/gcc/x86_64-pc-linux-gnu/10.2.0/../../../../lib64/:/lib/../lib64/:/usr/lib/../lib64/:/scratch/wbenjami/dafy/sdfg_gpu/spack/opt/spack/linux-centos8-zen2/gcc-10.2.0/netcdf-fortran-4.6.0-p7jdeag2groulzasdfqnokx2qiris3zh/lib/:/scratch/wbenjami/dafy/sdfg_gpu/spack/opt/spack/linux-centos8-zen2/gcc-10.2.0/netcdf-c-4.9.2-zynxjqlltpkunevnlaltrm7kfqlwjgpu/lib/:/scratch/wbenjami/dafy/sdfg_gpu/spack/opt/spack/linux-centos8-zen2/gcc-10.2.0/openblas-0.3.23-ara3inpfwh3myjbgqpaiqye5qc2b6wnc/lib/:/apps/ault/spack/opt/spack/linux-centos8-zen/gcc-8.4.1/gcc-10.2.0-fqf4ze2mfclmx6e7ehrjckznpoqnevmi/lib/gcc/x86_64-pc-linux-gnu/10.2.0/../../../:/lib/:/usr/lib/]
  ignore line: [Reading specs from /apps/ault/spack/opt/spack/linux-centos8-zen/gcc-8.4.1/gcc-10.2.0-fqf4ze2mfclmx6e7ehrjckznpoqnevmi/lib/gcc/x86_64-pc-linux-gnu/10.2.0/../../../../lib64/libgomp.spec]
  ignore line: [COLLECT_GCC_OPTIONS='-L/scratch/pmazumde/gitspace/icon-artifacts/velocity/integrate_meh' '-D' 'DACE_SUBST_ENABLE' '-g' '-I' '/scratch/wbenjami/dafy/sdfg_gpu/spack/opt/spack/linux-centos8-zen2/gcc-10.2.0/netcdf-fortran-4.6.0-p7jdeag2groulzasdfqnokx2qiris3zh/include' '-I' '/scratch/wbenjami/dafy/sdfg_gpu/spack/opt/spack/linux-centos8-zen2/gcc-10.2.0/netcdf-c-4.9.2-zynxjqlltpkunevnlaltrm7kfqlwjgpu/include' '-O2' '-std=legacy' '-fopenmp' '-v' '-o' 'cmTC_9935e' '-v' '-shared-libgcc' '-mtune=generic' '-march=x86-64' '-pthread']
  link line: [ /apps/ault/spack/opt/spack/linux-centos8-zen/gcc-8.4.1/gcc-10.2.0-fqf4ze2mfclmx6e7ehrjckznpoqnevmi/libexec/gcc/x86_64-pc-linux-gnu/10.2.0/collect2 -plugin /apps/ault/spack/opt/spack/linux-centos8-zen/gcc-8.4.1/gcc-10.2.0-fqf4ze2mfclmx6e7ehrjckznpoqnevmi/libexec/gcc/x86_64-pc-linux-gnu/10.2.0/liblto_plugin.so -plugin-opt=/apps/ault/spack/opt/spack/linux-centos8-zen/gcc-8.4.1/gcc-10.2.0-fqf4ze2mfclmx6e7ehrjckznpoqnevmi/libexec/gcc/x86_64-pc-linux-gnu/10.2.0/lto-wrapper -plugin-opt=-fresolution=/tmp/cc81SaUA.res -plugin-opt=-pass-through=-lgcc_s -plugin-opt=-pass-through=-lgcc -plugin-opt=-pass-through=-lquadmath -plugin-opt=-pass-through=-lm -plugin-opt=-pass-through=-lgcc_s -plugin-opt=-pass-through=-lgcc -plugin-opt=-pass-through=-lpthread -plugin-opt=-pass-through=-lc -plugin-opt=-pass-through=-lgcc_s -plugin-opt=-pass-through=-lgcc -rpath /apps/ault/spack/opt/spack/linux-centos8-zen/gcc-8.4.1/gcc-10.2.0-fqf4ze2mfclmx6e7ehrjckznpoqnevmi/lib:/apps/ault/spack/opt/spack/linux-centos8-zen/gcc-8.4.1/gcc-10.2.0-fqf4ze2mfclmx6e7ehrjckznpoqnevmi/lib64 --eh-frame-hdr -m elf_x86_64 -dynamic-linker /lib64/ld-linux-x86-64.so.2 -o cmTC_9935e /lib/../lib64/crt1.o /lib/../lib64/crti.o /apps/ault/spack/opt/spack/linux-centos8-zen/gcc-8.4.1/gcc-10.2.0-fqf4ze2mfclmx6e7ehrjckznpoqnevmi/lib/gcc/x86_64-pc-linux-gnu/10.2.0/crtbegin.o -L/scratch/pmazumde/gitspace/icon-artifacts/velocity/integrate_meh -L/apps/ault/spack/opt/spack/linux-centos8-zen/gcc-8.4.1/gcc-10.2.0-fqf4ze2mfclmx6e7ehrjckznpoqnevmi/lib/gcc/x86_64-pc-linux-gnu/10.2.0 -L/apps/ault/spack/opt/spack/linux-centos8-zen/gcc-8.4.1/gcc-10.2.0-fqf4ze2mfclmx6e7ehrjckznpoqnevmi/lib/gcc/x86_64-pc-linux-gnu/10.2.0/../../../../lib64 -L/lib/../lib64 -L/usr/lib/../lib64 -L/scratch/wbenjami/dafy/sdfg_gpu/spack/opt/spack/linux-centos8-zen2/gcc-10.2.0/netcdf-fortran-4.6.0-p7jdeag2groulzasdfqnokx2qiris3zh/lib -L/scratch/wbenjami/dafy/sdfg_gpu/spack/opt/spack/linux-centos8-zen2/gcc-10.2.0/netcdf-c-4.9.2-zynxjqlltpkunevnlaltrm7kfqlwjgpu/lib -L/scratch/wbenjami/dafy/sdfg_gpu/spack/opt/spack/linux-centos8-zen2/gcc-10.2.0/openblas-0.3.23-ara3inpfwh3myjbgqpaiqye5qc2b6wnc/lib -L/apps/ault/spack/opt/spack/linux-centos8-zen/gcc-8.4.1/gcc-10.2.0-fqf4ze2mfclmx6e7ehrjckznpoqnevmi/lib/gcc/x86_64-pc-linux-gnu/10.2.0/../../.. CMakeFiles/cmTC_9935e.dir/OpenMPTryFlag.f90.o -lgfortran -lm -lgomp -lgcc_s -lgcc -lquadmath -lm -lgcc_s -lgcc -lpthread -lc -lgcc_s -lgcc /apps/ault/spack/opt/spack/linux-centos8-zen/gcc-8.4.1/gcc-10.2.0-fqf4ze2mfclmx6e7ehrjckznpoqnevmi/lib/gcc/x86_64-pc-linux-gnu/10.2.0/crtend.o /lib/../lib64/crtn.o]
    arg [/apps/ault/spack/opt/spack/linux-centos8-zen/gcc-8.4.1/gcc-10.2.0-fqf4ze2mfclmx6e7ehrjckznpoqnevmi/libexec/gcc/x86_64-pc-linux-gnu/10.2.0/collect2] ==> ignore
    arg [-plugin] ==> ignore
    arg [/apps/ault/spack/opt/spack/linux-centos8-zen/gcc-8.4.1/gcc-10.2.0-fqf4ze2mfclmx6e7ehrjckznpoqnevmi/libexec/gcc/x86_64-pc-linux-gnu/10.2.0/liblto_plugin.so] ==> ignore
    arg [-plugin-opt=/apps/ault/spack/opt/spack/linux-centos8-zen/gcc-8.4.1/gcc-10.2.0-fqf4ze2mfclmx6e7ehrjckznpoqnevmi/libexec/gcc/x86_64-pc-linux-gnu/10.2.0/lto-wrapper] ==> ignore
    arg [-plugin-opt=-fresolution=/tmp/cc81SaUA.res] ==> ignore
    arg [-plugin-opt=-pass-through=-lgcc_s] ==> ignore
    arg [-plugin-opt=-pass-through=-lgcc] ==> ignore
    arg [-plugin-opt=-pass-through=-lquadmath] ==> ignore
    arg [-plugin-opt=-pass-through=-lm] ==> ignore
    arg [-plugin-opt=-pass-through=-lgcc_s] ==> ignore
    arg [-plugin-opt=-pass-through=-lgcc] ==> ignore
    arg [-plugin-opt=-pass-through=-lpthread] ==> ignore
    arg [-plugin-opt=-pass-through=-lc] ==> ignore
    arg [-plugin-opt=-pass-through=-lgcc_s] ==> ignore
    arg [-plugin-opt=-pass-through=-lgcc] ==> ignore
    arg [-rpath] ==> ignore
    arg [/apps/ault/spack/opt/spack/linux-centos8-zen/gcc-8.4.1/gcc-10.2.0-fqf4ze2mfclmx6e7ehrjckznpoqnevmi/lib:/apps/ault/spack/opt/spack/linux-centos8-zen/gcc-8.4.1/gcc-10.2.0-fqf4ze2mfclmx6e7ehrjckznpoqnevmi/lib64] ==> ignore
    arg [--eh-frame-hdr] ==> ignore
    arg [-m] ==> ignore
    arg [elf_x86_64] ==> ignore
    arg [-dynamic-linker] ==> ignore
    arg [/lib64/ld-linux-x86-64.so.2] ==> ignore
    arg [-o] ==> ignore
    arg [cmTC_9935e] ==> ignore
    arg [-L/scratch/pmazumde/gitspace/icon-artifacts/velocity/integrate_meh] ==> dir [/scratch/pmazumde/gitspace/icon-artifacts/velocity/integrate_meh]
    arg [-L/apps/ault/spack/opt/spack/linux-centos8-zen/gcc-8.4.1/gcc-10.2.0-fqf4ze2mfclmx6e7ehrjckznpoqnevmi/lib/gcc/x86_64-pc-linux-gnu/10.2.0] ==> dir [/apps/ault/spack/opt/spack/linux-centos8-zen/gcc-8.4.1/gcc-10.2.0-fqf4ze2mfclmx6e7ehrjckznpoqnevmi/lib/gcc/x86_64-pc-linux-gnu/10.2.0]
    arg [-L/apps/ault/spack/opt/spack/linux-centos8-zen/gcc-8.4.1/gcc-10.2.0-fqf4ze2mfclmx6e7ehrjckznpoqnevmi/lib/gcc/x86_64-pc-linux-gnu/10.2.0/../../../../lib64] ==> dir [/apps/ault/spack/opt/spack/linux-centos8-zen/gcc-8.4.1/gcc-10.2.0-fqf4ze2mfclmx6e7ehrjckznpoqnevmi/lib/gcc/x86_64-pc-linux-gnu/10.2.0/../../../../lib64]
    arg [-L/lib/../lib64] ==> dir [/lib/../lib64]
    arg [-L/usr/lib/../lib64] ==> dir [/usr/lib/../lib64]
    arg [-L/scratch/wbenjami/dafy/sdfg_gpu/spack/opt/spack/linux-centos8-zen2/gcc-10.2.0/netcdf-fortran-4.6.0-p7jdeag2groulzasdfqnokx2qiris3zh/lib] ==> dir [/scratch/wbenjami/dafy/sdfg_gpu/spack/opt/spack/linux-centos8-zen2/gcc-10.2.0/netcdf-fortran-4.6.0-p7jdeag2groulzasdfqnokx2qiris3zh/lib]
    arg [-L/scratch/wbenjami/dafy/sdfg_gpu/spack/opt/spack/linux-centos8-zen2/gcc-10.2.0/netcdf-c-4.9.2-zynxjqlltpkunevnlaltrm7kfqlwjgpu/lib] ==> dir [/scratch/wbenjami/dafy/sdfg_gpu/spack/opt/spack/linux-centos8-zen2/gcc-10.2.0/netcdf-c-4.9.2-zynxjqlltpkunevnlaltrm7kfqlwjgpu/lib]
    arg [-L/scratch/wbenjami/dafy/sdfg_gpu/spack/opt/spack/linux-centos8-zen2/gcc-10.2.0/openblas-0.3.23-ara3inpfwh3myjbgqpaiqye5qc2b6wnc/lib] ==> dir [/scratch/wbenjami/dafy/sdfg_gpu/spack/opt/spack/linux-centos8-zen2/gcc-10.2.0/openblas-0.3.23-ara3inpfwh3myjbgqpaiqye5qc2b6wnc/lib]
    arg [-L/apps/ault/spack/opt/spack/linux-centos8-zen/gcc-8.4.1/gcc-10.2.0-fqf4ze2mfclmx6e7ehrjckznpoqnevmi/lib/gcc/x86_64-pc-linux-gnu/10.2.0/../../..] ==> dir [/apps/ault/spack/opt/spack/linux-centos8-zen/gcc-8.4.1/gcc-10.2.0-fqf4ze2mfclmx6e7ehrjckznpoqnevmi/lib/gcc/x86_64-pc-linux-gnu/10.2.0/../../..]
    arg [CMakeFiles/cmTC_9935e.dir/OpenMPTryFlag.f90.o] ==> ignore
    arg [-lgfortran] ==> lib [gfortran]
    arg [-lm] ==> lib [m]
    arg [-lgomp] ==> lib [gomp]
    arg [-lgcc_s] ==> lib [gcc_s]
    arg [-lgcc] ==> lib [gcc]
    arg [-lquadmath] ==> lib [quadmath]
    arg [-lm] ==> lib [m]
    arg [-lgcc_s] ==> lib [gcc_s]
    arg [-lgcc] ==> lib [gcc]
    arg [-lpthread] ==> lib [pthread]
    arg [-lc] ==> lib [c]
    arg [-lgcc_s] ==> lib [gcc_s]
    arg [-lgcc] ==> lib [gcc]
  collapse library dir [/scratch/pmazumde/gitspace/icon-artifacts/velocity/integrate_meh] ==> [/scratch/pmazumde/gitspace/icon-artifacts/velocity/integrate_meh]
  collapse library dir [/apps/ault/spack/opt/spack/linux-centos8-zen/gcc-8.4.1/gcc-10.2.0-fqf4ze2mfclmx6e7ehrjckznpoqnevmi/lib/gcc/x86_64-pc-linux-gnu/10.2.0] ==> [/apps/ault/spack/opt/spack/linux-centos8-zen/gcc-8.4.1/gcc-10.2.0-fqf4ze2mfclmx6e7ehrjckznpoqnevmi/lib/gcc/x86_64-pc-linux-gnu/10.2.0]
  collapse library dir [/apps/ault/spack/opt/spack/linux-centos8-zen/gcc-8.4.1/gcc-10.2.0-fqf4ze2mfclmx6e7ehrjckznpoqnevmi/lib/gcc/x86_64-pc-linux-gnu/10.2.0/../../../../lib64] ==> [/apps/ault/spack/opt/spack/linux-centos8-zen/gcc-8.4.1/gcc-10.2.0-fqf4ze2mfclmx6e7ehrjckznpoqnevmi/lib64]
  collapse library dir [/lib/../lib64] ==> [/lib64]
  collapse library dir [/usr/lib/../lib64] ==> [/usr/lib64]
  collapse library dir [/scratch/wbenjami/dafy/sdfg_gpu/spack/opt/spack/linux-centos8-zen2/gcc-10.2.0/netcdf-fortran-4.6.0-p7jdeag2groulzasdfqnokx2qiris3zh/lib] ==> [/scratch/wbenjami/dafy/sdfg_gpu/spack/opt/spack/linux-centos8-zen2/gcc-10.2.0/netcdf-fortran-4.6.0-p7jdeag2groulzasdfqnokx2qiris3zh/lib]
  collapse library dir [/scratch/wbenjami/dafy/sdfg_gpu/spack/opt/spack/linux-centos8-zen2/gcc-10.2.0/netcdf-c-4.9.2-zynxjqlltpkunevnlaltrm7kfqlwjgpu/lib] ==> [/scratch/wbenjami/dafy/sdfg_gpu/spack/opt/spack/linux-centos8-zen2/gcc-10.2.0/netcdf-c-4.9.2-zynxjqlltpkunevnlaltrm7kfqlwjgpu/lib]
  collapse library dir [/scratch/wbenjami/dafy/sdfg_gpu/spack/opt/spack/linux-centos8-zen2/gcc-10.2.0/openblas-0.3.23-ara3inpfwh3myjbgqpaiqye5qc2b6wnc/lib] ==> [/scratch/wbenjami/dafy/sdfg_gpu/spack/opt/spack/linux-centos8-zen2/gcc-10.2.0/openblas-0.3.23-ara3inpfwh3myjbgqpaiqye5qc2b6wnc/lib]
  collapse library dir [/apps/ault/spack/opt/spack/linux-centos8-zen/gcc-8.4.1/gcc-10.2.0-fqf4ze2mfclmx6e7ehrjckznpoqnevmi/lib/gcc/x86_64-pc-linux-gnu/10.2.0/../../..] ==> [/apps/ault/spack/opt/spack/linux-centos8-zen/gcc-8.4.1/gcc-10.2.0-fqf4ze2mfclmx6e7ehrjckznpoqnevmi/lib]
  implicit libs: [gfortran;m;gomp;gcc_s;gcc;quadmath;m;gcc_s;gcc;pthread;c;gcc_s;gcc]
  implicit objs: []
  implicit dirs: [/scratch/pmazumde/gitspace/icon-artifacts/velocity/integrate_meh;/apps/ault/spack/opt/spack/linux-centos8-zen/gcc-8.4.1/gcc-10.2.0-fqf4ze2mfclmx6e7ehrjckznpoqnevmi/lib/gcc/x86_64-pc-linux-gnu/10.2.0;/apps/ault/spack/opt/spack/linux-centos8-zen/gcc-8.4.1/gcc-10.2.0-fqf4ze2mfclmx6e7ehrjckznpoqnevmi/lib64;/lib64;/usr/lib64;/scratch/wbenjami/dafy/sdfg_gpu/spack/opt/spack/linux-centos8-zen2/gcc-10.2.0/netcdf-fortran-4.6.0-p7jdeag2groulzasdfqnokx2qiris3zh/lib;/scratch/wbenjami/dafy/sdfg_gpu/spack/opt/spack/linux-centos8-zen2/gcc-10.2.0/netcdf-c-4.9.2-zynxjqlltpkunevnlaltrm7kfqlwjgpu/lib;/scratch/wbenjami/dafy/sdfg_gpu/spack/opt/spack/linux-centos8-zen2/gcc-10.2.0/openblas-0.3.23-ara3inpfwh3myjbgqpaiqye5qc2b6wnc/lib;/apps/ault/spack/opt/spack/linux-centos8-zen/gcc-8.4.1/gcc-10.2.0-fqf4ze2mfclmx6e7ehrjckznpoqnevmi/lib]
  implicit fwks: []


